scenario,n_cores,cpus,loads,mode,offload_m,feasible,p,major_cpus,minor_cpus,clipped_layers,max_rate,estimated_total_ms,estimated_full_local_ms,estimated_speedup,rates_file,timeouts_file
2c_balanced_mid,2,"60,61","50,50",baseline_no_svd,28,True,0,,,0,0.0,87.0193,87.0193,1.0,src/llama.cpp/exp12_algorithms/results/scheduler_quality_first_major_only_9scenes_20260504_r1/2c_balanced_mid.rates.txt,src/llama.cpp/exp12_algorithms/results/scheduler_quality_first_major_only_9scenes_20260504_r1/2c_balanced_mid.timeouts.txt
2c_asym_low_high,2,"60,61","20,80",baseline_no_svd,28,True,0,,,0,0.0,85.77285,85.77285,1.0,src/llama.cpp/exp12_algorithms/results/scheduler_quality_first_major_only_9scenes_20260504_r1/2c_asym_low_high.rates.txt,src/llama.cpp/exp12_algorithms/results/scheduler_quality_first_major_only_9scenes_20260504_r1/2c_asym_low_high.timeouts.txt
2c_idle_saturated,2,"60,61","0,100",major_only_no_svd,28,True,1,60,61,0,0.0,156.52444500000001,265.177247,1.6941586791762782,src/llama.cpp/exp12_algorithms/results/scheduler_quality_first_major_only_9scenes_20260504_r1/2c_idle_saturated.rates.txt,src/llama.cpp/exp12_algorithms/results/scheduler_quality_first_major_only_9scenes_20260504_r1/2c_idle_saturated.timeouts.txt
2c_high,2,"60,61","80,100",baseline_no_svd,28,True,0,,,0,0.0,89.250914,89.250914,1.0,src/llama.cpp/exp12_algorithms/results/scheduler_quality_first_major_only_9scenes_20260504_r1/2c_high.rates.txt,src/llama.cpp/exp12_algorithms/results/scheduler_quality_first_major_only_9scenes_20260504_r1/2c_high.timeouts.txt
4c_balanced_high,4,"60,61,62,63","20,40,60,80",baseline_no_svd,28,True,0,,,0,0.0,51.899573,51.899573,1.0,src/llama.cpp/exp12_algorithms/results/scheduler_quality_first_major_only_9scenes_20260504_r1/4c_balanced_high.rates.txt,src/llama.cpp/exp12_algorithms/results/scheduler_quality_first_major_only_9scenes_20260504_r1/4c_balanced_high.timeouts.txt
4c_front_hot,4,"60,61,62,63","90,70,20,0",baseline_no_svd,28,True,0,,,0,0.0,59.110086,59.110086,1.0,src/llama.cpp/exp12_algorithms/results/scheduler_quality_first_major_only_9scenes_20260504_r1/4c_front_hot.rates.txt,src/llama.cpp/exp12_algorithms/results/scheduler_quality_first_major_only_9scenes_20260504_r1/4c_front_hot.timeouts.txt
4c_gradient,4,"60,61,62,63","0,20,60,100",major_only_no_svd,28,True,3,"60,61,62",63,0,0.0,64.34054161867935,410.969804,6.387415984709199,src/llama.cpp/exp12_algorithms/results/scheduler_quality_first_major_only_9scenes_20260504_r1/4c_gradient.rates.txt,src/llama.cpp/exp12_algorithms/results/scheduler_quality_first_major_only_9scenes_20260504_r1/4c_gradient.timeouts.txt
4c_high,4,"60,61,62,63","70,80,90,100",baseline_no_svd,28,True,0,,,0,0.0,68.51391,68.51391,1.0,src/llama.cpp/exp12_algorithms/results/scheduler_quality_first_major_only_9scenes_20260504_r1/4c_high.rates.txt,src/llama.cpp/exp12_algorithms/results/scheduler_quality_first_major_only_9scenes_20260504_r1/4c_high.timeouts.txt
8c_high,8,"60,61,62,63,64,65,66,67","30,40,50,60,70,80,90,100",major_only_no_svd,28,True,7,"60,61,62,63,64,65,66",67,0,0.0,40.73087481772934,45.053686,1.1061310664603998,src/llama.cpp/exp12_algorithms/results/scheduler_quality_first_major_only_9scenes_20260504_r1/8c_high.rates.txt,src/llama.cpp/exp12_algorithms/results/scheduler_quality_first_major_only_9scenes_20260504_r1/8c_high.timeouts.txt
