scenario,repeat,policy,detail,status,cpus,loads,workers,method,rt_prio,decode_tok_s,generation_decode_ms,elapsed_s,output_tail
8c_adv_01,0,baseline_no_svd,"60,61,62,63,64,65,66,67",ok,"60,61,62,63,64,65,66,67","20,20,30,30,90,90,100,100","1,1,1,1,2,2,2,2",matrixprod,"0,0,0,0,0,0,0,0",26.9846,1185.86,9.029875993728638,"llama_context: graph splits = 1
attach_threadpool: call
threads: decode=8 batch=8
prompt tokens: 4
running one forward pass (llama_decode) ...
Top-5 next-token candidates:
  id=11 logit=21.0211 piece="",""
  id=3837 logit=19.3304 piece=""，""
  id=1052 logit=19.1368 piece="" there""
  id=304 logit=19.024 piece="" in""
  id=264 logit=18.1601 piece="" a""
Autoregressive generation:
Generated text: , there was a little girl named Lily. She lived in a small village with her family. One day, Lily's mom told her about a magical forest that
Decode-only throughput: 26.9846 tokens/s (32 tokens in 1.18586 s of llama_decode)
End-to-end throughput: 26.7244 tokens/s (32 tokens in 1.19741 s)
[decode-stage-profile] model_load=945.596 ms context_create=61.4213 ms tokenize=0.491999 ms prefill_decode=6611.77 ms generation_decode=1185.86 ms generation_total=1197.41 ms program_total=8834.01 ms
[svd-local-op-profile] up_ops=0 gate_ops=0 down_ops=0 up_total=0.000 ms gate_total=0.000 ms down_total=0.000 ms up_v=0.000 ms gate_v=0.000 ms down_v=0.000 ms up_u=0.000 ms gate_u=0.000 ms down_u=0.000 ms
[svd-local-stage-profile] attention_total=1118.692 ms ffn_total=1479.853 ms ffn_svd_total=0.000 ms ffn_svd_v=0.000 ms ffn_svd_u=0.000 ms
[svd-offload-zero-profile] up_finish=0 up_cache=0 up_no_request=0 gate_finish=0 gate_cache=0 gate_no_request=0 down_finish=0 down_cache=0 down_no_request=0 other_finish=0 other_cache=0 other_no_request=0
[svd-local-timeout-profile] up_keep=0 up_drop=0 up_wait=0.000 ms gate_keep=0 gate_drop=0 gate_wait=0.000 ms down_keep=0 down_drop=0 down_wait=0.000 ms other_keep=0 other_drop=0 other_wait=0.000 ms
[svd-offload-client] up_gate_req=0 down_req=0 other_mat_req=0 ffn_req=0 gate_cache_hits=0 gate_cache_checks=0 miss_invalid=0 miss_layer=0 miss_rank=0 miss_hash=0 miss_output=0 miss_data=0 send_up_gate=0.000 ms send_down=0.000 ms send_other=0.000 ms send_ffn=0.000 ms wait_up_gate=0.000 ms wait_down=0.000 ms wait_other=0.000 ms wait_ffn=0.000 ms
[svd-offload-client-stage-profile] rpc_send_total=0.000 ms rpc_wait_total=0.000 ms
[svd-offload-client-debug] finish_fail_up_gate=0 finish_fail_down=0 finish_fail_other=0 finish_fail_ffn=0 cache_take_fail_up=0 cache_take_fail_gate=0 recv_up_sum_abs=0.000000e+00 recv_up_max_abs=0.000000e+00 recv_up_zero=0 recv_gate_sum_abs=0.000000e+00 recv_gate_max_abs=0.000000e+00 recv_gate_zero=0 recv_down_sum_abs=0.000000e+00 recv_down_max_abs=0.000000e+00 recv_down_zero=0 recv_other_sum_abs=0.000000e+00 recv_other_max_abs=0.000000e+00 recv_other_zero=0 recv_ffn_sum_abs=0.000000e+00 recv_ffn_max_abs=0.000000e+00 recv_ffn_zero=0
SUCCEED (one forward pass done)"
8c_adv_01,0,major_only_no_svd,p=1;major=60,ok,"60,61,62,63,64,65,66,67","20,20,30,30,90,90,100,100","1,1,1,1,2,2,2,2",matrixprod,"0,0,0,0,0,0,0,0",6.9567,4599.88,5.958176612854004,"llama_context: graph splits = 1
attach_threadpool: call
threads: decode=1 batch=1
prompt tokens: 4
running one forward pass (llama_decode) ...
Top-5 next-token candidates:
  id=11 logit=21.0211 piece="",""
  id=3837 logit=19.3304 piece=""，""
  id=1052 logit=19.1368 piece="" there""
  id=304 logit=19.024 piece="" in""
  id=264 logit=18.1601 piece="" a""
Autoregressive generation:
Generated text: , there was a little girl named Lily. She lived in a small village with her family. One day, Lily's mom told her about a magical forest that
Decode-only throughput: 6.9567 tokens/s (32 tokens in 4.59988 s of llama_decode)
End-to-end throughput: 6.93993 tokens/s (32 tokens in 4.611 s)
[decode-stage-profile] model_load=926.963 ms context_create=59.3976 ms tokenize=0.49487 ms prefill_decode=175.28 ms generation_decode=4599.88 ms generation_total=4611 ms program_total=5788.73 ms
[svd-local-op-profile] up_ops=0 gate_ops=0 down_ops=0 up_total=0.000 ms gate_total=0.000 ms down_total=0.000 ms up_v=0.000 ms gate_v=0.000 ms down_v=0.000 ms up_u=0.000 ms gate_u=0.000 ms down_u=0.000 ms
[svd-local-stage-profile] attention_total=42.688 ms ffn_total=3350.904 ms ffn_svd_total=0.000 ms ffn_svd_v=0.000 ms ffn_svd_u=0.000 ms
[svd-offload-zero-profile] up_finish=0 up_cache=0 up_no_request=0 gate_finish=0 gate_cache=0 gate_no_request=0 down_finish=0 down_cache=0 down_no_request=0 other_finish=0 other_cache=0 other_no_request=0
[svd-local-timeout-profile] up_keep=0 up_drop=0 up_wait=0.000 ms gate_keep=0 gate_drop=0 gate_wait=0.000 ms down_keep=0 down_drop=0 down_wait=0.000 ms other_keep=0 other_drop=0 other_wait=0.000 ms
[svd-offload-client] up_gate_req=0 down_req=0 other_mat_req=0 ffn_req=0 gate_cache_hits=0 gate_cache_checks=0 miss_invalid=0 miss_layer=0 miss_rank=0 miss_hash=0 miss_output=0 miss_data=0 send_up_gate=0.000 ms send_down=0.000 ms send_other=0.000 ms send_ffn=0.000 ms wait_up_gate=0.000 ms wait_down=0.000 ms wait_other=0.000 ms wait_ffn=0.000 ms
[svd-offload-client-stage-profile] rpc_send_total=0.000 ms rpc_wait_total=0.000 ms
[svd-offload-client-debug] finish_fail_up_gate=0 finish_fail_down=0 finish_fail_other=0 finish_fail_ffn=0 cache_take_fail_up=0 cache_take_fail_gate=0 recv_up_sum_abs=0.000000e+00 recv_up_max_abs=0.000000e+00 recv_up_zero=0 recv_gate_sum_abs=0.000000e+00 recv_gate_max_abs=0.000000e+00 recv_gate_zero=0 recv_down_sum_abs=0.000000e+00 recv_down_max_abs=0.000000e+00 recv_down_zero=0 recv_other_sum_abs=0.000000e+00 recv_other_max_abs=0.000000e+00 recv_other_zero=0 recv_ffn_sum_abs=0.000000e+00 recv_ffn_max_abs=0.000000e+00 recv_ffn_zero=0
SUCCEED (one forward pass done)"
8c_adv_01,0,major_only_no_svd,"p=2;major=60,61",ok,"60,61,62,63,64,65,66,67","20,20,30,30,90,90,100,100","1,1,1,1,2,2,2,2",matrixprod,"0,0,0,0,0,0,0,0",13.6642,2341.88,3.624384880065918,"llama_context: graph splits = 1
attach_threadpool: call
threads: decode=2 batch=2
prompt tokens: 4
running one forward pass (llama_decode) ...
Top-5 next-token candidates:
  id=11 logit=21.0211 piece="",""
  id=3837 logit=19.3304 piece=""，""
  id=1052 logit=19.1368 piece="" there""
  id=304 logit=19.024 piece="" in""
  id=264 logit=18.1601 piece="" a""
Autoregressive generation:
Generated text: , there was a little girl named Lily. She lived in a small village with her family. One day, Lily's mom told her about a magical forest that
Decode-only throughput: 13.6642 tokens/s (32 tokens in 2.34188 s of llama_decode)
End-to-end throughput: 13.5986 tokens/s (32 tokens in 2.35319 s)
[decode-stage-profile] model_load=898.622 ms context_create=63.7279 ms tokenize=0.48388 ms prefill_decode=97.7641 ms generation_decode=2341.88 ms generation_total=2353.19 ms program_total=3429.78 ms
[svd-local-op-profile] up_ops=0 gate_ops=0 down_ops=0 up_total=0.000 ms gate_total=0.000 ms down_total=0.000 ms up_v=0.000 ms gate_v=0.000 ms down_v=0.000 ms up_u=0.000 ms gate_u=0.000 ms down_u=0.000 ms
[svd-local-stage-profile] attention_total=27.477 ms ffn_total=1660.583 ms ffn_svd_total=0.000 ms ffn_svd_v=0.000 ms ffn_svd_u=0.000 ms
[svd-offload-zero-profile] up_finish=0 up_cache=0 up_no_request=0 gate_finish=0 gate_cache=0 gate_no_request=0 down_finish=0 down_cache=0 down_no_request=0 other_finish=0 other_cache=0 other_no_request=0
[svd-local-timeout-profile] up_keep=0 up_drop=0 up_wait=0.000 ms gate_keep=0 gate_drop=0 gate_wait=0.000 ms down_keep=0 down_drop=0 down_wait=0.000 ms other_keep=0 other_drop=0 other_wait=0.000 ms
[svd-offload-client] up_gate_req=0 down_req=0 other_mat_req=0 ffn_req=0 gate_cache_hits=0 gate_cache_checks=0 miss_invalid=0 miss_layer=0 miss_rank=0 miss_hash=0 miss_output=0 miss_data=0 send_up_gate=0.000 ms send_down=0.000 ms send_other=0.000 ms send_ffn=0.000 ms wait_up_gate=0.000 ms wait_down=0.000 ms wait_other=0.000 ms wait_ffn=0.000 ms
[svd-offload-client-stage-profile] rpc_send_total=0.000 ms rpc_wait_total=0.000 ms
[svd-offload-client-debug] finish_fail_up_gate=0 finish_fail_down=0 finish_fail_other=0 finish_fail_ffn=0 cache_take_fail_up=0 cache_take_fail_gate=0 recv_up_sum_abs=0.000000e+00 recv_up_max_abs=0.000000e+00 recv_up_zero=0 recv_gate_sum_abs=0.000000e+00 recv_gate_max_abs=0.000000e+00 recv_gate_zero=0 recv_down_sum_abs=0.000000e+00 recv_down_max_abs=0.000000e+00 recv_down_zero=0 recv_other_sum_abs=0.000000e+00 recv_other_max_abs=0.000000e+00 recv_other_zero=0 recv_ffn_sum_abs=0.000000e+00 recv_ffn_max_abs=0.000000e+00 recv_ffn_zero=0
SUCCEED (one forward pass done)"
8c_adv_01,0,major_only_no_svd,"p=3;major=60,61,62",ok,"60,61,62,63,64,65,66,67","20,20,30,30,90,90,100,100","1,1,1,1,2,2,2,2",matrixprod,"0,0,0,0,0,0,0,0",17.9175,1785.97,3.2247791290283203,"llama_context: graph splits = 1
attach_threadpool: call
threads: decode=3 batch=3
prompt tokens: 4
running one forward pass (llama_decode) ...
Top-5 next-token candidates:
  id=11 logit=21.0211 piece="",""
  id=3837 logit=19.3304 piece=""，""
  id=1052 logit=19.1368 piece="" there""
  id=304 logit=19.024 piece="" in""
  id=264 logit=18.1601 piece="" a""
Autoregressive generation:
Generated text: , there was a little girl named Lily. She lived in a small village with her family. One day, Lily's mom told her about a magical forest that
Decode-only throughput: 17.9175 tokens/s (32 tokens in 1.78597 s of llama_decode)
End-to-end throughput: 17.7923 tokens/s (32 tokens in 1.79853 s)
[decode-stage-profile] model_load=892.319 ms context_create=57.1021 ms tokenize=0.481017 ms prefill_decode=278.914 ms generation_decode=1785.97 ms generation_total=1798.53 ms program_total=3042.23 ms
[svd-local-op-profile] up_ops=0 gate_ops=0 down_ops=0 up_total=0.000 ms gate_total=0.000 ms down_total=0.000 ms up_v=0.000 ms gate_v=0.000 ms down_v=0.000 ms up_u=0.000 ms gate_u=0.000 ms down_u=0.000 ms
[svd-local-stage-profile] attention_total=74.781 ms ffn_total=1253.358 ms ffn_svd_total=0.000 ms ffn_svd_v=0.000 ms ffn_svd_u=0.000 ms
[svd-offload-zero-profile] up_finish=0 up_cache=0 up_no_request=0 gate_finish=0 gate_cache=0 gate_no_request=0 down_finish=0 down_cache=0 down_no_request=0 other_finish=0 other_cache=0 other_no_request=0
[svd-local-timeout-profile] up_keep=0 up_drop=0 up_wait=0.000 ms gate_keep=0 gate_drop=0 gate_wait=0.000 ms down_keep=0 down_drop=0 down_wait=0.000 ms other_keep=0 other_drop=0 other_wait=0.000 ms
[svd-offload-client] up_gate_req=0 down_req=0 other_mat_req=0 ffn_req=0 gate_cache_hits=0 gate_cache_checks=0 miss_invalid=0 miss_layer=0 miss_rank=0 miss_hash=0 miss_output=0 miss_data=0 send_up_gate=0.000 ms send_down=0.000 ms send_other=0.000 ms send_ffn=0.000 ms wait_up_gate=0.000 ms wait_down=0.000 ms wait_other=0.000 ms wait_ffn=0.000 ms
[svd-offload-client-stage-profile] rpc_send_total=0.000 ms rpc_wait_total=0.000 ms
[svd-offload-client-debug] finish_fail_up_gate=0 finish_fail_down=0 finish_fail_other=0 finish_fail_ffn=0 cache_take_fail_up=0 cache_take_fail_gate=0 recv_up_sum_abs=0.000000e+00 recv_up_max_abs=0.000000e+00 recv_up_zero=0 recv_gate_sum_abs=0.000000e+00 recv_gate_max_abs=0.000000e+00 recv_gate_zero=0 recv_down_sum_abs=0.000000e+00 recv_down_max_abs=0.000000e+00 recv_down_zero=0 recv_other_sum_abs=0.000000e+00 recv_other_max_abs=0.000000e+00 recv_other_zero=0 recv_ffn_sum_abs=0.000000e+00 recv_ffn_max_abs=0.000000e+00 recv_ffn_zero=0
SUCCEED (one forward pass done)"
8c_adv_01,0,major_only_no_svd,"p=4;major=60,61,62,63",ok,"60,61,62,63,64,65,66,67","20,20,30,30,90,90,100,100","1,1,1,1,2,2,2,2",matrixprod,"0,0,0,0,0,0,0,0",23.74,1347.93,2.5986104011535645,"llama_context: graph splits = 1
attach_threadpool: call
threads: decode=4 batch=4
prompt tokens: 4
running one forward pass (llama_decode) ...
Top-5 next-token candidates:
  id=11 logit=21.0211 piece="",""
  id=3837 logit=19.3304 piece=""，""
  id=1052 logit=19.1368 piece="" there""
  id=304 logit=19.024 piece="" in""
  id=264 logit=18.1601 piece="" a""
Autoregressive generation:
Generated text: , there was a little girl named Lily. She lived in a small village with her family. One day, Lily's mom told her about a magical forest that
Decode-only throughput: 23.74 tokens/s (32 tokens in 1.34793 s of llama_decode)
End-to-end throughput: 23.5318 tokens/s (32 tokens in 1.35986 s)
[decode-stage-profile] model_load=914.691 ms context_create=70.7784 ms tokenize=0.486926 ms prefill_decode=57.5202 ms generation_decode=1347.93 ms generation_total=1359.86 ms program_total=2420.07 ms
[svd-local-op-profile] up_ops=0 gate_ops=0 down_ops=0 up_total=0.000 ms gate_total=0.000 ms down_total=0.000 ms up_v=0.000 ms gate_v=0.000 ms down_v=0.000 ms up_u=0.000 ms gate_u=0.000 ms down_u=0.000 ms
[svd-local-stage-profile] attention_total=28.002 ms ffn_total=914.283 ms ffn_svd_total=0.000 ms ffn_svd_v=0.000 ms ffn_svd_u=0.000 ms
[svd-offload-zero-profile] up_finish=0 up_cache=0 up_no_request=0 gate_finish=0 gate_cache=0 gate_no_request=0 down_finish=0 down_cache=0 down_no_request=0 other_finish=0 other_cache=0 other_no_request=0
[svd-local-timeout-profile] up_keep=0 up_drop=0 up_wait=0.000 ms gate_keep=0 gate_drop=0 gate_wait=0.000 ms down_keep=0 down_drop=0 down_wait=0.000 ms other_keep=0 other_drop=0 other_wait=0.000 ms
[svd-offload-client] up_gate_req=0 down_req=0 other_mat_req=0 ffn_req=0 gate_cache_hits=0 gate_cache_checks=0 miss_invalid=0 miss_layer=0 miss_rank=0 miss_hash=0 miss_output=0 miss_data=0 send_up_gate=0.000 ms send_down=0.000 ms send_other=0.000 ms send_ffn=0.000 ms wait_up_gate=0.000 ms wait_down=0.000 ms wait_other=0.000 ms wait_ffn=0.000 ms
[svd-offload-client-stage-profile] rpc_send_total=0.000 ms rpc_wait_total=0.000 ms
[svd-offload-client-debug] finish_fail_up_gate=0 finish_fail_down=0 finish_fail_other=0 finish_fail_ffn=0 cache_take_fail_up=0 cache_take_fail_gate=0 recv_up_sum_abs=0.000000e+00 recv_up_max_abs=0.000000e+00 recv_up_zero=0 recv_gate_sum_abs=0.000000e+00 recv_gate_max_abs=0.000000e+00 recv_gate_zero=0 recv_down_sum_abs=0.000000e+00 recv_down_max_abs=0.000000e+00 recv_down_zero=0 recv_other_sum_abs=0.000000e+00 recv_other_max_abs=0.000000e+00 recv_other_zero=0 recv_ffn_sum_abs=0.000000e+00 recv_ffn_max_abs=0.000000e+00 recv_ffn_zero=0
SUCCEED (one forward pass done)"
8c_adv_01,0,major_only_no_svd,"p=5;major=60,61,62,63,64",ok,"60,61,62,63,64,65,66,67","20,20,30,30,90,90,100,100","1,1,1,1,2,2,2,2",matrixprod,"0,0,0,0,0,0,0,0",25.5546,1252.22,11.88090181350708,"llama_context: graph splits = 1
attach_threadpool: call
threads: decode=5 batch=5
prompt tokens: 4
running one forward pass (llama_decode) ...
Top-5 next-token candidates:
  id=11 logit=21.0211 piece="",""
  id=3837 logit=19.3304 piece=""，""
  id=1052 logit=19.1368 piece="" there""
  id=304 logit=19.024 piece="" in""
  id=264 logit=18.1601 piece="" a""
Autoregressive generation:
Generated text: , there was a little girl named Lily. She lived in a small village with her family. One day, Lily's mom told her about a magical forest that
Decode-only throughput: 25.5546 tokens/s (32 tokens in 1.25222 s of llama_decode)
End-to-end throughput: 25.308 tokens/s (32 tokens in 1.26442 s)
[decode-stage-profile] model_load=939.714 ms context_create=56.9039 ms tokenize=0.495818 ms prefill_decode=9418.99 ms generation_decode=1252.22 ms generation_total=1264.42 ms program_total=11695.7 ms
[svd-local-op-profile] up_ops=0 gate_ops=0 down_ops=0 up_total=0.000 ms gate_total=0.000 ms down_total=0.000 ms up_v=0.000 ms gate_v=0.000 ms down_v=0.000 ms up_u=0.000 ms gate_u=0.000 ms down_u=0.000 ms
[svd-local-stage-profile] attention_total=1512.889 ms ffn_total=1823.385 ms ffn_svd_total=0.000 ms ffn_svd_v=0.000 ms ffn_svd_u=0.000 ms
[svd-offload-zero-profile] up_finish=0 up_cache=0 up_no_request=0 gate_finish=0 gate_cache=0 gate_no_request=0 down_finish=0 down_cache=0 down_no_request=0 other_finish=0 other_cache=0 other_no_request=0
[svd-local-timeout-profile] up_keep=0 up_drop=0 up_wait=0.000 ms gate_keep=0 gate_drop=0 gate_wait=0.000 ms down_keep=0 down_drop=0 down_wait=0.000 ms other_keep=0 other_drop=0 other_wait=0.000 ms
[svd-offload-client] up_gate_req=0 down_req=0 other_mat_req=0 ffn_req=0 gate_cache_hits=0 gate_cache_checks=0 miss_invalid=0 miss_layer=0 miss_rank=0 miss_hash=0 miss_output=0 miss_data=0 send_up_gate=0.000 ms send_down=0.000 ms send_other=0.000 ms send_ffn=0.000 ms wait_up_gate=0.000 ms wait_down=0.000 ms wait_other=0.000 ms wait_ffn=0.000 ms
[svd-offload-client-stage-profile] rpc_send_total=0.000 ms rpc_wait_total=0.000 ms
[svd-offload-client-debug] finish_fail_up_gate=0 finish_fail_down=0 finish_fail_other=0 finish_fail_ffn=0 cache_take_fail_up=0 cache_take_fail_gate=0 recv_up_sum_abs=0.000000e+00 recv_up_max_abs=0.000000e+00 recv_up_zero=0 recv_gate_sum_abs=0.000000e+00 recv_gate_max_abs=0.000000e+00 recv_gate_zero=0 recv_down_sum_abs=0.000000e+00 recv_down_max_abs=0.000000e+00 recv_down_zero=0 recv_other_sum_abs=0.000000e+00 recv_other_max_abs=0.000000e+00 recv_other_zero=0 recv_ffn_sum_abs=0.000000e+00 recv_ffn_max_abs=0.000000e+00 recv_ffn_zero=0
SUCCEED (one forward pass done)"
8c_adv_01,0,major_only_no_svd,"p=6;major=60,61,62,63,64,65",ok,"60,61,62,63,64,65,66,67","20,20,30,30,90,90,100,100","1,1,1,1,2,2,2,2",matrixprod,"0,0,0,0,0,0,0,0",28.0945,1139.01,6.870794057846069,"llama_context: graph splits = 1
attach_threadpool: call
threads: decode=6 batch=6
prompt tokens: 4
running one forward pass (llama_decode) ...
Top-5 next-token candidates:
  id=11 logit=21.0211 piece="",""
  id=3837 logit=19.3304 piece=""，""
  id=1052 logit=19.1368 piece="" there""
  id=304 logit=19.024 piece="" in""
  id=264 logit=18.1601 piece="" a""
Autoregressive generation:
Generated text: , there was a little girl named Lily. She lived in a small village with her family. One day, Lily's mom told her about a magical forest that
Decode-only throughput: 28.0945 tokens/s (32 tokens in 1.13901 s of llama_decode)
End-to-end throughput: 27.7998 tokens/s (32 tokens in 1.15109 s)
[decode-stage-profile] model_load=924.752 ms context_create=59.4542 ms tokenize=0.477414 ms prefill_decode=4531.18 ms generation_decode=1139.01 ms generation_total=1151.09 ms program_total=6683.5 ms
[svd-local-op-profile] up_ops=0 gate_ops=0 down_ops=0 up_total=0.000 ms gate_total=0.000 ms down_total=0.000 ms up_v=0.000 ms gate_v=0.000 ms down_v=0.000 ms up_u=0.000 ms gate_u=0.000 ms down_u=0.000 ms
[svd-local-stage-profile] attention_total=659.228 ms ffn_total=1315.293 ms ffn_svd_total=0.000 ms ffn_svd_v=0.000 ms ffn_svd_u=0.000 ms
[svd-offload-zero-profile] up_finish=0 up_cache=0 up_no_request=0 gate_finish=0 gate_cache=0 gate_no_request=0 down_finish=0 down_cache=0 down_no_request=0 other_finish=0 other_cache=0 other_no_request=0
[svd-local-timeout-profile] up_keep=0 up_drop=0 up_wait=0.000 ms gate_keep=0 gate_drop=0 gate_wait=0.000 ms down_keep=0 down_drop=0 down_wait=0.000 ms other_keep=0 other_drop=0 other_wait=0.000 ms
[svd-offload-client] up_gate_req=0 down_req=0 other_mat_req=0 ffn_req=0 gate_cache_hits=0 gate_cache_checks=0 miss_invalid=0 miss_layer=0 miss_rank=0 miss_hash=0 miss_output=0 miss_data=0 send_up_gate=0.000 ms send_down=0.000 ms send_other=0.000 ms send_ffn=0.000 ms wait_up_gate=0.000 ms wait_down=0.000 ms wait_other=0.000 ms wait_ffn=0.000 ms
[svd-offload-client-stage-profile] rpc_send_total=0.000 ms rpc_wait_total=0.000 ms
[svd-offload-client-debug] finish_fail_up_gate=0 finish_fail_down=0 finish_fail_other=0 finish_fail_ffn=0 cache_take_fail_up=0 cache_take_fail_gate=0 recv_up_sum_abs=0.000000e+00 recv_up_max_abs=0.000000e+00 recv_up_zero=0 recv_gate_sum_abs=0.000000e+00 recv_gate_max_abs=0.000000e+00 recv_gate_zero=0 recv_down_sum_abs=0.000000e+00 recv_down_max_abs=0.000000e+00 recv_down_zero=0 recv_other_sum_abs=0.000000e+00 recv_other_max_abs=0.000000e+00 recv_other_zero=0 recv_ffn_sum_abs=0.000000e+00 recv_ffn_max_abs=0.000000e+00 recv_ffn_zero=0
SUCCEED (one forward pass done)"
8c_adv_01,0,major_only_no_svd,"p=7;major=60,61,62,63,64,65,66",ok,"60,61,62,63,64,65,66,67","20,20,30,30,90,90,100,100","1,1,1,1,2,2,2,2",matrixprod,"0,0,0,0,0,0,0,0",28.4829,1123.48,8.095527172088623,"llama_context: graph splits = 1
attach_threadpool: call
threads: decode=7 batch=7
prompt tokens: 4
running one forward pass (llama_decode) ...
Top-5 next-token candidates:
  id=11 logit=21.0211 piece="",""
  id=3837 logit=19.3304 piece=""，""
  id=1052 logit=19.1368 piece="" there""
  id=304 logit=19.024 piece="" in""
  id=264 logit=18.1601 piece="" a""
Autoregressive generation:
Generated text: , there was a little girl named Lily. She lived in a small village with her family. One day, Lily's mom told her about a magical forest that
Decode-only throughput: 28.4829 tokens/s (32 tokens in 1.12348 s of llama_decode)
End-to-end throughput: 28.1774 tokens/s (32 tokens in 1.13566 s)
[decode-stage-profile] model_load=942.555 ms context_create=59.0206 ms tokenize=0.502707 ms prefill_decode=5746.34 ms generation_decode=1123.48 ms generation_total=1135.66 ms program_total=7900.33 ms
[svd-local-op-profile] up_ops=0 gate_ops=0 down_ops=0 up_total=0.000 ms gate_total=0.000 ms down_total=0.000 ms up_v=0.000 ms gate_v=0.000 ms down_v=0.000 ms up_u=0.000 ms gate_u=0.000 ms down_u=0.000 ms
[svd-local-stage-profile] attention_total=966.362 ms ffn_total=1365.450 ms ffn_svd_total=0.000 ms ffn_svd_v=0.000 ms ffn_svd_u=0.000 ms
[svd-offload-zero-profile] up_finish=0 up_cache=0 up_no_request=0 gate_finish=0 gate_cache=0 gate_no_request=0 down_finish=0 down_cache=0 down_no_request=0 other_finish=0 other_cache=0 other_no_request=0
[svd-local-timeout-profile] up_keep=0 up_drop=0 up_wait=0.000 ms gate_keep=0 gate_drop=0 gate_wait=0.000 ms down_keep=0 down_drop=0 down_wait=0.000 ms other_keep=0 other_drop=0 other_wait=0.000 ms
[svd-offload-client] up_gate_req=0 down_req=0 other_mat_req=0 ffn_req=0 gate_cache_hits=0 gate_cache_checks=0 miss_invalid=0 miss_layer=0 miss_rank=0 miss_hash=0 miss_output=0 miss_data=0 send_up_gate=0.000 ms send_down=0.000 ms send_other=0.000 ms send_ffn=0.000 ms wait_up_gate=0.000 ms wait_down=0.000 ms wait_other=0.000 ms wait_ffn=0.000 ms
[svd-offload-client-stage-profile] rpc_send_total=0.000 ms rpc_wait_total=0.000 ms
[svd-offload-client-debug] finish_fail_up_gate=0 finish_fail_down=0 finish_fail_other=0 finish_fail_ffn=0 cache_take_fail_up=0 cache_take_fail_gate=0 recv_up_sum_abs=0.000000e+00 recv_up_max_abs=0.000000e+00 recv_up_zero=0 recv_gate_sum_abs=0.000000e+00 recv_gate_max_abs=0.000000e+00 recv_gate_zero=0 recv_down_sum_abs=0.000000e+00 recv_down_max_abs=0.000000e+00 recv_down_zero=0 recv_other_sum_abs=0.000000e+00 recv_other_max_abs=0.000000e+00 recv_other_zero=0 recv_ffn_sum_abs=0.000000e+00 recv_ffn_max_abs=0.000000e+00 recv_ffn_zero=0
SUCCEED (one forward pass done)"
8c_adv_02,0,baseline_no_svd,"60,61,62,63,64,65,66,67",ok,"60,61,62,63,64,65,66,67","20,30,40,50,90,100,100,100","1,1,1,1,2,2,3,3",matrixprod,"0,0,0,0,0,0,0,0",29.9477,1068.53,2.3439040184020996,"llama_context: graph splits = 1
attach_threadpool: call
threads: decode=8 batch=8
prompt tokens: 4
running one forward pass (llama_decode) ...
Top-5 next-token candidates:
  id=11 logit=21.0211 piece="",""
  id=3837 logit=19.3304 piece=""，""
  id=1052 logit=19.1368 piece="" there""
  id=304 logit=19.024 piece="" in""
  id=264 logit=18.1601 piece="" a""
Autoregressive generation:
Generated text: , there was a little girl named Lily. She lived in a small village with her family. One day, Lily's mom told her about a magical forest that
Decode-only throughput: 29.9477 tokens/s (32 tokens in 1.06853 s of llama_decode)
End-to-end throughput: 29.616 tokens/s (32 tokens in 1.0805 s)
[decode-stage-profile] model_load=932.736 ms context_create=63.5653 ms tokenize=0.538285 ms prefill_decode=48.0668 ms generation_decode=1068.53 ms generation_total=1080.5 ms program_total=2146.81 ms
[svd-local-op-profile] up_ops=0 gate_ops=0 down_ops=0 up_total=0.000 ms gate_total=0.000 ms down_total=0.000 ms up_v=0.000 ms gate_v=0.000 ms down_v=0.000 ms up_u=0.000 ms gate_u=0.000 ms down_u=0.000 ms
[svd-local-stage-profile] attention_total=34.132 ms ffn_total=729.781 ms ffn_svd_total=0.000 ms ffn_svd_v=0.000 ms ffn_svd_u=0.000 ms
[svd-offload-zero-profile] up_finish=0 up_cache=0 up_no_request=0 gate_finish=0 gate_cache=0 gate_no_request=0 down_finish=0 down_cache=0 down_no_request=0 other_finish=0 other_cache=0 other_no_request=0
[svd-local-timeout-profile] up_keep=0 up_drop=0 up_wait=0.000 ms gate_keep=0 gate_drop=0 gate_wait=0.000 ms down_keep=0 down_drop=0 down_wait=0.000 ms other_keep=0 other_drop=0 other_wait=0.000 ms
[svd-offload-client] up_gate_req=0 down_req=0 other_mat_req=0 ffn_req=0 gate_cache_hits=0 gate_cache_checks=0 miss_invalid=0 miss_layer=0 miss_rank=0 miss_hash=0 miss_output=0 miss_data=0 send_up_gate=0.000 ms send_down=0.000 ms send_other=0.000 ms send_ffn=0.000 ms wait_up_gate=0.000 ms wait_down=0.000 ms wait_other=0.000 ms wait_ffn=0.000 ms
[svd-offload-client-stage-profile] rpc_send_total=0.000 ms rpc_wait_total=0.000 ms
[svd-offload-client-debug] finish_fail_up_gate=0 finish_fail_down=0 finish_fail_other=0 finish_fail_ffn=0 cache_take_fail_up=0 cache_take_fail_gate=0 recv_up_sum_abs=0.000000e+00 recv_up_max_abs=0.000000e+00 recv_up_zero=0 recv_gate_sum_abs=0.000000e+00 recv_gate_max_abs=0.000000e+00 recv_gate_zero=0 recv_down_sum_abs=0.000000e+00 recv_down_max_abs=0.000000e+00 recv_down_zero=0 recv_other_sum_abs=0.000000e+00 recv_other_max_abs=0.000000e+00 recv_other_zero=0 recv_ffn_sum_abs=0.000000e+00 recv_ffn_max_abs=0.000000e+00 recv_ffn_zero=0
SUCCEED (one forward pass done)"
8c_adv_02,0,major_only_no_svd,p=1;major=60,ok,"60,61,62,63,64,65,66,67","20,30,40,50,90,100,100,100","1,1,1,1,2,2,3,3",matrixprod,"0,0,0,0,0,0,0,0",6.60061,4848.04,6.271801710128784,"llama_context: graph splits = 1
attach_threadpool: call
threads: decode=1 batch=1
prompt tokens: 4
running one forward pass (llama_decode) ...
Top-5 next-token candidates:
  id=11 logit=21.0211 piece="",""
  id=3837 logit=19.3304 piece=""，""
  id=1052 logit=19.1368 piece="" there""
  id=304 logit=19.024 piece="" in""
  id=264 logit=18.1601 piece="" a""
Autoregressive generation:
Generated text: , there was a little girl named Lily. She lived in a small village with her family. One day, Lily's mom told her about a magical forest that
Decode-only throughput: 6.60061 tokens/s (32 tokens in 4.84804 s of llama_decode)
End-to-end throughput: 6.58545 tokens/s (32 tokens in 4.8592 s)
[decode-stage-profile] model_load=989.427 ms context_create=61.5158 ms tokenize=0.483482 ms prefill_decode=177.274 ms generation_decode=4848.04 ms generation_total=4859.2 ms program_total=6103.87 ms
[svd-local-op-profile] up_ops=0 gate_ops=0 down_ops=0 up_total=0.000 ms gate_total=0.000 ms down_total=0.000 ms up_v=0.000 ms gate_v=0.000 ms down_v=0.000 ms up_u=0.000 ms gate_u=0.000 ms down_u=0.000 ms
[svd-local-stage-profile] attention_total=46.037 ms ffn_total=3547.069 ms ffn_svd_total=0.000 ms ffn_svd_v=0.000 ms ffn_svd_u=0.000 ms
[svd-offload-zero-profile] up_finish=0 up_cache=0 up_no_request=0 gate_finish=0 gate_cache=0 gate_no_request=0 down_finish=0 down_cache=0 down_no_request=0 other_finish=0 other_cache=0 other_no_request=0
[svd-local-timeout-profile] up_keep=0 up_drop=0 up_wait=0.000 ms gate_keep=0 gate_drop=0 gate_wait=0.000 ms down_keep=0 down_drop=0 down_wait=0.000 ms other_keep=0 other_drop=0 other_wait=0.000 ms
[svd-offload-client] up_gate_req=0 down_req=0 other_mat_req=0 ffn_req=0 gate_cache_hits=0 gate_cache_checks=0 miss_invalid=0 miss_layer=0 miss_rank=0 miss_hash=0 miss_output=0 miss_data=0 send_up_gate=0.000 ms send_down=0.000 ms send_other=0.000 ms send_ffn=0.000 ms wait_up_gate=0.000 ms wait_down=0.000 ms wait_other=0.000 ms wait_ffn=0.000 ms
[svd-offload-client-stage-profile] rpc_send_total=0.000 ms rpc_wait_total=0.000 ms
[svd-offload-client-debug] finish_fail_up_gate=0 finish_fail_down=0 finish_fail_other=0 finish_fail_ffn=0 cache_take_fail_up=0 cache_take_fail_gate=0 recv_up_sum_abs=0.000000e+00 recv_up_max_abs=0.000000e+00 recv_up_zero=0 recv_gate_sum_abs=0.000000e+00 recv_gate_max_abs=0.000000e+00 recv_gate_zero=0 recv_down_sum_abs=0.000000e+00 recv_down_max_abs=0.000000e+00 recv_down_zero=0 recv_other_sum_abs=0.000000e+00 recv_other_max_abs=0.000000e+00 recv_other_zero=0 recv_ffn_sum_abs=0.000000e+00 recv_ffn_max_abs=0.000000e+00 recv_ffn_zero=0
SUCCEED (one forward pass done)"
8c_adv_02,0,major_only_no_svd,"p=2;major=60,61",ok,"60,61,62,63,64,65,66,67","20,30,40,50,90,100,100,100","1,1,1,1,2,2,3,3",matrixprod,"0,0,0,0,0,0,0,0",12.0655,2652.18,4.011743068695068,"llama_context: graph splits = 1
attach_threadpool: call
threads: decode=2 batch=2
prompt tokens: 4
running one forward pass (llama_decode) ...
Top-5 next-token candidates:
  id=11 logit=21.0211 piece="",""
  id=3837 logit=19.3304 piece=""，""
  id=1052 logit=19.1368 piece="" there""
  id=304 logit=19.024 piece="" in""
  id=264 logit=18.1601 piece="" a""
Autoregressive generation:
Generated text: , there was a little girl named Lily. She lived in a small village with her family. One day, Lily's mom told her about a magical forest that
Decode-only throughput: 12.0655 tokens/s (32 tokens in 2.65218 s of llama_decode)
End-to-end throughput: 12.0131 tokens/s (32 tokens in 2.66376 s)
[decode-stage-profile] model_load=969.688 ms context_create=62.5174 ms tokenize=0.49731 ms prefill_decode=100.003 ms generation_decode=2652.18 ms generation_total=2663.76 ms program_total=3813.1 ms
[svd-local-op-profile] up_ops=0 gate_ops=0 down_ops=0 up_total=0.000 ms gate_total=0.000 ms down_total=0.000 ms up_v=0.000 ms gate_v=0.000 ms down_v=0.000 ms up_u=0.000 ms gate_u=0.000 ms down_u=0.000 ms
[svd-local-stage-profile] attention_total=26.794 ms ffn_total=1880.685 ms ffn_svd_total=0.000 ms ffn_svd_v=0.000 ms ffn_svd_u=0.000 ms
[svd-offload-zero-profile] up_finish=0 up_cache=0 up_no_request=0 gate_finish=0 gate_cache=0 gate_no_request=0 down_finish=0 down_cache=0 down_no_request=0 other_finish=0 other_cache=0 other_no_request=0
[svd-local-timeout-profile] up_keep=0 up_drop=0 up_wait=0.000 ms gate_keep=0 gate_drop=0 gate_wait=0.000 ms down_keep=0 down_drop=0 down_wait=0.000 ms other_keep=0 other_drop=0 other_wait=0.000 ms
[svd-offload-client] up_gate_req=0 down_req=0 other_mat_req=0 ffn_req=0 gate_cache_hits=0 gate_cache_checks=0 miss_invalid=0 miss_layer=0 miss_rank=0 miss_hash=0 miss_output=0 miss_data=0 send_up_gate=0.000 ms send_down=0.000 ms send_other=0.000 ms send_ffn=0.000 ms wait_up_gate=0.000 ms wait_down=0.000 ms wait_other=0.000 ms wait_ffn=0.000 ms
[svd-offload-client-stage-profile] rpc_send_total=0.000 ms rpc_wait_total=0.000 ms
[svd-offload-client-debug] finish_fail_up_gate=0 finish_fail_down=0 finish_fail_other=0 finish_fail_ffn=0 cache_take_fail_up=0 cache_take_fail_gate=0 recv_up_sum_abs=0.000000e+00 recv_up_max_abs=0.000000e+00 recv_up_zero=0 recv_gate_sum_abs=0.000000e+00 recv_gate_max_abs=0.000000e+00 recv_gate_zero=0 recv_down_sum_abs=0.000000e+00 recv_down_max_abs=0.000000e+00 recv_down_zero=0 recv_other_sum_abs=0.000000e+00 recv_other_max_abs=0.000000e+00 recv_other_zero=0 recv_ffn_sum_abs=0.000000e+00 recv_ffn_max_abs=0.000000e+00 recv_ffn_zero=0
SUCCEED (one forward pass done)"
8c_adv_02,0,major_only_no_svd,"p=3;major=60,61,62",ok,"60,61,62,63,64,65,66,67","20,30,40,50,90,100,100,100","1,1,1,1,2,2,3,3",matrixprod,"0,0,0,0,0,0,0,0",15.8091,2024.15,3.4568562507629395,"llama_context: graph splits = 1
attach_threadpool: call
threads: decode=3 batch=3
prompt tokens: 4
running one forward pass (llama_decode) ...
Top-5 next-token candidates:
  id=11 logit=21.0211 piece="",""
  id=3837 logit=19.3304 piece=""，""
  id=1052 logit=19.1368 piece="" there""
  id=304 logit=19.024 piece="" in""
  id=264 logit=18.1601 piece="" a""
Autoregressive generation:
Generated text: , there was a little girl named Lily. She lived in a small village with her family. One day, Lily's mom told her about a magical forest that
Decode-only throughput: 15.8091 tokens/s (32 tokens in 2.02415 s of llama_decode)
End-to-end throughput: 15.7178 tokens/s (32 tokens in 2.03591 s)
[decode-stage-profile] model_load=932.359 ms context_create=64.4195 ms tokenize=0.495739 ms prefill_decode=160.431 ms generation_decode=2024.15 ms generation_total=2035.91 ms program_total=3210.62 ms
[svd-local-op-profile] up_ops=0 gate_ops=0 down_ops=0 up_total=0.000 ms gate_total=0.000 ms down_total=0.000 ms up_v=0.000 ms gate_v=0.000 ms down_v=0.000 ms up_u=0.000 ms gate_u=0.000 ms down_u=0.000 ms
[svd-local-stage-profile] attention_total=68.718 ms ffn_total=1445.254 ms ffn_svd_total=0.000 ms ffn_svd_v=0.000 ms ffn_svd_u=0.000 ms
[svd-offload-zero-profile] up_finish=0 up_cache=0 up_no_request=0 gate_finish=0 gate_cache=0 gate_no_request=0 down_finish=0 down_cache=0 down_no_request=0 other_finish=0 other_cache=0 other_no_request=0
[svd-local-timeout-profile] up_keep=0 up_drop=0 up_wait=0.000 ms gate_keep=0 gate_drop=0 gate_wait=0.000 ms down_keep=0 down_drop=0 down_wait=0.000 ms other_keep=0 other_drop=0 other_wait=0.000 ms
[svd-offload-client] up_gate_req=0 down_req=0 other_mat_req=0 ffn_req=0 gate_cache_hits=0 gate_cache_checks=0 miss_invalid=0 miss_layer=0 miss_rank=0 miss_hash=0 miss_output=0 miss_data=0 send_up_gate=0.000 ms send_down=0.000 ms send_other=0.000 ms send_ffn=0.000 ms wait_up_gate=0.000 ms wait_down=0.000 ms wait_other=0.000 ms wait_ffn=0.000 ms
[svd-offload-client-stage-profile] rpc_send_total=0.000 ms rpc_wait_total=0.000 ms
[svd-offload-client-debug] finish_fail_up_gate=0 finish_fail_down=0 finish_fail_other=0 finish_fail_ffn=0 cache_take_fail_up=0 cache_take_fail_gate=0 recv_up_sum_abs=0.000000e+00 recv_up_max_abs=0.000000e+00 recv_up_zero=0 recv_gate_sum_abs=0.000000e+00 recv_gate_max_abs=0.000000e+00 recv_gate_zero=0 recv_down_sum_abs=0.000000e+00 recv_down_max_abs=0.000000e+00 recv_down_zero=0 recv_other_sum_abs=0.000000e+00 recv_other_max_abs=0.000000e+00 recv_other_zero=0 recv_ffn_sum_abs=0.000000e+00 recv_ffn_max_abs=0.000000e+00 recv_ffn_zero=0
SUCCEED (one forward pass done)"
8c_adv_02,0,major_only_no_svd,"p=4;major=60,61,62,63",ok,"60,61,62,63,64,65,66,67","20,30,40,50,90,100,100,100","1,1,1,1,2,2,3,3",matrixprod,"0,0,0,0,0,0,0,0",21.1017,1516.47,3.1235411167144775,"llama_context: graph splits = 1
attach_threadpool: call
threads: decode=4 batch=4
prompt tokens: 4
running one forward pass (llama_decode) ...
Top-5 next-token candidates:
  id=11 logit=21.0211 piece="",""
  id=3837 logit=19.3304 piece=""，""
  id=1052 logit=19.1368 piece="" there""
  id=304 logit=19.024 piece="" in""
  id=264 logit=18.1601 piece="" a""
Autoregressive generation:
Generated text: , there was a little girl named Lily. She lived in a small village with her family. One day, Lily's mom told her about a magical forest that
Decode-only throughput: 21.1017 tokens/s (32 tokens in 1.51647 s of llama_decode)
End-to-end throughput: 20.9379 tokens/s (32 tokens in 1.52833 s)
[decode-stage-profile] model_load=956.927 ms context_create=73.3953 ms tokenize=0.956891 ms prefill_decode=310.893 ms generation_decode=1516.47 ms generation_total=1528.33 ms program_total=2887.24 ms
[svd-local-op-profile] up_ops=0 gate_ops=0 down_ops=0 up_total=0.000 ms gate_total=0.000 ms down_total=0.000 ms up_v=0.000 ms gate_v=0.000 ms down_v=0.000 ms up_u=0.000 ms gate_u=0.000 ms down_u=0.000 ms
[svd-local-stage-profile] attention_total=70.537 ms ffn_total=1045.609 ms ffn_svd_total=0.000 ms ffn_svd_v=0.000 ms ffn_svd_u=0.000 ms
[svd-offload-zero-profile] up_finish=0 up_cache=0 up_no_request=0 gate_finish=0 gate_cache=0 gate_no_request=0 down_finish=0 down_cache=0 down_no_request=0 other_finish=0 other_cache=0 other_no_request=0
[svd-local-timeout-profile] up_keep=0 up_drop=0 up_wait=0.000 ms gate_keep=0 gate_drop=0 gate_wait=0.000 ms down_keep=0 down_drop=0 down_wait=0.000 ms other_keep=0 other_drop=0 other_wait=0.000 ms
[svd-offload-client] up_gate_req=0 down_req=0 other_mat_req=0 ffn_req=0 gate_cache_hits=0 gate_cache_checks=0 miss_invalid=0 miss_layer=0 miss_rank=0 miss_hash=0 miss_output=0 miss_data=0 send_up_gate=0.000 ms send_down=0.000 ms send_other=0.000 ms send_ffn=0.000 ms wait_up_gate=0.000 ms wait_down=0.000 ms wait_other=0.000 ms wait_ffn=0.000 ms
[svd-offload-client-stage-profile] rpc_send_total=0.000 ms rpc_wait_total=0.000 ms
[svd-offload-client-debug] finish_fail_up_gate=0 finish_fail_down=0 finish_fail_other=0 finish_fail_ffn=0 cache_take_fail_up=0 cache_take_fail_gate=0 recv_up_sum_abs=0.000000e+00 recv_up_max_abs=0.000000e+00 recv_up_zero=0 recv_gate_sum_abs=0.000000e+00 recv_gate_max_abs=0.000000e+00 recv_gate_zero=0 recv_down_sum_abs=0.000000e+00 recv_down_max_abs=0.000000e+00 recv_down_zero=0 recv_other_sum_abs=0.000000e+00 recv_other_max_abs=0.000000e+00 recv_other_zero=0 recv_ffn_sum_abs=0.000000e+00 recv_ffn_max_abs=0.000000e+00 recv_ffn_zero=0
SUCCEED (one forward pass done)"
8c_adv_02,0,major_only_no_svd,"p=5;major=60,61,62,63,64",ok,"60,61,62,63,64,65,66,67","20,30,40,50,90,100,100,100","1,1,1,1,2,2,3,3",matrixprod,"0,0,0,0,0,0,0,0",24.922,1284.01,11.644785165786743,"llama_context: graph splits = 1
attach_threadpool: call
threads: decode=5 batch=5
prompt tokens: 4
running one forward pass (llama_decode) ...
Top-5 next-token candidates:
  id=11 logit=21.0211 piece="",""
  id=3837 logit=19.3304 piece=""，""
  id=1052 logit=19.1368 piece="" there""
  id=304 logit=19.024 piece="" in""
  id=264 logit=18.1601 piece="" a""
Autoregressive generation:
Generated text: , there was a little girl named Lily. She lived in a small village with her family. One day, Lily's mom told her about a magical forest that
Decode-only throughput: 24.922 tokens/s (32 tokens in 1.28401 s of llama_decode)
End-to-end throughput: 24.6808 tokens/s (32 tokens in 1.29655 s)
[decode-stage-profile] model_load=1006.83 ms context_create=69.5164 ms tokenize=0.969912 ms prefill_decode=9062.96 ms generation_decode=1284.01 ms generation_total=1296.55 ms program_total=11453.1 ms
[svd-local-op-profile] up_ops=0 gate_ops=0 down_ops=0 up_total=0.000 ms gate_total=0.000 ms down_total=0.000 ms up_v=0.000 ms gate_v=0.000 ms down_v=0.000 ms up_u=0.000 ms gate_u=0.000 ms down_u=0.000 ms
[svd-local-stage-profile] attention_total=1506.350 ms ffn_total=1759.923 ms ffn_svd_total=0.000 ms ffn_svd_v=0.000 ms ffn_svd_u=0.000 ms
[svd-offload-zero-profile] up_finish=0 up_cache=0 up_no_request=0 gate_finish=0 gate_cache=0 gate_no_request=0 down_finish=0 down_cache=0 down_no_request=0 other_finish=0 other_cache=0 other_no_request=0
[svd-local-timeout-profile] up_keep=0 up_drop=0 up_wait=0.000 ms gate_keep=0 gate_drop=0 gate_wait=0.000 ms down_keep=0 down_drop=0 down_wait=0.000 ms other_keep=0 other_drop=0 other_wait=0.000 ms
[svd-offload-client] up_gate_req=0 down_req=0 other_mat_req=0 ffn_req=0 gate_cache_hits=0 gate_cache_checks=0 miss_invalid=0 miss_layer=0 miss_rank=0 miss_hash=0 miss_output=0 miss_data=0 send_up_gate=0.000 ms send_down=0.000 ms send_other=0.000 ms send_ffn=0.000 ms wait_up_gate=0.000 ms wait_down=0.000 ms wait_other=0.000 ms wait_ffn=0.000 ms
[svd-offload-client-stage-profile] rpc_send_total=0.000 ms rpc_wait_total=0.000 ms
[svd-offload-client-debug] finish_fail_up_gate=0 finish_fail_down=0 finish_fail_other=0 finish_fail_ffn=0 cache_take_fail_up=0 cache_take_fail_gate=0 recv_up_sum_abs=0.000000e+00 recv_up_max_abs=0.000000e+00 recv_up_zero=0 recv_gate_sum_abs=0.000000e+00 recv_gate_max_abs=0.000000e+00 recv_gate_zero=0 recv_down_sum_abs=0.000000e+00 recv_down_max_abs=0.000000e+00 recv_down_zero=0 recv_other_sum_abs=0.000000e+00 recv_other_max_abs=0.000000e+00 recv_other_zero=0 recv_ffn_sum_abs=0.000000e+00 recv_ffn_max_abs=0.000000e+00 recv_ffn_zero=0
SUCCEED (one forward pass done)"
8c_adv_02,0,major_only_no_svd,"p=6;major=60,61,62,63,64,65",ok,"60,61,62,63,64,65,66,67","20,30,40,50,90,100,100,100","1,1,1,1,2,2,3,3",matrixprod,"0,0,0,0,0,0,0,0",24.8577,1287.33,4.55384087562561,"llama_context: graph splits = 1
attach_threadpool: call
threads: decode=6 batch=6
prompt tokens: 4
running one forward pass (llama_decode) ...
Top-5 next-token candidates:
  id=11 logit=21.0211 piece="",""
  id=3837 logit=19.3304 piece=""，""
  id=1052 logit=19.1368 piece="" there""
  id=304 logit=19.024 piece="" in""
  id=264 logit=18.1601 piece="" a""
Autoregressive generation:
Generated text: , there was a little girl named Lily. She lived in a small village with her family. One day, Lily's mom told her about a magical forest that
Decode-only throughput: 24.8577 tokens/s (32 tokens in 1.28733 s of llama_decode)
End-to-end throughput: 24.6276 tokens/s (32 tokens in 1.29936 s)
[decode-stage-profile] model_load=942.629 ms context_create=60.7725 ms tokenize=0.464031 ms prefill_decode=1996.64 ms generation_decode=1287.33 ms generation_total=1299.36 ms program_total=4316.35 ms
[svd-local-op-profile] up_ops=0 gate_ops=0 down_ops=0 up_total=0.000 ms gate_total=0.000 ms down_total=0.000 ms up_v=0.000 ms gate_v=0.000 ms down_v=0.000 ms up_u=0.000 ms gate_u=0.000 ms down_u=0.000 ms
[svd-local-stage-profile] attention_total=362.948 ms ffn_total=1125.687 ms ffn_svd_total=0.000 ms ffn_svd_v=0.000 ms ffn_svd_u=0.000 ms
[svd-offload-zero-profile] up_finish=0 up_cache=0 up_no_request=0 gate_finish=0 gate_cache=0 gate_no_request=0 down_finish=0 down_cache=0 down_no_request=0 other_finish=0 other_cache=0 other_no_request=0
[svd-local-timeout-profile] up_keep=0 up_drop=0 up_wait=0.000 ms gate_keep=0 gate_drop=0 gate_wait=0.000 ms down_keep=0 down_drop=0 down_wait=0.000 ms other_keep=0 other_drop=0 other_wait=0.000 ms
[svd-offload-client] up_gate_req=0 down_req=0 other_mat_req=0 ffn_req=0 gate_cache_hits=0 gate_cache_checks=0 miss_invalid=0 miss_layer=0 miss_rank=0 miss_hash=0 miss_output=0 miss_data=0 send_up_gate=0.000 ms send_down=0.000 ms send_other=0.000 ms send_ffn=0.000 ms wait_up_gate=0.000 ms wait_down=0.000 ms wait_other=0.000 ms wait_ffn=0.000 ms
[svd-offload-client-stage-profile] rpc_send_total=0.000 ms rpc_wait_total=0.000 ms
[svd-offload-client-debug] finish_fail_up_gate=0 finish_fail_down=0 finish_fail_other=0 finish_fail_ffn=0 cache_take_fail_up=0 cache_take_fail_gate=0 recv_up_sum_abs=0.000000e+00 recv_up_max_abs=0.000000e+00 recv_up_zero=0 recv_gate_sum_abs=0.000000e+00 recv_gate_max_abs=0.000000e+00 recv_gate_zero=0 recv_down_sum_abs=0.000000e+00 recv_down_max_abs=0.000000e+00 recv_down_zero=0 recv_other_sum_abs=0.000000e+00 recv_other_max_abs=0.000000e+00 recv_other_zero=0 recv_ffn_sum_abs=0.000000e+00 recv_ffn_max_abs=0.000000e+00 recv_ffn_zero=0
SUCCEED (one forward pass done)"
8c_adv_02,0,major_only_no_svd,"p=7;major=60,61,62,63,64,65,66",ok,"60,61,62,63,64,65,66,67","20,30,40,50,90,100,100,100","1,1,1,1,2,2,3,3",matrixprod,"0,0,0,0,0,0,0,0",30.1834,1060.19,7.507159471511841,"llama_context: graph splits = 1
attach_threadpool: call
threads: decode=7 batch=7
prompt tokens: 4
running one forward pass (llama_decode) ...
Top-5 next-token candidates:
  id=11 logit=21.0211 piece="",""
  id=3837 logit=19.3304 piece=""，""
  id=1052 logit=19.1368 piece="" there""
  id=304 logit=19.024 piece="" in""
  id=264 logit=18.1601 piece="" a""
Autoregressive generation:
Generated text: , there was a little girl named Lily. She lived in a small village with her family. One day, Lily's mom told her about a magical forest that
Decode-only throughput: 30.1834 tokens/s (32 tokens in 1.06019 s of llama_decode)
End-to-end throughput: 29.8279 tokens/s (32 tokens in 1.07282 s)
[decode-stage-profile] model_load=1042.87 ms context_create=58.0474 ms tokenize=0.494457 ms prefill_decode=5118 ms generation_decode=1060.19 ms generation_total=1072.82 ms program_total=7308.13 ms
[svd-local-op-profile] up_ops=0 gate_ops=0 down_ops=0 up_total=0.000 ms gate_total=0.000 ms down_total=0.000 ms up_v=0.000 ms gate_v=0.000 ms down_v=0.000 ms up_u=0.000 ms gate_u=0.000 ms down_u=0.000 ms
[svd-local-stage-profile] attention_total=982.085 ms ffn_total=1172.961 ms ffn_svd_total=0.000 ms ffn_svd_v=0.000 ms ffn_svd_u=0.000 ms
[svd-offload-zero-profile] up_finish=0 up_cache=0 up_no_request=0 gate_finish=0 gate_cache=0 gate_no_request=0 down_finish=0 down_cache=0 down_no_request=0 other_finish=0 other_cache=0 other_no_request=0
[svd-local-timeout-profile] up_keep=0 up_drop=0 up_wait=0.000 ms gate_keep=0 gate_drop=0 gate_wait=0.000 ms down_keep=0 down_drop=0 down_wait=0.000 ms other_keep=0 other_drop=0 other_wait=0.000 ms
[svd-offload-client] up_gate_req=0 down_req=0 other_mat_req=0 ffn_req=0 gate_cache_hits=0 gate_cache_checks=0 miss_invalid=0 miss_layer=0 miss_rank=0 miss_hash=0 miss_output=0 miss_data=0 send_up_gate=0.000 ms send_down=0.000 ms send_other=0.000 ms send_ffn=0.000 ms wait_up_gate=0.000 ms wait_down=0.000 ms wait_other=0.000 ms wait_ffn=0.000 ms
[svd-offload-client-stage-profile] rpc_send_total=0.000 ms rpc_wait_total=0.000 ms
[svd-offload-client-debug] finish_fail_up_gate=0 finish_fail_down=0 finish_fail_other=0 finish_fail_ffn=0 cache_take_fail_up=0 cache_take_fail_gate=0 recv_up_sum_abs=0.000000e+00 recv_up_max_abs=0.000000e+00 recv_up_zero=0 recv_gate_sum_abs=0.000000e+00 recv_gate_max_abs=0.000000e+00 recv_gate_zero=0 recv_down_sum_abs=0.000000e+00 recv_down_max_abs=0.000000e+00 recv_down_zero=0 recv_other_sum_abs=0.000000e+00 recv_other_max_abs=0.000000e+00 recv_other_zero=0 recv_ffn_sum_abs=0.000000e+00 recv_ffn_max_abs=0.000000e+00 recv_ffn_zero=0
SUCCEED (one forward pass done)"
8c_adv_03,0,baseline_no_svd,"60,61,62,63,64,65,66,67",ok,"60,61,62,63,64,65,66,67","30,40,50,60,90,90,100,100","1,1,1,1,1,2,3,4",matrixprod,"0,0,0,0,0,0,0,0",31.0463,1030.72,8.921969890594482,"llama_context: graph splits = 1
attach_threadpool: call
threads: decode=8 batch=8
prompt tokens: 4
running one forward pass (llama_decode) ...
Top-5 next-token candidates:
  id=11 logit=21.0211 piece="",""
  id=3837 logit=19.3304 piece=""，""
  id=1052 logit=19.1368 piece="" there""
  id=304 logit=19.024 piece="" in""
  id=264 logit=18.1601 piece="" a""
Autoregressive generation:
Generated text: , there was a little girl named Lily. She lived in a small village with her family. One day, Lily's mom told her about a magical forest that
Decode-only throughput: 31.0463 tokens/s (32 tokens in 1.03072 s of llama_decode)
End-to-end throughput: 30.6587 tokens/s (32 tokens in 1.04375 s)
[decode-stage-profile] model_load=930.033 ms context_create=58.1913 ms tokenize=0.505253 ms prefill_decode=6688.45 ms generation_decode=1030.72 ms generation_total=1043.75 ms program_total=8736.53 ms
[svd-local-op-profile] up_ops=0 gate_ops=0 down_ops=0 up_total=0.000 ms gate_total=0.000 ms down_total=0.000 ms up_v=0.000 ms gate_v=0.000 ms down_v=0.000 ms up_u=0.000 ms gate_u=0.000 ms down_u=0.000 ms
[svd-local-stage-profile] attention_total=1090.601 ms ffn_total=1384.318 ms ffn_svd_total=0.000 ms ffn_svd_v=0.000 ms ffn_svd_u=0.000 ms
[svd-offload-zero-profile] up_finish=0 up_cache=0 up_no_request=0 gate_finish=0 gate_cache=0 gate_no_request=0 down_finish=0 down_cache=0 down_no_request=0 other_finish=0 other_cache=0 other_no_request=0
[svd-local-timeout-profile] up_keep=0 up_drop=0 up_wait=0.000 ms gate_keep=0 gate_drop=0 gate_wait=0.000 ms down_keep=0 down_drop=0 down_wait=0.000 ms other_keep=0 other_drop=0 other_wait=0.000 ms
[svd-offload-client] up_gate_req=0 down_req=0 other_mat_req=0 ffn_req=0 gate_cache_hits=0 gate_cache_checks=0 miss_invalid=0 miss_layer=0 miss_rank=0 miss_hash=0 miss_output=0 miss_data=0 send_up_gate=0.000 ms send_down=0.000 ms send_other=0.000 ms send_ffn=0.000 ms wait_up_gate=0.000 ms wait_down=0.000 ms wait_other=0.000 ms wait_ffn=0.000 ms
[svd-offload-client-stage-profile] rpc_send_total=0.000 ms rpc_wait_total=0.000 ms
[svd-offload-client-debug] finish_fail_up_gate=0 finish_fail_down=0 finish_fail_other=0 finish_fail_ffn=0 cache_take_fail_up=0 cache_take_fail_gate=0 recv_up_sum_abs=0.000000e+00 recv_up_max_abs=0.000000e+00 recv_up_zero=0 recv_gate_sum_abs=0.000000e+00 recv_gate_max_abs=0.000000e+00 recv_gate_zero=0 recv_down_sum_abs=0.000000e+00 recv_down_max_abs=0.000000e+00 recv_down_zero=0 recv_other_sum_abs=0.000000e+00 recv_other_max_abs=0.000000e+00 recv_other_zero=0 recv_ffn_sum_abs=0.000000e+00 recv_ffn_max_abs=0.000000e+00 recv_ffn_zero=0
SUCCEED (one forward pass done)"
8c_adv_03,0,major_only_no_svd,p=1;major=60,ok,"60,61,62,63,64,65,66,67","30,40,50,60,90,90,100,100","1,1,1,1,1,2,3,4",matrixprod,"0,0,0,0,0,0,0,0",6.62547,4829.85,6.180396795272827,"llama_context: graph splits = 1
attach_threadpool: call
threads: decode=1 batch=1
prompt tokens: 4
running one forward pass (llama_decode) ...
Top-5 next-token candidates:
  id=11 logit=21.0211 piece="",""
  id=3837 logit=19.3304 piece=""，""
  id=1052 logit=19.1368 piece="" there""
  id=304 logit=19.024 piece="" in""
  id=264 logit=18.1601 piece="" a""
Autoregressive generation:
Generated text: , there was a little girl named Lily. She lived in a small village with her family. One day, Lily's mom told her about a magical forest that
Decode-only throughput: 6.62547 tokens/s (32 tokens in 4.82985 s of llama_decode)
End-to-end throughput: 6.61041 tokens/s (32 tokens in 4.84085 s)
[decode-stage-profile] model_load=913.265 ms context_create=62.6337 ms tokenize=0.524734 ms prefill_decode=177.95 ms generation_decode=4829.85 ms generation_total=4840.85 ms program_total=6011.16 ms
[svd-local-op-profile] up_ops=0 gate_ops=0 down_ops=0 up_total=0.000 ms gate_total=0.000 ms down_total=0.000 ms up_v=0.000 ms gate_v=0.000 ms down_v=0.000 ms up_u=0.000 ms gate_u=0.000 ms down_u=0.000 ms
[svd-local-stage-profile] attention_total=47.362 ms ffn_total=3561.964 ms ffn_svd_total=0.000 ms ffn_svd_v=0.000 ms ffn_svd_u=0.000 ms
[svd-offload-zero-profile] up_finish=0 up_cache=0 up_no_request=0 gate_finish=0 gate_cache=0 gate_no_request=0 down_finish=0 down_cache=0 down_no_request=0 other_finish=0 other_cache=0 other_no_request=0
[svd-local-timeout-profile] up_keep=0 up_drop=0 up_wait=0.000 ms gate_keep=0 gate_drop=0 gate_wait=0.000 ms down_keep=0 down_drop=0 down_wait=0.000 ms other_keep=0 other_drop=0 other_wait=0.000 ms
[svd-offload-client] up_gate_req=0 down_req=0 other_mat_req=0 ffn_req=0 gate_cache_hits=0 gate_cache_checks=0 miss_invalid=0 miss_layer=0 miss_rank=0 miss_hash=0 miss_output=0 miss_data=0 send_up_gate=0.000 ms send_down=0.000 ms send_other=0.000 ms send_ffn=0.000 ms wait_up_gate=0.000 ms wait_down=0.000 ms wait_other=0.000 ms wait_ffn=0.000 ms
[svd-offload-client-stage-profile] rpc_send_total=0.000 ms rpc_wait_total=0.000 ms
[svd-offload-client-debug] finish_fail_up_gate=0 finish_fail_down=0 finish_fail_other=0 finish_fail_ffn=0 cache_take_fail_up=0 cache_take_fail_gate=0 recv_up_sum_abs=0.000000e+00 recv_up_max_abs=0.000000e+00 recv_up_zero=0 recv_gate_sum_abs=0.000000e+00 recv_gate_max_abs=0.000000e+00 recv_gate_zero=0 recv_down_sum_abs=0.000000e+00 recv_down_max_abs=0.000000e+00 recv_down_zero=0 recv_other_sum_abs=0.000000e+00 recv_other_max_abs=0.000000e+00 recv_other_zero=0 recv_ffn_sum_abs=0.000000e+00 recv_ffn_max_abs=0.000000e+00 recv_ffn_zero=0
SUCCEED (one forward pass done)"
8c_adv_03,0,major_only_no_svd,"p=2;major=60,61",ok,"60,61,62,63,64,65,66,67","30,40,50,60,90,90,100,100","1,1,1,1,1,2,3,4",matrixprod,"0,0,0,0,0,0,0,0",13.7118,2333.76,3.587692975997925,"llama_context: graph splits = 1
attach_threadpool: call
threads: decode=2 batch=2
prompt tokens: 4
running one forward pass (llama_decode) ...
Top-5 next-token candidates:
  id=11 logit=21.0211 piece="",""
  id=3837 logit=19.3304 piece=""，""
  id=1052 logit=19.1368 piece="" there""
  id=304 logit=19.024 piece="" in""
  id=264 logit=18.1601 piece="" a""
Autoregressive generation:
Generated text: , there was a little girl named Lily. She lived in a small village with her family. One day, Lily's mom told her about a magical forest that
Decode-only throughput: 13.7118 tokens/s (32 tokens in 2.33376 s of llama_decode)
End-to-end throughput: 13.6449 tokens/s (32 tokens in 2.3452 s)
[decode-stage-profile] model_load=894.859 ms context_create=61.0548 ms tokenize=0.536757 ms prefill_decode=101.458 ms generation_decode=2333.76 ms generation_total=2345.2 ms program_total=3419.09 ms
[svd-local-op-profile] up_ops=0 gate_ops=0 down_ops=0 up_total=0.000 ms gate_total=0.000 ms down_total=0.000 ms up_v=0.000 ms gate_v=0.000 ms down_v=0.000 ms up_u=0.000 ms gate_u=0.000 ms down_u=0.000 ms
[svd-local-stage-profile] attention_total=28.423 ms ffn_total=1658.591 ms ffn_svd_total=0.000 ms ffn_svd_v=0.000 ms ffn_svd_u=0.000 ms
[svd-offload-zero-profile] up_finish=0 up_cache=0 up_no_request=0 gate_finish=0 gate_cache=0 gate_no_request=0 down_finish=0 down_cache=0 down_no_request=0 other_finish=0 other_cache=0 other_no_request=0
[svd-local-timeout-profile] up_keep=0 up_drop=0 up_wait=0.000 ms gate_keep=0 gate_drop=0 gate_wait=0.000 ms down_keep=0 down_drop=0 down_wait=0.000 ms other_keep=0 other_drop=0 other_wait=0.000 ms
[svd-offload-client] up_gate_req=0 down_req=0 other_mat_req=0 ffn_req=0 gate_cache_hits=0 gate_cache_checks=0 miss_invalid=0 miss_layer=0 miss_rank=0 miss_hash=0 miss_output=0 miss_data=0 send_up_gate=0.000 ms send_down=0.000 ms send_other=0.000 ms send_ffn=0.000 ms wait_up_gate=0.000 ms wait_down=0.000 ms wait_other=0.000 ms wait_ffn=0.000 ms
[svd-offload-client-stage-profile] rpc_send_total=0.000 ms rpc_wait_total=0.000 ms
[svd-offload-client-debug] finish_fail_up_gate=0 finish_fail_down=0 finish_fail_other=0 finish_fail_ffn=0 cache_take_fail_up=0 cache_take_fail_gate=0 recv_up_sum_abs=0.000000e+00 recv_up_max_abs=0.000000e+00 recv_up_zero=0 recv_gate_sum_abs=0.000000e+00 recv_gate_max_abs=0.000000e+00 recv_gate_zero=0 recv_down_sum_abs=0.000000e+00 recv_down_max_abs=0.000000e+00 recv_down_zero=0 recv_other_sum_abs=0.000000e+00 recv_other_max_abs=0.000000e+00 recv_other_zero=0 recv_ffn_sum_abs=0.000000e+00 recv_ffn_max_abs=0.000000e+00 recv_ffn_zero=0
SUCCEED (one forward pass done)"
8c_adv_03,0,major_only_no_svd,"p=3;major=60,61,62",ok,"60,61,62,63,64,65,66,67","30,40,50,60,90,90,100,100","1,1,1,1,1,2,3,4",matrixprod,"0,0,0,0,0,0,0,0",19.8036,1615.87,2.8637430667877197,"llama_context: graph splits = 1
attach_threadpool: call
threads: decode=3 batch=3
prompt tokens: 4
running one forward pass (llama_decode) ...
Top-5 next-token candidates:
  id=11 logit=21.0211 piece="",""
  id=3837 logit=19.3304 piece=""，""
  id=1052 logit=19.1368 piece="" there""
  id=304 logit=19.024 piece="" in""
  id=264 logit=18.1601 piece="" a""
Autoregressive generation:
Generated text: , there was a little girl named Lily. She lived in a small village with her family. One day, Lily's mom told her about a magical forest that
Decode-only throughput: 19.8036 tokens/s (32 tokens in 1.61587 s of llama_decode)
End-to-end throughput: 19.6626 tokens/s (32 tokens in 1.62745 s)
[decode-stage-profile] model_load=877.619 ms context_create=62.2025 ms tokenize=0.518006 ms prefill_decode=109.104 ms generation_decode=1615.87 ms generation_total=1627.45 ms program_total=2693.15 ms
[svd-local-op-profile] up_ops=0 gate_ops=0 down_ops=0 up_total=0.000 ms gate_total=0.000 ms down_total=0.000 ms up_v=0.000 ms gate_v=0.000 ms down_v=0.000 ms up_u=0.000 ms gate_u=0.000 ms down_u=0.000 ms
[svd-local-stage-profile] attention_total=36.300 ms ffn_total=1117.742 ms ffn_svd_total=0.000 ms ffn_svd_v=0.000 ms ffn_svd_u=0.000 ms
[svd-offload-zero-profile] up_finish=0 up_cache=0 up_no_request=0 gate_finish=0 gate_cache=0 gate_no_request=0 down_finish=0 down_cache=0 down_no_request=0 other_finish=0 other_cache=0 other_no_request=0
[svd-local-timeout-profile] up_keep=0 up_drop=0 up_wait=0.000 ms gate_keep=0 gate_drop=0 gate_wait=0.000 ms down_keep=0 down_drop=0 down_wait=0.000 ms other_keep=0 other_drop=0 other_wait=0.000 ms
[svd-offload-client] up_gate_req=0 down_req=0 other_mat_req=0 ffn_req=0 gate_cache_hits=0 gate_cache_checks=0 miss_invalid=0 miss_layer=0 miss_rank=0 miss_hash=0 miss_output=0 miss_data=0 send_up_gate=0.000 ms send_down=0.000 ms send_other=0.000 ms send_ffn=0.000 ms wait_up_gate=0.000 ms wait_down=0.000 ms wait_other=0.000 ms wait_ffn=0.000 ms
[svd-offload-client-stage-profile] rpc_send_total=0.000 ms rpc_wait_total=0.000 ms
[svd-offload-client-debug] finish_fail_up_gate=0 finish_fail_down=0 finish_fail_other=0 finish_fail_ffn=0 cache_take_fail_up=0 cache_take_fail_gate=0 recv_up_sum_abs=0.000000e+00 recv_up_max_abs=0.000000e+00 recv_up_zero=0 recv_gate_sum_abs=0.000000e+00 recv_gate_max_abs=0.000000e+00 recv_gate_zero=0 recv_down_sum_abs=0.000000e+00 recv_down_max_abs=0.000000e+00 recv_down_zero=0 recv_other_sum_abs=0.000000e+00 recv_other_max_abs=0.000000e+00 recv_other_zero=0 recv_ffn_sum_abs=0.000000e+00 recv_ffn_max_abs=0.000000e+00 recv_ffn_zero=0
SUCCEED (one forward pass done)"
8c_adv_03,0,major_only_no_svd,"p=4;major=60,61,62,63",ok,"60,61,62,63,64,65,66,67","30,40,50,60,90,90,100,100","1,1,1,1,1,2,3,4",matrixprod,"0,0,0,0,0,0,0,0",23.8865,1339.67,2.6869378089904785,"llama_context: graph splits = 1
attach_threadpool: call
threads: decode=4 batch=4
prompt tokens: 4
running one forward pass (llama_decode) ...
Top-5 next-token candidates:
  id=11 logit=21.0211 piece="",""
  id=3837 logit=19.3304 piece=""，""
  id=1052 logit=19.1368 piece="" there""
  id=304 logit=19.024 piece="" in""
  id=264 logit=18.1601 piece="" a""
Autoregressive generation:
Generated text: , there was a little girl named Lily. She lived in a small village with her family. One day, Lily's mom told her about a magical forest that
Decode-only throughput: 23.8865 tokens/s (32 tokens in 1.33967 s of llama_decode)
End-to-end throughput: 23.6811 tokens/s (32 tokens in 1.35129 s)
[decode-stage-profile] model_load=902.095 ms context_create=62.8807 ms tokenize=0.52442 ms prefill_decode=170.957 ms generation_decode=1339.67 ms generation_total=1351.29 ms program_total=2504.4 ms
[svd-local-op-profile] up_ops=0 gate_ops=0 down_ops=0 up_total=0.000 ms gate_total=0.000 ms down_total=0.000 ms up_v=0.000 ms gate_v=0.000 ms down_v=0.000 ms up_u=0.000 ms gate_u=0.000 ms down_u=0.000 ms
[svd-local-stage-profile] attention_total=73.114 ms ffn_total=919.614 ms ffn_svd_total=0.000 ms ffn_svd_v=0.000 ms ffn_svd_u=0.000 ms
[svd-offload-zero-profile] up_finish=0 up_cache=0 up_no_request=0 gate_finish=0 gate_cache=0 gate_no_request=0 down_finish=0 down_cache=0 down_no_request=0 other_finish=0 other_cache=0 other_no_request=0
[svd-local-timeout-profile] up_keep=0 up_drop=0 up_wait=0.000 ms gate_keep=0 gate_drop=0 gate_wait=0.000 ms down_keep=0 down_drop=0 down_wait=0.000 ms other_keep=0 other_drop=0 other_wait=0.000 ms
[svd-offload-client] up_gate_req=0 down_req=0 other_mat_req=0 ffn_req=0 gate_cache_hits=0 gate_cache_checks=0 miss_invalid=0 miss_layer=0 miss_rank=0 miss_hash=0 miss_output=0 miss_data=0 send_up_gate=0.000 ms send_down=0.000 ms send_other=0.000 ms send_ffn=0.000 ms wait_up_gate=0.000 ms wait_down=0.000 ms wait_other=0.000 ms wait_ffn=0.000 ms
[svd-offload-client-stage-profile] rpc_send_total=0.000 ms rpc_wait_total=0.000 ms
[svd-offload-client-debug] finish_fail_up_gate=0 finish_fail_down=0 finish_fail_other=0 finish_fail_ffn=0 cache_take_fail_up=0 cache_take_fail_gate=0 recv_up_sum_abs=0.000000e+00 recv_up_max_abs=0.000000e+00 recv_up_zero=0 recv_gate_sum_abs=0.000000e+00 recv_gate_max_abs=0.000000e+00 recv_gate_zero=0 recv_down_sum_abs=0.000000e+00 recv_down_max_abs=0.000000e+00 recv_down_zero=0 recv_other_sum_abs=0.000000e+00 recv_other_max_abs=0.000000e+00 recv_other_zero=0 recv_ffn_sum_abs=0.000000e+00 recv_ffn_max_abs=0.000000e+00 recv_ffn_zero=0
SUCCEED (one forward pass done)"
8c_adv_03,0,major_only_no_svd,"p=5;major=60,61,62,63,64",ok,"60,61,62,63,64,65,66,67","30,40,50,60,90,90,100,100","1,1,1,1,1,2,3,4",matrixprod,"0,0,0,0,0,0,0,0",27.9408,1145.28,2.348496198654175,"llama_context: graph splits = 1
attach_threadpool: call
threads: decode=5 batch=5
prompt tokens: 4
running one forward pass (llama_decode) ...
Top-5 next-token candidates:
  id=11 logit=21.0211 piece="",""
  id=3837 logit=19.3304 piece=""，""
  id=1052 logit=19.1368 piece="" there""
  id=304 logit=19.024 piece="" in""
  id=264 logit=18.1601 piece="" a""
Autoregressive generation:
Generated text: , there was a little girl named Lily. She lived in a small village with her family. One day, Lily's mom told her about a magical forest that
Decode-only throughput: 27.9408 tokens/s (32 tokens in 1.14528 s of llama_decode)
End-to-end throughput: 27.6606 tokens/s (32 tokens in 1.15688 s)
[decode-stage-profile] model_load=880.355 ms context_create=58.7713 ms tokenize=0.492385 ms prefill_decode=53.8841 ms generation_decode=1145.28 ms generation_total=1156.88 ms program_total=2166.07 ms
[svd-local-op-profile] up_ops=0 gate_ops=0 down_ops=0 up_total=0.000 ms gate_total=0.000 ms down_total=0.000 ms up_v=0.000 ms gate_v=0.000 ms down_v=0.000 ms up_u=0.000 ms gate_u=0.000 ms down_u=0.000 ms
[svd-local-stage-profile] attention_total=17.926 ms ffn_total=765.437 ms ffn_svd_total=0.000 ms ffn_svd_v=0.000 ms ffn_svd_u=0.000 ms
[svd-offload-zero-profile] up_finish=0 up_cache=0 up_no_request=0 gate_finish=0 gate_cache=0 gate_no_request=0 down_finish=0 down_cache=0 down_no_request=0 other_finish=0 other_cache=0 other_no_request=0
[svd-local-timeout-profile] up_keep=0 up_drop=0 up_wait=0.000 ms gate_keep=0 gate_drop=0 gate_wait=0.000 ms down_keep=0 down_drop=0 down_wait=0.000 ms other_keep=0 other_drop=0 other_wait=0.000 ms
[svd-offload-client] up_gate_req=0 down_req=0 other_mat_req=0 ffn_req=0 gate_cache_hits=0 gate_cache_checks=0 miss_invalid=0 miss_layer=0 miss_rank=0 miss_hash=0 miss_output=0 miss_data=0 send_up_gate=0.000 ms send_down=0.000 ms send_other=0.000 ms send_ffn=0.000 ms wait_up_gate=0.000 ms wait_down=0.000 ms wait_other=0.000 ms wait_ffn=0.000 ms
[svd-offload-client-stage-profile] rpc_send_total=0.000 ms rpc_wait_total=0.000 ms
[svd-offload-client-debug] finish_fail_up_gate=0 finish_fail_down=0 finish_fail_other=0 finish_fail_ffn=0 cache_take_fail_up=0 cache_take_fail_gate=0 recv_up_sum_abs=0.000000e+00 recv_up_max_abs=0.000000e+00 recv_up_zero=0 recv_gate_sum_abs=0.000000e+00 recv_gate_max_abs=0.000000e+00 recv_gate_zero=0 recv_down_sum_abs=0.000000e+00 recv_down_max_abs=0.000000e+00 recv_down_zero=0 recv_other_sum_abs=0.000000e+00 recv_other_max_abs=0.000000e+00 recv_other_zero=0 recv_ffn_sum_abs=0.000000e+00 recv_ffn_max_abs=0.000000e+00 recv_ffn_zero=0
SUCCEED (one forward pass done)"
8c_adv_03,0,major_only_no_svd,"p=6;major=60,61,62,63,64,65",ok,"60,61,62,63,64,65,66,67","30,40,50,60,90,90,100,100","1,1,1,1,1,2,3,4",matrixprod,"0,0,0,0,0,0,0,0",31.0792,1029.63,8.815612077713013,"llama_context: graph splits = 1
attach_threadpool: call
threads: decode=6 batch=6
prompt tokens: 4
running one forward pass (llama_decode) ...
Top-5 next-token candidates:
  id=11 logit=21.0211 piece="",""
  id=3837 logit=19.3304 piece=""，""
  id=1052 logit=19.1368 piece="" there""
  id=304 logit=19.024 piece="" in""
  id=264 logit=18.1601 piece="" a""
Autoregressive generation:
Generated text: , there was a little girl named Lily. She lived in a small village with her family. One day, Lily's mom told her about a magical forest that
Decode-only throughput: 31.0792 tokens/s (32 tokens in 1.02963 s of llama_decode)
End-to-end throughput: 30.7168 tokens/s (32 tokens in 1.04178 s)
[decode-stage-profile] model_load=891.231 ms context_create=60.5628 ms tokenize=0.495968 ms prefill_decode=6623.04 ms generation_decode=1029.63 ms generation_total=1041.78 ms program_total=8634.16 ms
[svd-local-op-profile] up_ops=0 gate_ops=0 down_ops=0 up_total=0.000 ms gate_total=0.000 ms down_total=0.000 ms up_v=0.000 ms gate_v=0.000 ms down_v=0.000 ms up_u=0.000 ms gate_u=0.000 ms down_u=0.000 ms
[svd-local-stage-profile] attention_total=1106.193 ms ffn_total=1336.148 ms ffn_svd_total=0.000 ms ffn_svd_v=0.000 ms ffn_svd_u=0.000 ms
[svd-offload-zero-profile] up_finish=0 up_cache=0 up_no_request=0 gate_finish=0 gate_cache=0 gate_no_request=0 down_finish=0 down_cache=0 down_no_request=0 other_finish=0 other_cache=0 other_no_request=0
[svd-local-timeout-profile] up_keep=0 up_drop=0 up_wait=0.000 ms gate_keep=0 gate_drop=0 gate_wait=0.000 ms down_keep=0 down_drop=0 down_wait=0.000 ms other_keep=0 other_drop=0 other_wait=0.000 ms
[svd-offload-client] up_gate_req=0 down_req=0 other_mat_req=0 ffn_req=0 gate_cache_hits=0 gate_cache_checks=0 miss_invalid=0 miss_layer=0 miss_rank=0 miss_hash=0 miss_output=0 miss_data=0 send_up_gate=0.000 ms send_down=0.000 ms send_other=0.000 ms send_ffn=0.000 ms wait_up_gate=0.000 ms wait_down=0.000 ms wait_other=0.000 ms wait_ffn=0.000 ms
[svd-offload-client-stage-profile] rpc_send_total=0.000 ms rpc_wait_total=0.000 ms
[svd-offload-client-debug] finish_fail_up_gate=0 finish_fail_down=0 finish_fail_other=0 finish_fail_ffn=0 cache_take_fail_up=0 cache_take_fail_gate=0 recv_up_sum_abs=0.000000e+00 recv_up_max_abs=0.000000e+00 recv_up_zero=0 recv_gate_sum_abs=0.000000e+00 recv_gate_max_abs=0.000000e+00 recv_gate_zero=0 recv_down_sum_abs=0.000000e+00 recv_down_max_abs=0.000000e+00 recv_down_zero=0 recv_other_sum_abs=0.000000e+00 recv_other_max_abs=0.000000e+00 recv_other_zero=0 recv_ffn_sum_abs=0.000000e+00 recv_ffn_max_abs=0.000000e+00 recv_ffn_zero=0
SUCCEED (one forward pass done)"
8c_adv_03,0,major_only_no_svd,"p=7;major=60,61,62,63,64,65,66",ok,"60,61,62,63,64,65,66,67","30,40,50,60,90,90,100,100","1,1,1,1,1,2,3,4",matrixprod,"0,0,0,0,0,0,0,0",31.8819,1003.7,7.810582637786865,"llama_context: graph splits = 1
attach_threadpool: call
threads: decode=7 batch=7
prompt tokens: 4
running one forward pass (llama_decode) ...
Top-5 next-token candidates:
  id=11 logit=21.0211 piece="",""
  id=3837 logit=19.3304 piece=""，""
  id=1052 logit=19.1368 piece="" there""
  id=304 logit=19.024 piece="" in""
  id=264 logit=18.1601 piece="" a""
Autoregressive generation:
Generated text: , there was a little girl named Lily. She lived in a small village with her family. One day, Lily's mom told her about a magical forest that
Decode-only throughput: 31.8819 tokens/s (32 tokens in 1.0037 s of llama_decode)
End-to-end throughput: 31.5184 tokens/s (32 tokens in 1.01528 s)
[decode-stage-profile] model_load=877.837 ms context_create=60.0129 ms tokenize=0.495297 ms prefill_decode=5663.36 ms generation_decode=1003.7 ms generation_total=1015.28 ms program_total=7633.03 ms
[svd-local-op-profile] up_ops=0 gate_ops=0 down_ops=0 up_total=0.000 ms gate_total=0.000 ms down_total=0.000 ms up_v=0.000 ms gate_v=0.000 ms down_v=0.000 ms up_u=0.000 ms gate_u=0.000 ms down_u=0.000 ms
[svd-local-stage-profile] attention_total=845.979 ms ffn_total=1298.079 ms ffn_svd_total=0.000 ms ffn_svd_v=0.000 ms ffn_svd_u=0.000 ms
[svd-offload-zero-profile] up_finish=0 up_cache=0 up_no_request=0 gate_finish=0 gate_cache=0 gate_no_request=0 down_finish=0 down_cache=0 down_no_request=0 other_finish=0 other_cache=0 other_no_request=0
[svd-local-timeout-profile] up_keep=0 up_drop=0 up_wait=0.000 ms gate_keep=0 gate_drop=0 gate_wait=0.000 ms down_keep=0 down_drop=0 down_wait=0.000 ms other_keep=0 other_drop=0 other_wait=0.000 ms
[svd-offload-client] up_gate_req=0 down_req=0 other_mat_req=0 ffn_req=0 gate_cache_hits=0 gate_cache_checks=0 miss_invalid=0 miss_layer=0 miss_rank=0 miss_hash=0 miss_output=0 miss_data=0 send_up_gate=0.000 ms send_down=0.000 ms send_other=0.000 ms send_ffn=0.000 ms wait_up_gate=0.000 ms wait_down=0.000 ms wait_other=0.000 ms wait_ffn=0.000 ms
[svd-offload-client-stage-profile] rpc_send_total=0.000 ms rpc_wait_total=0.000 ms
[svd-offload-client-debug] finish_fail_up_gate=0 finish_fail_down=0 finish_fail_other=0 finish_fail_ffn=0 cache_take_fail_up=0 cache_take_fail_gate=0 recv_up_sum_abs=0.000000e+00 recv_up_max_abs=0.000000e+00 recv_up_zero=0 recv_gate_sum_abs=0.000000e+00 recv_gate_max_abs=0.000000e+00 recv_gate_zero=0 recv_down_sum_abs=0.000000e+00 recv_down_max_abs=0.000000e+00 recv_down_zero=0 recv_other_sum_abs=0.000000e+00 recv_other_max_abs=0.000000e+00 recv_other_zero=0 recv_ffn_sum_abs=0.000000e+00 recv_ffn_max_abs=0.000000e+00 recv_ffn_zero=0
SUCCEED (one forward pass done)"
