source_type,source,scenario,occupied_count,loads,baseline_tok_s,schedule_tok_s,speedup,ppl,policy,detail,credible_baseline,not_too_low_baseline,target2x_score,paper_score
major_only_new_search,src/llama.cpp/exp12_algorithms/results/target2x_major_only_search_20260505_r2/raw.csv,2occ_target2x_r2_03,2,"65,95,0,0,0,0,0,0",16.8531,43.3371,2.571461630204532,15.1424,major_only_no_svd,"p=7;major=62,63,64,65,66,67,60",True,True,0.5714616302045319,0.5714616302045319
major_only_new_search,src/llama.cpp/exp12_algorithms/results/target2x_major_only_search_20260505_r2/raw.csv,2occ_target2x_r2_05,2,"60,100,0,0,0,0,0,0",14.3629,37.2943,2.5965717229807352,15.1424,major_only_no_svd,"p=6;major=62,63,64,65,66,67",True,True,0.5965717229807352,0.5965717229807352
major_only_or_baseline,src/llama.cpp/exp12_algorithms/results/final_plot_dataset_q4_major_only_20260504/all_candidates.csv,2c_plot_search_06,2,"55,95,0,0,0,0,0,0",19.1913,24.6528,1.2845820762533025,15.1424,major_only_no_svd,p=1;major=62,True,True,0.7154179237466975,0.7154179237466975
major_only_or_baseline,src/llama.cpp/exp12_algorithms/results/final_plot_dataset_q4_major_only_20260504/all_candidates.csv,4c_plot_search_06,4,"70,80,90,100,0,0,0,0",12.7079,26.1769,2.05989187828044,15.1424,major_only_no_svd,p=1;major=64,True,True,0.05989187828043985,0.05989187828043985
major_only_or_baseline,src/llama.cpp/exp12_algorithms/results/final_plot_dataset_q4_major_only_20260504/all_candidates.csv,4c_plot_search_03,4,"50,50,80,90,0,0,0,0",21.0872,27.2058,1.2901570621040253,15.1424,major_only_no_svd,p=1;major=64,True,True,0.7098429378959747,0.7098429378959747
major_only_or_baseline,src/llama.cpp/exp12_algorithms/results/final_plot_dataset_q4_major_only_20260504/all_candidates.csv,6c_plot_extra_01,6,"10,30,70,90,100,100,0,0",10.35,17.2867,1.6702125603864737,15.1424,major_only_no_svd,p=1;major=66,True,True,0.3297874396135263,0.3297874396135263
major_only_or_baseline,src/llama.cpp/exp12_algorithms/results/final_plot_dataset_q4_major_only_20260504/all_candidates.csv,6c_plot_search_04,6,"60,60,80,80,100,100,0,0",18.1698,22.0302,1.212462437671301,15.1424,major_only_no_svd,p=1;major=66,True,True,0.7875375623286991,0.7875375623286991
svd_timeout,src/llama.cpp/exp12_algorithms/results/final_timeout_sweep_dataset_20260504/plot_timeout_sweep_long.csv,8occ_cfg3,8,"20,30,40,50,90,90,100,100",12.284,27.6323,2.249455,18.9954,svd_timeout,timeout=20ms;rate=odd_0.05,True,True,0.2494550000000002,0.2494550000000002
major_only_or_baseline,src/llama.cpp/exp12_algorithms/results/final_plot_dataset_q4_major_only_20260504/all_candidates.csv,8c_mw_01,8,"20,30,40,50,90,90,100,100",26.2608,34.3179,1.3068109120818865,15.1424,major_only_no_svd,"p=7;major=60,61,62,63,64,65,66",True,True,0.6931890879181135,0.6931890879181135
