scenario,repeat,policy,detail,status,hot_cpus,workers_per_hot,method,decode_tok_s,generation_decode_ms,prefill_decode_ms,elapsed_s,succeed,output_tail
4hot_matrix_1w,0,baseline_all_8c,"60,61,62,63,64,65,66,67",ok,"60,61,62,63",1,matrixprod,14.8273,2158.19,10190.5,13.896456718444824,True,"llama_context: graph splits = 1
attach_threadpool: call
threads: decode=8 batch=8
prompt tokens: 4
running one forward pass (llama_decode) ...
Top-5 next-token candidates:
  id=11 logit=21.0211 piece="",""
  id=3837 logit=19.3304 piece=""，""
  id=1052 logit=19.1368 piece="" there""
  id=304 logit=19.024 piece="" in""
  id=264 logit=18.1601 piece="" a""
Autoregressive generation:
Generated text: , there was a little girl named Lily. She lived in a small village with her family. One day, Lily's mom told her about a magical forest that
Decode-only throughput: 14.8273 tokens/s (32 tokens in 2.15819 s of llama_decode)
End-to-end throughput: 14.751 tokens/s (32 tokens in 2.16934 s)
[decode-stage-profile] model_load=1211.41 ms context_create=71.4114 ms tokenize=0.932506 ms prefill_decode=10190.5 ms generation_decode=2158.19 ms generation_total=2169.34 ms program_total=13661.7 ms
[svd-local-op-profile] up_ops=0 gate_ops=0 down_ops=0 up_total=0.000 ms gate_total=0.000 ms down_total=0.000 ms up_v=0.000 ms gate_v=0.000 ms down_v=0.000 ms up_u=0.000 ms gate_u=0.000 ms down_u=0.000 ms
[svd-local-stage-profile] attention_total=1977.759 ms ffn_total=2095.556 ms ffn_svd_total=0.000 ms ffn_svd_v=0.000 ms ffn_svd_u=0.000 ms
[svd-offload-zero-profile] up_finish=0 up_cache=0 up_no_request=0 gate_finish=0 gate_cache=0 gate_no_request=0 down_finish=0 down_cache=0 down_no_request=0 other_finish=0 other_cache=0 other_no_request=0
[svd-local-timeout-profile] up_keep=0 up_drop=0 up_wait=0.000 ms gate_keep=0 gate_drop=0 gate_wait=0.000 ms down_keep=0 down_drop=0 down_wait=0.000 ms other_keep=0 other_drop=0 other_wait=0.000 ms
[svd-offload-client] up_gate_req=0 down_req=0 other_mat_req=0 ffn_req=0 gate_cache_hits=0 gate_cache_checks=0 miss_invalid=0 miss_layer=0 miss_rank=0 miss_hash=0 miss_output=0 miss_data=0 send_up_gate=0.000 ms send_down=0.000 ms send_other=0.000 ms send_ffn=0.000 ms wait_up_gate=0.000 ms wait_down=0.000 ms wait_other=0.000 ms wait_ffn=0.000 ms
[svd-offload-client-stage-profile] rpc_send_total=0.000 ms rpc_wait_total=0.000 ms
[svd-offload-client-debug] finish_fail_up_gate=0 finish_fail_down=0 finish_fail_other=0 finish_fail_ffn=0 cache_take_fail_up=0 cache_take_fail_gate=0 recv_up_sum_abs=0.000000e+00 recv_up_max_abs=0.000000e+00 recv_up_zero=0 recv_gate_sum_abs=0.000000e+00 recv_gate_max_abs=0.000000e+00 recv_gate_zero=0 recv_down_sum_abs=0.000000e+00 recv_down_max_abs=0.000000e+00 recv_down_zero=0 recv_other_sum_abs=0.000000e+00 recv_other_max_abs=0.000000e+00 recv_other_zero=0 recv_ffn_sum_abs=0.000000e+00 recv_ffn_max_abs=0.000000e+00 recv_ffn_zero=0
SUCCEED (one forward pass done)"
4hot_matrix_1w,0,major_only_no_svd,p=1;major=64,ok,"60,61,62,63",1,matrixprod,5.41659,5907.77,195.311,7.727455377578735,True,"llama_context: graph splits = 1
attach_threadpool: call
threads: decode=1 batch=1
prompt tokens: 4
running one forward pass (llama_decode) ...
Top-5 next-token candidates:
  id=11 logit=21.0211 piece="",""
  id=3837 logit=19.3304 piece=""，""
  id=1052 logit=19.1368 piece="" there""
  id=304 logit=19.024 piece="" in""
  id=264 logit=18.1601 piece="" a""
Autoregressive generation:
Generated text: , there was a little girl named Lily. She lived in a small village with her family. One day, Lily's mom told her about a magical forest that
Decode-only throughput: 5.41659 tokens/s (32 tokens in 5.90777 s of llama_decode)
End-to-end throughput: 5.40684 tokens/s (32 tokens in 5.91843 s)
[decode-stage-profile] model_load=1226.65 ms context_create=72.9674 ms tokenize=1.00986 ms prefill_decode=195.311 ms generation_decode=5907.77 ms generation_total=5918.43 ms program_total=7431.87 ms
[svd-local-op-profile] up_ops=0 gate_ops=0 down_ops=0 up_total=0.000 ms gate_total=0.000 ms down_total=0.000 ms up_v=0.000 ms gate_v=0.000 ms down_v=0.000 ms up_u=0.000 ms gate_u=0.000 ms down_u=0.000 ms
[svd-local-stage-profile] attention_total=58.670 ms ffn_total=4353.243 ms ffn_svd_total=0.000 ms ffn_svd_v=0.000 ms ffn_svd_u=0.000 ms
[svd-offload-zero-profile] up_finish=0 up_cache=0 up_no_request=0 gate_finish=0 gate_cache=0 gate_no_request=0 down_finish=0 down_cache=0 down_no_request=0 other_finish=0 other_cache=0 other_no_request=0
[svd-local-timeout-profile] up_keep=0 up_drop=0 up_wait=0.000 ms gate_keep=0 gate_drop=0 gate_wait=0.000 ms down_keep=0 down_drop=0 down_wait=0.000 ms other_keep=0 other_drop=0 other_wait=0.000 ms
[svd-offload-client] up_gate_req=0 down_req=0 other_mat_req=0 ffn_req=0 gate_cache_hits=0 gate_cache_checks=0 miss_invalid=0 miss_layer=0 miss_rank=0 miss_hash=0 miss_output=0 miss_data=0 send_up_gate=0.000 ms send_down=0.000 ms send_other=0.000 ms send_ffn=0.000 ms wait_up_gate=0.000 ms wait_down=0.000 ms wait_other=0.000 ms wait_ffn=0.000 ms
[svd-offload-client-stage-profile] rpc_send_total=0.000 ms rpc_wait_total=0.000 ms
[svd-offload-client-debug] finish_fail_up_gate=0 finish_fail_down=0 finish_fail_other=0 finish_fail_ffn=0 cache_take_fail_up=0 cache_take_fail_gate=0 recv_up_sum_abs=0.000000e+00 recv_up_max_abs=0.000000e+00 recv_up_zero=0 recv_gate_sum_abs=0.000000e+00 recv_gate_max_abs=0.000000e+00 recv_gate_zero=0 recv_down_sum_abs=0.000000e+00 recv_down_max_abs=0.000000e+00 recv_down_zero=0 recv_other_sum_abs=0.000000e+00 recv_other_max_abs=0.000000e+00 recv_other_zero=0 recv_ffn_sum_abs=0.000000e+00 recv_ffn_max_abs=0.000000e+00 recv_ffn_zero=0
SUCCEED (one forward pass done)"
4hot_matrix_1w,0,major_only_no_svd,"p=2;major=64,65",ok,"60,61,62,63",1,matrixprod,11.2414,2846.63,108.375,4.575076580047607,True,"llama_context: graph splits = 1
attach_threadpool: call
threads: decode=2 batch=2
prompt tokens: 4
running one forward pass (llama_decode) ...
Top-5 next-token candidates:
  id=11 logit=21.0211 piece="",""
  id=3837 logit=19.3304 piece=""，""
  id=1052 logit=19.1368 piece="" there""
  id=304 logit=19.024 piece="" in""
  id=264 logit=18.1601 piece="" a""
Autoregressive generation:
Generated text: , there was a little girl named Lily. She lived in a small village with her family. One day, Lily's mom told her about a magical forest that
Decode-only throughput: 11.2414 tokens/s (32 tokens in 2.84663 s of llama_decode)
End-to-end throughput: 11.1966 tokens/s (32 tokens in 2.858 s)
[decode-stage-profile] model_load=1228.42 ms context_create=73.7252 ms tokenize=0.93341 ms prefill_decode=108.375 ms generation_decode=2846.63 ms generation_total=2858 ms program_total=4287.44 ms
[svd-local-op-profile] up_ops=0 gate_ops=0 down_ops=0 up_total=0.000 ms gate_total=0.000 ms down_total=0.000 ms up_v=0.000 ms gate_v=0.000 ms down_v=0.000 ms up_u=0.000 ms gate_u=0.000 ms down_u=0.000 ms
[svd-local-stage-profile] attention_total=24.356 ms ffn_total=2064.808 ms ffn_svd_total=0.000 ms ffn_svd_v=0.000 ms ffn_svd_u=0.000 ms
[svd-offload-zero-profile] up_finish=0 up_cache=0 up_no_request=0 gate_finish=0 gate_cache=0 gate_no_request=0 down_finish=0 down_cache=0 down_no_request=0 other_finish=0 other_cache=0 other_no_request=0
[svd-local-timeout-profile] up_keep=0 up_drop=0 up_wait=0.000 ms gate_keep=0 gate_drop=0 gate_wait=0.000 ms down_keep=0 down_drop=0 down_wait=0.000 ms other_keep=0 other_drop=0 other_wait=0.000 ms
[svd-offload-client] up_gate_req=0 down_req=0 other_mat_req=0 ffn_req=0 gate_cache_hits=0 gate_cache_checks=0 miss_invalid=0 miss_layer=0 miss_rank=0 miss_hash=0 miss_output=0 miss_data=0 send_up_gate=0.000 ms send_down=0.000 ms send_other=0.000 ms send_ffn=0.000 ms wait_up_gate=0.000 ms wait_down=0.000 ms wait_other=0.000 ms wait_ffn=0.000 ms
[svd-offload-client-stage-profile] rpc_send_total=0.000 ms rpc_wait_total=0.000 ms
[svd-offload-client-debug] finish_fail_up_gate=0 finish_fail_down=0 finish_fail_other=0 finish_fail_ffn=0 cache_take_fail_up=0 cache_take_fail_gate=0 recv_up_sum_abs=0.000000e+00 recv_up_max_abs=0.000000e+00 recv_up_zero=0 recv_gate_sum_abs=0.000000e+00 recv_gate_max_abs=0.000000e+00 recv_gate_zero=0 recv_down_sum_abs=0.000000e+00 recv_down_max_abs=0.000000e+00 recv_down_zero=0 recv_other_sum_abs=0.000000e+00 recv_other_max_abs=0.000000e+00 recv_other_zero=0 recv_ffn_sum_abs=0.000000e+00 recv_ffn_max_abs=0.000000e+00 recv_ffn_zero=0
SUCCEED (one forward pass done)"
4hot_matrix_1w,0,major_only_no_svd,"p=3;major=64,65,66",ok,"60,61,62,63",1,matrixprod,16.147,1981.79,82.7735,3.6683313846588135,True,"llama_context: graph splits = 1
attach_threadpool: call
threads: decode=3 batch=3
prompt tokens: 4
running one forward pass (llama_decode) ...
Top-5 next-token candidates:
  id=11 logit=21.0211 piece="",""
  id=3837 logit=19.3304 piece=""，""
  id=1052 logit=19.1368 piece="" there""
  id=304 logit=19.024 piece="" in""
  id=264 logit=18.1601 piece="" a""
Autoregressive generation:
Generated text: , there was a little girl named Lily. She lived in a small village with her family. One day, Lily's mom told her about a magical forest that
Decode-only throughput: 16.147 tokens/s (32 tokens in 1.98179 s of llama_decode)
End-to-end throughput: 16.0523 tokens/s (32 tokens in 1.99349 s)
[decode-stage-profile] model_load=1215.3 ms context_create=73.1957 ms tokenize=0.969027 ms prefill_decode=82.7735 ms generation_decode=1981.79 ms generation_total=1993.49 ms program_total=3383.73 ms
[svd-local-op-profile] up_ops=0 gate_ops=0 down_ops=0 up_total=0.000 ms gate_total=0.000 ms down_total=0.000 ms up_v=0.000 ms gate_v=0.000 ms down_v=0.000 ms up_u=0.000 ms gate_u=0.000 ms down_u=0.000 ms
[svd-local-stage-profile] attention_total=21.056 ms ffn_total=1428.419 ms ffn_svd_total=0.000 ms ffn_svd_v=0.000 ms ffn_svd_u=0.000 ms
[svd-offload-zero-profile] up_finish=0 up_cache=0 up_no_request=0 gate_finish=0 gate_cache=0 gate_no_request=0 down_finish=0 down_cache=0 down_no_request=0 other_finish=0 other_cache=0 other_no_request=0
[svd-local-timeout-profile] up_keep=0 up_drop=0 up_wait=0.000 ms gate_keep=0 gate_drop=0 gate_wait=0.000 ms down_keep=0 down_drop=0 down_wait=0.000 ms other_keep=0 other_drop=0 other_wait=0.000 ms
[svd-offload-client] up_gate_req=0 down_req=0 other_mat_req=0 ffn_req=0 gate_cache_hits=0 gate_cache_checks=0 miss_invalid=0 miss_layer=0 miss_rank=0 miss_hash=0 miss_output=0 miss_data=0 send_up_gate=0.000 ms send_down=0.000 ms send_other=0.000 ms send_ffn=0.000 ms wait_up_gate=0.000 ms wait_down=0.000 ms wait_other=0.000 ms wait_ffn=0.000 ms
[svd-offload-client-stage-profile] rpc_send_total=0.000 ms rpc_wait_total=0.000 ms
[svd-offload-client-debug] finish_fail_up_gate=0 finish_fail_down=0 finish_fail_other=0 finish_fail_ffn=0 cache_take_fail_up=0 cache_take_fail_gate=0 recv_up_sum_abs=0.000000e+00 recv_up_max_abs=0.000000e+00 recv_up_zero=0 recv_gate_sum_abs=0.000000e+00 recv_gate_max_abs=0.000000e+00 recv_gate_zero=0 recv_down_sum_abs=0.000000e+00 recv_down_max_abs=0.000000e+00 recv_down_zero=0 recv_other_sum_abs=0.000000e+00 recv_other_max_abs=0.000000e+00 recv_other_zero=0 recv_ffn_sum_abs=0.000000e+00 recv_ffn_max_abs=0.000000e+00 recv_ffn_zero=0
SUCCEED (one forward pass done)"
4hot_matrix_1w,0,major_only_no_svd,"p=4;major=64,65,66,67",ok,"60,61,62,63",1,matrixprod,20.2154,1582.95,60.7524,3.253697633743286,True,"llama_context: graph splits = 1
attach_threadpool: call
threads: decode=4 batch=4
prompt tokens: 4
running one forward pass (llama_decode) ...
Top-5 next-token candidates:
  id=11 logit=21.0211 piece="",""
  id=3837 logit=19.3304 piece=""，""
  id=1052 logit=19.1368 piece="" there""
  id=304 logit=19.024 piece="" in""
  id=264 logit=18.1601 piece="" a""
Autoregressive generation:
Generated text: , there was a little girl named Lily. She lived in a small village with her family. One day, Lily's mom told her about a magical forest that
Decode-only throughput: 20.2154 tokens/s (32 tokens in 1.58295 s of llama_decode)
End-to-end throughput: 20.0648 tokens/s (32 tokens in 1.59483 s)
[decode-stage-profile] model_load=1223.06 ms context_create=72.3301 ms tokenize=0.919393 ms prefill_decode=60.7524 ms generation_decode=1582.95 ms generation_total=1594.83 ms program_total=2969.75 ms
[svd-local-op-profile] up_ops=0 gate_ops=0 down_ops=0 up_total=0.000 ms gate_total=0.000 ms down_total=0.000 ms up_v=0.000 ms gate_v=0.000 ms down_v=0.000 ms up_u=0.000 ms gate_u=0.000 ms down_u=0.000 ms
[svd-local-stage-profile] attention_total=20.387 ms ffn_total=1122.342 ms ffn_svd_total=0.000 ms ffn_svd_v=0.000 ms ffn_svd_u=0.000 ms
[svd-offload-zero-profile] up_finish=0 up_cache=0 up_no_request=0 gate_finish=0 gate_cache=0 gate_no_request=0 down_finish=0 down_cache=0 down_no_request=0 other_finish=0 other_cache=0 other_no_request=0
[svd-local-timeout-profile] up_keep=0 up_drop=0 up_wait=0.000 ms gate_keep=0 gate_drop=0 gate_wait=0.000 ms down_keep=0 down_drop=0 down_wait=0.000 ms other_keep=0 other_drop=0 other_wait=0.000 ms
[svd-offload-client] up_gate_req=0 down_req=0 other_mat_req=0 ffn_req=0 gate_cache_hits=0 gate_cache_checks=0 miss_invalid=0 miss_layer=0 miss_rank=0 miss_hash=0 miss_output=0 miss_data=0 send_up_gate=0.000 ms send_down=0.000 ms send_other=0.000 ms send_ffn=0.000 ms wait_up_gate=0.000 ms wait_down=0.000 ms wait_other=0.000 ms wait_ffn=0.000 ms
[svd-offload-client-stage-profile] rpc_send_total=0.000 ms rpc_wait_total=0.000 ms
[svd-offload-client-debug] finish_fail_up_gate=0 finish_fail_down=0 finish_fail_other=0 finish_fail_ffn=0 cache_take_fail_up=0 cache_take_fail_gate=0 recv_up_sum_abs=0.000000e+00 recv_up_max_abs=0.000000e+00 recv_up_zero=0 recv_gate_sum_abs=0.000000e+00 recv_gate_max_abs=0.000000e+00 recv_gate_zero=0 recv_down_sum_abs=0.000000e+00 recv_down_max_abs=0.000000e+00 recv_down_zero=0 recv_other_sum_abs=0.000000e+00 recv_other_max_abs=0.000000e+00 recv_other_zero=0 recv_ffn_sum_abs=0.000000e+00 recv_ffn_max_abs=0.000000e+00 recv_ffn_zero=0
SUCCEED (one forward pass done)"
4hot_matrix_1w,0,major_only_no_svd,"p=5;major=64,65,66,67,60",ok,"60,61,62,63",1,matrixprod,5.17321,6185.72,2504.07,10.296477556228638,True,"llama_context: graph splits = 1
attach_threadpool: call
threads: decode=5 batch=5
prompt tokens: 4
running one forward pass (llama_decode) ...
Top-5 next-token candidates:
  id=11 logit=21.0211 piece="",""
  id=3837 logit=19.3304 piece=""，""
  id=1052 logit=19.1368 piece="" there""
  id=304 logit=19.024 piece="" in""
  id=264 logit=18.1601 piece="" a""
Autoregressive generation:
Generated text: , there was a little girl named Lily. She lived in a small village with her family. One day, Lily's mom told her about a magical forest that
Decode-only throughput: 5.17321 tokens/s (32 tokens in 6.18572 s of llama_decode)
End-to-end throughput: 5.16339 tokens/s (32 tokens in 6.19748 s)
[decode-stage-profile] model_load=1214.04 ms context_create=73.8054 ms tokenize=0.926302 ms prefill_decode=2504.07 ms generation_decode=6185.72 ms generation_total=6197.48 ms program_total=10008.9 ms
[svd-local-op-profile] up_ops=0 gate_ops=0 down_ops=0 up_total=0.000 ms gate_total=0.000 ms down_total=0.000 ms up_v=0.000 ms gate_v=0.000 ms down_v=0.000 ms up_u=0.000 ms gate_u=0.000 ms down_u=0.000 ms
[svd-local-stage-profile] attention_total=1985.488 ms ffn_total=2291.766 ms ffn_svd_total=0.000 ms ffn_svd_v=0.000 ms ffn_svd_u=0.000 ms
[svd-offload-zero-profile] up_finish=0 up_cache=0 up_no_request=0 gate_finish=0 gate_cache=0 gate_no_request=0 down_finish=0 down_cache=0 down_no_request=0 other_finish=0 other_cache=0 other_no_request=0
[svd-local-timeout-profile] up_keep=0 up_drop=0 up_wait=0.000 ms gate_keep=0 gate_drop=0 gate_wait=0.000 ms down_keep=0 down_drop=0 down_wait=0.000 ms other_keep=0 other_drop=0 other_wait=0.000 ms
[svd-offload-client] up_gate_req=0 down_req=0 other_mat_req=0 ffn_req=0 gate_cache_hits=0 gate_cache_checks=0 miss_invalid=0 miss_layer=0 miss_rank=0 miss_hash=0 miss_output=0 miss_data=0 send_up_gate=0.000 ms send_down=0.000 ms send_other=0.000 ms send_ffn=0.000 ms wait_up_gate=0.000 ms wait_down=0.000 ms wait_other=0.000 ms wait_ffn=0.000 ms
[svd-offload-client-stage-profile] rpc_send_total=0.000 ms rpc_wait_total=0.000 ms
[svd-offload-client-debug] finish_fail_up_gate=0 finish_fail_down=0 finish_fail_other=0 finish_fail_ffn=0 cache_take_fail_up=0 cache_take_fail_gate=0 recv_up_sum_abs=0.000000e+00 recv_up_max_abs=0.000000e+00 recv_up_zero=0 recv_gate_sum_abs=0.000000e+00 recv_gate_max_abs=0.000000e+00 recv_gate_zero=0 recv_down_sum_abs=0.000000e+00 recv_down_max_abs=0.000000e+00 recv_down_zero=0 recv_other_sum_abs=0.000000e+00 recv_other_max_abs=0.000000e+00 recv_other_zero=0 recv_ffn_sum_abs=0.000000e+00 recv_ffn_max_abs=0.000000e+00 recv_ffn_zero=0
SUCCEED (one forward pass done)"
4hot_matrix_1w,0,major_only_no_svd,"p=6;major=64,65,66,67,60,61",ok,"60,61,62,63",1,matrixprod,8.81541,3630.01,10022.0,15.159375190734863,True,"llama_context: graph splits = 1
attach_threadpool: call
threads: decode=6 batch=6
prompt tokens: 4
running one forward pass (llama_decode) ...
Top-5 next-token candidates:
  id=11 logit=21.0211 piece="",""
  id=3837 logit=19.3304 piece=""，""
  id=1052 logit=19.1368 piece="" there""
  id=304 logit=19.024 piece="" in""
  id=264 logit=18.1601 piece="" a""
Autoregressive generation:
Generated text: , there was a little girl named Lily. She lived in a small village with her family. One day, Lily's mom told her about a magical forest that
Decode-only throughput: 8.81541 tokens/s (32 tokens in 3.63001 s of llama_decode)
End-to-end throughput: 8.78506 tokens/s (32 tokens in 3.64255 s)
[decode-stage-profile] model_load=1198.93 ms context_create=72.1116 ms tokenize=0.915985 ms prefill_decode=10022 ms generation_decode=3630.01 ms generation_total=3642.55 ms program_total=14953.3 ms
[svd-local-op-profile] up_ops=0 gate_ops=0 down_ops=0 up_total=0.000 ms gate_total=0.000 ms down_total=0.000 ms up_v=0.000 ms gate_v=0.000 ms down_v=0.000 ms up_u=0.000 ms gate_u=0.000 ms down_u=0.000 ms
[svd-local-stage-profile] attention_total=2517.059 ms ffn_total=2344.460 ms ffn_svd_total=0.000 ms ffn_svd_v=0.000 ms ffn_svd_u=0.000 ms
[svd-offload-zero-profile] up_finish=0 up_cache=0 up_no_request=0 gate_finish=0 gate_cache=0 gate_no_request=0 down_finish=0 down_cache=0 down_no_request=0 other_finish=0 other_cache=0 other_no_request=0
[svd-local-timeout-profile] up_keep=0 up_drop=0 up_wait=0.000 ms gate_keep=0 gate_drop=0 gate_wait=0.000 ms down_keep=0 down_drop=0 down_wait=0.000 ms other_keep=0 other_drop=0 other_wait=0.000 ms
[svd-offload-client] up_gate_req=0 down_req=0 other_mat_req=0 ffn_req=0 gate_cache_hits=0 gate_cache_checks=0 miss_invalid=0 miss_layer=0 miss_rank=0 miss_hash=0 miss_output=0 miss_data=0 send_up_gate=0.000 ms send_down=0.000 ms send_other=0.000 ms send_ffn=0.000 ms wait_up_gate=0.000 ms wait_down=0.000 ms wait_other=0.000 ms wait_ffn=0.000 ms
[svd-offload-client-stage-profile] rpc_send_total=0.000 ms rpc_wait_total=0.000 ms
[svd-offload-client-debug] finish_fail_up_gate=0 finish_fail_down=0 finish_fail_other=0 finish_fail_ffn=0 cache_take_fail_up=0 cache_take_fail_gate=0 recv_up_sum_abs=0.000000e+00 recv_up_max_abs=0.000000e+00 recv_up_zero=0 recv_gate_sum_abs=0.000000e+00 recv_gate_max_abs=0.000000e+00 recv_gate_zero=0 recv_down_sum_abs=0.000000e+00 recv_down_max_abs=0.000000e+00 recv_down_zero=0 recv_other_sum_abs=0.000000e+00 recv_other_max_abs=0.000000e+00 recv_other_zero=0 recv_ffn_sum_abs=0.000000e+00 recv_ffn_max_abs=0.000000e+00 recv_ffn_zero=0
SUCCEED (one forward pass done)"
4hot_matrix_1w,0,major_only_no_svd,"p=7;major=64,65,66,67,60,61,62",ok,"60,61,62,63",1,matrixprod,0.729389,43872.4,10178.2,55.23730111122131,True,"llama_context: graph splits = 1
attach_threadpool: call
threads: decode=7 batch=7
prompt tokens: 4
running one forward pass (llama_decode) ...
Top-5 next-token candidates:
  id=11 logit=21.0211 piece="",""
  id=3837 logit=19.3304 piece=""，""
  id=1052 logit=19.1368 piece="" there""
  id=304 logit=19.024 piece="" in""
  id=264 logit=18.1601 piece="" a""
Autoregressive generation:
Generated text: , there was a little girl named Lily. She lived in a small village with her family. One day, Lily's mom told her about a magical forest that
Decode-only throughput: 0.729389 tokens/s (32 tokens in 43.8724 s of llama_decode)
End-to-end throughput: 0.729186 tokens/s (32 tokens in 43.8845 s)
[decode-stage-profile] model_load=890.354 ms context_create=57.8424 ms tokenize=0.479444 ms prefill_decode=10178.2 ms generation_decode=43872.4 ms generation_total=43884.5 ms program_total=55026.6 ms
[svd-local-op-profile] up_ops=0 gate_ops=0 down_ops=0 up_total=0.000 ms gate_total=0.000 ms down_total=0.000 ms up_v=0.000 ms gate_v=0.000 ms down_v=0.000 ms up_u=0.000 ms gate_u=0.000 ms down_u=0.000 ms
[svd-local-stage-profile] attention_total=15611.151 ms ffn_total=10809.244 ms ffn_svd_total=0.000 ms ffn_svd_v=0.000 ms ffn_svd_u=0.000 ms
[svd-offload-zero-profile] up_finish=0 up_cache=0 up_no_request=0 gate_finish=0 gate_cache=0 gate_no_request=0 down_finish=0 down_cache=0 down_no_request=0 other_finish=0 other_cache=0 other_no_request=0
[svd-local-timeout-profile] up_keep=0 up_drop=0 up_wait=0.000 ms gate_keep=0 gate_drop=0 gate_wait=0.000 ms down_keep=0 down_drop=0 down_wait=0.000 ms other_keep=0 other_drop=0 other_wait=0.000 ms
[svd-offload-client] up_gate_req=0 down_req=0 other_mat_req=0 ffn_req=0 gate_cache_hits=0 gate_cache_checks=0 miss_invalid=0 miss_layer=0 miss_rank=0 miss_hash=0 miss_output=0 miss_data=0 send_up_gate=0.000 ms send_down=0.000 ms send_other=0.000 ms send_ffn=0.000 ms wait_up_gate=0.000 ms wait_down=0.000 ms wait_other=0.000 ms wait_ffn=0.000 ms
[svd-offload-client-stage-profile] rpc_send_total=0.000 ms rpc_wait_total=0.000 ms
[svd-offload-client-debug] finish_fail_up_gate=0 finish_fail_down=0 finish_fail_other=0 finish_fail_ffn=0 cache_take_fail_up=0 cache_take_fail_gate=0 recv_up_sum_abs=0.000000e+00 recv_up_max_abs=0.000000e+00 recv_up_zero=0 recv_gate_sum_abs=0.000000e+00 recv_gate_max_abs=0.000000e+00 recv_gate_zero=0 recv_down_sum_abs=0.000000e+00 recv_down_max_abs=0.000000e+00 recv_down_zero=0 recv_other_sum_abs=0.000000e+00 recv_other_max_abs=0.000000e+00 recv_other_zero=0 recv_ffn_sum_abs=0.000000e+00 recv_ffn_max_abs=0.000000e+00 recv_ffn_zero=0
SUCCEED (one forward pass done)"
4hot_matrix_1w,1,baseline_all_8c,"60,61,62,63,64,65,66,67",ok,"60,61,62,63",1,matrixprod,0.748064,42777.1,10304.6,54.2079222202301,True,"llama_context: graph splits = 1
attach_threadpool: call
threads: decode=8 batch=8
prompt tokens: 4
running one forward pass (llama_decode) ...
Top-5 next-token candidates:
  id=11 logit=21.0211 piece="",""
  id=3837 logit=19.3304 piece=""，""
  id=1052 logit=19.1368 piece="" there""
  id=304 logit=19.024 piece="" in""
  id=264 logit=18.1601 piece="" a""
Autoregressive generation:
Generated text: , there was a little girl named Lily. She lived in a small village with her family. One day, Lily's mom told her about a magical forest that
Decode-only throughput: 0.748064 tokens/s (32 tokens in 42.7771 s of llama_decode)
End-to-end throughput: 0.747868 tokens/s (32 tokens in 42.7883 s)
[decode-stage-profile] model_load=854.28 ms context_create=61.7168 ms tokenize=0.500022 ms prefill_decode=10304.6 ms generation_decode=42777.1 ms generation_total=42788.3 ms program_total=54028.6 ms
[svd-local-op-profile] up_ops=0 gate_ops=0 down_ops=0 up_total=0.000 ms gate_total=0.000 ms down_total=0.000 ms up_v=0.000 ms gate_v=0.000 ms down_v=0.000 ms up_u=0.000 ms gate_u=0.000 ms down_u=0.000 ms
[svd-local-stage-profile] attention_total=15161.779 ms ffn_total=10682.092 ms ffn_svd_total=0.000 ms ffn_svd_v=0.000 ms ffn_svd_u=0.000 ms
[svd-offload-zero-profile] up_finish=0 up_cache=0 up_no_request=0 gate_finish=0 gate_cache=0 gate_no_request=0 down_finish=0 down_cache=0 down_no_request=0 other_finish=0 other_cache=0 other_no_request=0
[svd-local-timeout-profile] up_keep=0 up_drop=0 up_wait=0.000 ms gate_keep=0 gate_drop=0 gate_wait=0.000 ms down_keep=0 down_drop=0 down_wait=0.000 ms other_keep=0 other_drop=0 other_wait=0.000 ms
[svd-offload-client] up_gate_req=0 down_req=0 other_mat_req=0 ffn_req=0 gate_cache_hits=0 gate_cache_checks=0 miss_invalid=0 miss_layer=0 miss_rank=0 miss_hash=0 miss_output=0 miss_data=0 send_up_gate=0.000 ms send_down=0.000 ms send_other=0.000 ms send_ffn=0.000 ms wait_up_gate=0.000 ms wait_down=0.000 ms wait_other=0.000 ms wait_ffn=0.000 ms
[svd-offload-client-stage-profile] rpc_send_total=0.000 ms rpc_wait_total=0.000 ms
[svd-offload-client-debug] finish_fail_up_gate=0 finish_fail_down=0 finish_fail_other=0 finish_fail_ffn=0 cache_take_fail_up=0 cache_take_fail_gate=0 recv_up_sum_abs=0.000000e+00 recv_up_max_abs=0.000000e+00 recv_up_zero=0 recv_gate_sum_abs=0.000000e+00 recv_gate_max_abs=0.000000e+00 recv_gate_zero=0 recv_down_sum_abs=0.000000e+00 recv_down_max_abs=0.000000e+00 recv_down_zero=0 recv_other_sum_abs=0.000000e+00 recv_other_max_abs=0.000000e+00 recv_other_zero=0 recv_ffn_sum_abs=0.000000e+00 recv_ffn_max_abs=0.000000e+00 recv_ffn_zero=0
SUCCEED (one forward pass done)"
4hot_matrix_1w,1,major_only_no_svd,p=1;major=64,ok,"60,61,62,63",1,matrixprod,7.28184,4394.49,176.09,5.937384843826294,True,"llama_context: graph splits = 1
attach_threadpool: call
threads: decode=1 batch=1
prompt tokens: 4
running one forward pass (llama_decode) ...
Top-5 next-token candidates:
  id=11 logit=21.0211 piece="",""
  id=3837 logit=19.3304 piece=""，""
  id=1052 logit=19.1368 piece="" there""
  id=304 logit=19.024 piece="" in""
  id=264 logit=18.1601 piece="" a""
Autoregressive generation:
Generated text: , there was a little girl named Lily. She lived in a small village with her family. One day, Lily's mom told her about a magical forest that
Decode-only throughput: 7.28184 tokens/s (32 tokens in 4.39449 s of llama_decode)
End-to-end throughput: 7.2639 tokens/s (32 tokens in 4.40534 s)
[decode-stage-profile] model_load=1078.81 ms context_create=53.2414 ms tokenize=0.875246 ms prefill_decode=176.09 ms generation_decode=4394.49 ms generation_total=4405.34 ms program_total=5724.77 ms
[svd-local-op-profile] up_ops=0 gate_ops=0 down_ops=0 up_total=0.000 ms gate_total=0.000 ms down_total=0.000 ms up_v=0.000 ms gate_v=0.000 ms down_v=0.000 ms up_u=0.000 ms gate_u=0.000 ms down_u=0.000 ms
[svd-local-stage-profile] attention_total=19.715 ms ffn_total=3044.673 ms ffn_svd_total=0.000 ms ffn_svd_v=0.000 ms ffn_svd_u=0.000 ms
[svd-offload-zero-profile] up_finish=0 up_cache=0 up_no_request=0 gate_finish=0 gate_cache=0 gate_no_request=0 down_finish=0 down_cache=0 down_no_request=0 other_finish=0 other_cache=0 other_no_request=0
[svd-local-timeout-profile] up_keep=0 up_drop=0 up_wait=0.000 ms gate_keep=0 gate_drop=0 gate_wait=0.000 ms down_keep=0 down_drop=0 down_wait=0.000 ms other_keep=0 other_drop=0 other_wait=0.000 ms
[svd-offload-client] up_gate_req=0 down_req=0 other_mat_req=0 ffn_req=0 gate_cache_hits=0 gate_cache_checks=0 miss_invalid=0 miss_layer=0 miss_rank=0 miss_hash=0 miss_output=0 miss_data=0 send_up_gate=0.000 ms send_down=0.000 ms send_other=0.000 ms send_ffn=0.000 ms wait_up_gate=0.000 ms wait_down=0.000 ms wait_other=0.000 ms wait_ffn=0.000 ms
[svd-offload-client-stage-profile] rpc_send_total=0.000 ms rpc_wait_total=0.000 ms
[svd-offload-client-debug] finish_fail_up_gate=0 finish_fail_down=0 finish_fail_other=0 finish_fail_ffn=0 cache_take_fail_up=0 cache_take_fail_gate=0 recv_up_sum_abs=0.000000e+00 recv_up_max_abs=0.000000e+00 recv_up_zero=0 recv_gate_sum_abs=0.000000e+00 recv_gate_max_abs=0.000000e+00 recv_gate_zero=0 recv_down_sum_abs=0.000000e+00 recv_down_max_abs=0.000000e+00 recv_down_zero=0 recv_other_sum_abs=0.000000e+00 recv_other_max_abs=0.000000e+00 recv_other_zero=0 recv_ffn_sum_abs=0.000000e+00 recv_ffn_max_abs=0.000000e+00 recv_ffn_zero=0
SUCCEED (one forward pass done)"
4hot_matrix_1w,1,major_only_no_svd,"p=2;major=64,65",ok,"60,61,62,63",1,matrixprod,13.2043,2423.45,103.235,3.9728684425354004,True,"llama_context: graph splits = 1
attach_threadpool: call
threads: decode=2 batch=2
prompt tokens: 4
running one forward pass (llama_decode) ...
Top-5 next-token candidates:
  id=11 logit=21.0211 piece="",""
  id=3837 logit=19.3304 piece=""，""
  id=1052 logit=19.1368 piece="" there""
  id=304 logit=19.024 piece="" in""
  id=264 logit=18.1601 piece="" a""
Autoregressive generation:
Generated text: , there was a little girl named Lily. She lived in a small village with her family. One day, Lily's mom told her about a magical forest that
Decode-only throughput: 13.2043 tokens/s (32 tokens in 2.42345 s of llama_decode)
End-to-end throughput: 13.1414 tokens/s (32 tokens in 2.43505 s)
[decode-stage-profile] model_load=1100.2 ms context_create=74.3044 ms tokenize=0.975281 ms prefill_decode=103.235 ms generation_decode=2423.45 ms generation_total=2435.05 ms program_total=3730.41 ms
[svd-local-op-profile] up_ops=0 gate_ops=0 down_ops=0 up_total=0.000 ms gate_total=0.000 ms down_total=0.000 ms up_v=0.000 ms gate_v=0.000 ms down_v=0.000 ms up_u=0.000 ms gate_u=0.000 ms down_u=0.000 ms
[svd-local-stage-profile] attention_total=23.797 ms ffn_total=1683.366 ms ffn_svd_total=0.000 ms ffn_svd_v=0.000 ms ffn_svd_u=0.000 ms
[svd-offload-zero-profile] up_finish=0 up_cache=0 up_no_request=0 gate_finish=0 gate_cache=0 gate_no_request=0 down_finish=0 down_cache=0 down_no_request=0 other_finish=0 other_cache=0 other_no_request=0
[svd-local-timeout-profile] up_keep=0 up_drop=0 up_wait=0.000 ms gate_keep=0 gate_drop=0 gate_wait=0.000 ms down_keep=0 down_drop=0 down_wait=0.000 ms other_keep=0 other_drop=0 other_wait=0.000 ms
[svd-offload-client] up_gate_req=0 down_req=0 other_mat_req=0 ffn_req=0 gate_cache_hits=0 gate_cache_checks=0 miss_invalid=0 miss_layer=0 miss_rank=0 miss_hash=0 miss_output=0 miss_data=0 send_up_gate=0.000 ms send_down=0.000 ms send_other=0.000 ms send_ffn=0.000 ms wait_up_gate=0.000 ms wait_down=0.000 ms wait_other=0.000 ms wait_ffn=0.000 ms
[svd-offload-client-stage-profile] rpc_send_total=0.000 ms rpc_wait_total=0.000 ms
[svd-offload-client-debug] finish_fail_up_gate=0 finish_fail_down=0 finish_fail_other=0 finish_fail_ffn=0 cache_take_fail_up=0 cache_take_fail_gate=0 recv_up_sum_abs=0.000000e+00 recv_up_max_abs=0.000000e+00 recv_up_zero=0 recv_gate_sum_abs=0.000000e+00 recv_gate_max_abs=0.000000e+00 recv_gate_zero=0 recv_down_sum_abs=0.000000e+00 recv_down_max_abs=0.000000e+00 recv_down_zero=0 recv_other_sum_abs=0.000000e+00 recv_other_max_abs=0.000000e+00 recv_other_zero=0 recv_ffn_sum_abs=0.000000e+00 recv_ffn_max_abs=0.000000e+00 recv_ffn_zero=0
SUCCEED (one forward pass done)"
4hot_matrix_1w,1,major_only_no_svd,"p=3;major=64,65,66",ok,"60,61,62,63",1,matrixprod,17.1377,1867.22,71.0194,3.2442567348480225,True,"llama_context: graph splits = 1
attach_threadpool: call
threads: decode=3 batch=3
prompt tokens: 4
running one forward pass (llama_decode) ...
Top-5 next-token candidates:
  id=11 logit=21.0211 piece="",""
  id=3837 logit=19.3304 piece=""，""
  id=1052 logit=19.1368 piece="" there""
  id=304 logit=19.024 piece="" in""
  id=264 logit=18.1601 piece="" a""
Autoregressive generation:
Generated text: , there was a little girl named Lily. She lived in a small village with her family. One day, Lily's mom told her about a magical forest that
Decode-only throughput: 17.1377 tokens/s (32 tokens in 1.86722 s of llama_decode)
End-to-end throughput: 17.0318 tokens/s (32 tokens in 1.87884 s)
[decode-stage-profile] model_load=994.321 ms context_create=54.9843 ms tokenize=0.44521 ms prefill_decode=71.0194 ms generation_decode=1867.22 ms generation_total=1878.84 ms program_total=3014.95 ms
[svd-local-op-profile] up_ops=0 gate_ops=0 down_ops=0 up_total=0.000 ms gate_total=0.000 ms down_total=0.000 ms up_v=0.000 ms gate_v=0.000 ms down_v=0.000 ms up_u=0.000 ms gate_u=0.000 ms down_u=0.000 ms
[svd-local-stage-profile] attention_total=20.042 ms ffn_total=1296.139 ms ffn_svd_total=0.000 ms ffn_svd_v=0.000 ms ffn_svd_u=0.000 ms
[svd-offload-zero-profile] up_finish=0 up_cache=0 up_no_request=0 gate_finish=0 gate_cache=0 gate_no_request=0 down_finish=0 down_cache=0 down_no_request=0 other_finish=0 other_cache=0 other_no_request=0
[svd-local-timeout-profile] up_keep=0 up_drop=0 up_wait=0.000 ms gate_keep=0 gate_drop=0 gate_wait=0.000 ms down_keep=0 down_drop=0 down_wait=0.000 ms other_keep=0 other_drop=0 other_wait=0.000 ms
[svd-offload-client] up_gate_req=0 down_req=0 other_mat_req=0 ffn_req=0 gate_cache_hits=0 gate_cache_checks=0 miss_invalid=0 miss_layer=0 miss_rank=0 miss_hash=0 miss_output=0 miss_data=0 send_up_gate=0.000 ms send_down=0.000 ms send_other=0.000 ms send_ffn=0.000 ms wait_up_gate=0.000 ms wait_down=0.000 ms wait_other=0.000 ms wait_ffn=0.000 ms
[svd-offload-client-stage-profile] rpc_send_total=0.000 ms rpc_wait_total=0.000 ms
[svd-offload-client-debug] finish_fail_up_gate=0 finish_fail_down=0 finish_fail_other=0 finish_fail_ffn=0 cache_take_fail_up=0 cache_take_fail_gate=0 recv_up_sum_abs=0.000000e+00 recv_up_max_abs=0.000000e+00 recv_up_zero=0 recv_gate_sum_abs=0.000000e+00 recv_gate_max_abs=0.000000e+00 recv_gate_zero=0 recv_down_sum_abs=0.000000e+00 recv_down_max_abs=0.000000e+00 recv_down_zero=0 recv_other_sum_abs=0.000000e+00 recv_other_max_abs=0.000000e+00 recv_other_zero=0 recv_ffn_sum_abs=0.000000e+00 recv_ffn_max_abs=0.000000e+00 recv_ffn_zero=0
SUCCEED (one forward pass done)"
4hot_matrix_1w,1,major_only_no_svd,"p=4;major=64,65,66,67",ok,"60,61,62,63",1,matrixprod,20.3575,1571.9,58.9555,3.137023448944092,True,"llama_context: graph splits = 1
attach_threadpool: call
threads: decode=4 batch=4
prompt tokens: 4
running one forward pass (llama_decode) ...
Top-5 next-token candidates:
  id=11 logit=21.0211 piece="",""
  id=3837 logit=19.3304 piece=""，""
  id=1052 logit=19.1368 piece="" there""
  id=304 logit=19.024 piece="" in""
  id=264 logit=18.1601 piece="" a""
Autoregressive generation:
Generated text: , there was a little girl named Lily. She lived in a small village with her family. One day, Lily's mom told her about a magical forest that
Decode-only throughput: 20.3575 tokens/s (32 tokens in 1.5719 s of llama_decode)
End-to-end throughput: 20.2064 tokens/s (32 tokens in 1.58366 s)
[decode-stage-profile] model_load=1175.03 ms context_create=66.4989 ms tokenize=0.894232 ms prefill_decode=58.9555 ms generation_decode=1571.9 ms generation_total=1583.66 ms program_total=2900.68 ms
[svd-local-op-profile] up_ops=0 gate_ops=0 down_ops=0 up_total=0.000 ms gate_total=0.000 ms down_total=0.000 ms up_v=0.000 ms gate_v=0.000 ms down_v=0.000 ms up_u=0.000 ms gate_u=0.000 ms down_u=0.000 ms
[svd-local-stage-profile] attention_total=19.103 ms ffn_total=1101.193 ms ffn_svd_total=0.000 ms ffn_svd_v=0.000 ms ffn_svd_u=0.000 ms
[svd-offload-zero-profile] up_finish=0 up_cache=0 up_no_request=0 gate_finish=0 gate_cache=0 gate_no_request=0 down_finish=0 down_cache=0 down_no_request=0 other_finish=0 other_cache=0 other_no_request=0
[svd-local-timeout-profile] up_keep=0 up_drop=0 up_wait=0.000 ms gate_keep=0 gate_drop=0 gate_wait=0.000 ms down_keep=0 down_drop=0 down_wait=0.000 ms other_keep=0 other_drop=0 other_wait=0.000 ms
[svd-offload-client] up_gate_req=0 down_req=0 other_mat_req=0 ffn_req=0 gate_cache_hits=0 gate_cache_checks=0 miss_invalid=0 miss_layer=0 miss_rank=0 miss_hash=0 miss_output=0 miss_data=0 send_up_gate=0.000 ms send_down=0.000 ms send_other=0.000 ms send_ffn=0.000 ms wait_up_gate=0.000 ms wait_down=0.000 ms wait_other=0.000 ms wait_ffn=0.000 ms
[svd-offload-client-stage-profile] rpc_send_total=0.000 ms rpc_wait_total=0.000 ms
[svd-offload-client-debug] finish_fail_up_gate=0 finish_fail_down=0 finish_fail_other=0 finish_fail_ffn=0 cache_take_fail_up=0 cache_take_fail_gate=0 recv_up_sum_abs=0.000000e+00 recv_up_max_abs=0.000000e+00 recv_up_zero=0 recv_gate_sum_abs=0.000000e+00 recv_gate_max_abs=0.000000e+00 recv_gate_zero=0 recv_down_sum_abs=0.000000e+00 recv_down_max_abs=0.000000e+00 recv_down_zero=0 recv_other_sum_abs=0.000000e+00 recv_other_max_abs=0.000000e+00 recv_other_zero=0 recv_ffn_sum_abs=0.000000e+00 recv_ffn_max_abs=0.000000e+00 recv_ffn_zero=0
SUCCEED (one forward pass done)"
4hot_matrix_1w,1,major_only_no_svd,"p=5;major=64,65,66,67,60",ok,"60,61,62,63",1,matrixprod,5.27748,6063.5,2333.27,9.686245441436768,True,"llama_context: graph splits = 1
attach_threadpool: call
threads: decode=5 batch=5
prompt tokens: 4
running one forward pass (llama_decode) ...
Top-5 next-token candidates:
  id=11 logit=21.0211 piece="",""
  id=3837 logit=19.3304 piece=""，""
  id=1052 logit=19.1368 piece="" there""
  id=304 logit=19.024 piece="" in""
  id=264 logit=18.1601 piece="" a""
Autoregressive generation:
Generated text: , there was a little girl named Lily. She lived in a small village with her family. One day, Lily's mom told her about a magical forest that
Decode-only throughput: 5.27748 tokens/s (32 tokens in 6.0635 s of llama_decode)
End-to-end throughput: 5.26733 tokens/s (32 tokens in 6.07518 s)
[decode-stage-profile] model_load=1035.32 ms context_create=46.3717 ms tokenize=0.472783 ms prefill_decode=2333.27 ms generation_decode=6063.5 ms generation_total=6075.18 ms program_total=9501.07 ms
[svd-local-op-profile] up_ops=0 gate_ops=0 down_ops=0 up_total=0.000 ms gate_total=0.000 ms down_total=0.000 ms up_v=0.000 ms gate_v=0.000 ms down_v=0.000 ms up_u=0.000 ms gate_u=0.000 ms down_u=0.000 ms
[svd-local-stage-profile] attention_total=1954.391 ms ffn_total=2059.649 ms ffn_svd_total=0.000 ms ffn_svd_v=0.000 ms ffn_svd_u=0.000 ms
[svd-offload-zero-profile] up_finish=0 up_cache=0 up_no_request=0 gate_finish=0 gate_cache=0 gate_no_request=0 down_finish=0 down_cache=0 down_no_request=0 other_finish=0 other_cache=0 other_no_request=0
[svd-local-timeout-profile] up_keep=0 up_drop=0 up_wait=0.000 ms gate_keep=0 gate_drop=0 gate_wait=0.000 ms down_keep=0 down_drop=0 down_wait=0.000 ms other_keep=0 other_drop=0 other_wait=0.000 ms
[svd-offload-client] up_gate_req=0 down_req=0 other_mat_req=0 ffn_req=0 gate_cache_hits=0 gate_cache_checks=0 miss_invalid=0 miss_layer=0 miss_rank=0 miss_hash=0 miss_output=0 miss_data=0 send_up_gate=0.000 ms send_down=0.000 ms send_other=0.000 ms send_ffn=0.000 ms wait_up_gate=0.000 ms wait_down=0.000 ms wait_other=0.000 ms wait_ffn=0.000 ms
[svd-offload-client-stage-profile] rpc_send_total=0.000 ms rpc_wait_total=0.000 ms
[svd-offload-client-debug] finish_fail_up_gate=0 finish_fail_down=0 finish_fail_other=0 finish_fail_ffn=0 cache_take_fail_up=0 cache_take_fail_gate=0 recv_up_sum_abs=0.000000e+00 recv_up_max_abs=0.000000e+00 recv_up_zero=0 recv_gate_sum_abs=0.000000e+00 recv_gate_max_abs=0.000000e+00 recv_gate_zero=0 recv_down_sum_abs=0.000000e+00 recv_down_max_abs=0.000000e+00 recv_down_zero=0 recv_other_sum_abs=0.000000e+00 recv_other_max_abs=0.000000e+00 recv_other_zero=0 recv_ffn_sum_abs=0.000000e+00 recv_ffn_max_abs=0.000000e+00 recv_ffn_zero=0
SUCCEED (one forward pass done)"
4hot_matrix_1w,1,major_only_no_svd,"p=6;major=64,65,66,67,60,61",ok,"60,61,62,63",1,matrixprod,31.8893,1003.47,9678.92,11.802932977676392,True,"llama_context: graph splits = 1
attach_threadpool: call
threads: decode=6 batch=6
prompt tokens: 4
running one forward pass (llama_decode) ...
Top-5 next-token candidates:
  id=11 logit=21.0211 piece="",""
  id=3837 logit=19.3304 piece=""，""
  id=1052 logit=19.1368 piece="" there""
  id=304 logit=19.024 piece="" in""
  id=264 logit=18.1601 piece="" a""
Autoregressive generation:
Generated text: , there was a little girl named Lily. She lived in a small village with her family. One day, Lily's mom told her about a magical forest that
Decode-only throughput: 31.8893 tokens/s (32 tokens in 1.00347 s of llama_decode)
End-to-end throughput: 31.5309 tokens/s (32 tokens in 1.01488 s)
[decode-stage-profile] model_load=823.934 ms context_create=43.5135 ms tokenize=0.461589 ms prefill_decode=9678.92 ms generation_decode=1003.47 ms generation_total=1014.88 ms program_total=11573.3 ms
[svd-local-op-profile] up_ops=0 gate_ops=0 down_ops=0 up_total=0.000 ms gate_total=0.000 ms down_total=0.000 ms up_v=0.000 ms gate_v=0.000 ms down_v=0.000 ms up_u=0.000 ms gate_u=0.000 ms down_u=0.000 ms
[svd-local-stage-profile] attention_total=1600.398 ms ffn_total=1635.937 ms ffn_svd_total=0.000 ms ffn_svd_v=0.000 ms ffn_svd_u=0.000 ms
[svd-offload-zero-profile] up_finish=0 up_cache=0 up_no_request=0 gate_finish=0 gate_cache=0 gate_no_request=0 down_finish=0 down_cache=0 down_no_request=0 other_finish=0 other_cache=0 other_no_request=0
[svd-local-timeout-profile] up_keep=0 up_drop=0 up_wait=0.000 ms gate_keep=0 gate_drop=0 gate_wait=0.000 ms down_keep=0 down_drop=0 down_wait=0.000 ms other_keep=0 other_drop=0 other_wait=0.000 ms
[svd-offload-client] up_gate_req=0 down_req=0 other_mat_req=0 ffn_req=0 gate_cache_hits=0 gate_cache_checks=0 miss_invalid=0 miss_layer=0 miss_rank=0 miss_hash=0 miss_output=0 miss_data=0 send_up_gate=0.000 ms send_down=0.000 ms send_other=0.000 ms send_ffn=0.000 ms wait_up_gate=0.000 ms wait_down=0.000 ms wait_other=0.000 ms wait_ffn=0.000 ms
[svd-offload-client-stage-profile] rpc_send_total=0.000 ms rpc_wait_total=0.000 ms
[svd-offload-client-debug] finish_fail_up_gate=0 finish_fail_down=0 finish_fail_other=0 finish_fail_ffn=0 cache_take_fail_up=0 cache_take_fail_gate=0 recv_up_sum_abs=0.000000e+00 recv_up_max_abs=0.000000e+00 recv_up_zero=0 recv_gate_sum_abs=0.000000e+00 recv_gate_max_abs=0.000000e+00 recv_gate_zero=0 recv_down_sum_abs=0.000000e+00 recv_down_max_abs=0.000000e+00 recv_down_zero=0 recv_other_sum_abs=0.000000e+00 recv_other_max_abs=0.000000e+00 recv_other_zero=0 recv_ffn_sum_abs=0.000000e+00 recv_ffn_max_abs=0.000000e+00 recv_ffn_zero=0
SUCCEED (one forward pass done)"
4hot_matrix_1w,1,major_only_no_svd,"p=7;major=64,65,66,67,60,61,62",ok,"60,61,62,63",1,matrixprod,0.858993,37252.9,10076.7,48.38761639595032,True,"llama_context: graph splits = 1
attach_threadpool: call
threads: decode=7 batch=7
prompt tokens: 4
running one forward pass (llama_decode) ...
Top-5 next-token candidates:
  id=11 logit=21.0211 piece="",""
  id=3837 logit=19.3304 piece=""，""
  id=1052 logit=19.1368 piece="" there""
  id=304 logit=19.024 piece="" in""
  id=264 logit=18.1601 piece="" a""
Autoregressive generation:
Generated text: , there was a little girl named Lily. She lived in a small village with her family. One day, Lily's mom told her about a magical forest that
Decode-only throughput: 0.858993 tokens/s (32 tokens in 37.2529 s of llama_decode)
End-to-end throughput: 0.858739 tokens/s (32 tokens in 37.2639 s)
[decode-stage-profile] model_load=808.452 ms context_create=43.8726 ms tokenize=0.464377 ms prefill_decode=10076.7 ms generation_decode=37252.9 ms generation_total=37263.9 ms program_total=48204 ms
[svd-local-op-profile] up_ops=0 gate_ops=0 down_ops=0 up_total=0.000 ms gate_total=0.000 ms down_total=0.000 ms up_v=0.000 ms gate_v=0.000 ms down_v=0.000 ms up_u=0.000 ms gate_u=0.000 ms down_u=0.000 ms
[svd-local-stage-profile] attention_total=13280.274 ms ffn_total=9515.807 ms ffn_svd_total=0.000 ms ffn_svd_v=0.000 ms ffn_svd_u=0.000 ms
[svd-offload-zero-profile] up_finish=0 up_cache=0 up_no_request=0 gate_finish=0 gate_cache=0 gate_no_request=0 down_finish=0 down_cache=0 down_no_request=0 other_finish=0 other_cache=0 other_no_request=0
[svd-local-timeout-profile] up_keep=0 up_drop=0 up_wait=0.000 ms gate_keep=0 gate_drop=0 gate_wait=0.000 ms down_keep=0 down_drop=0 down_wait=0.000 ms other_keep=0 other_drop=0 other_wait=0.000 ms
[svd-offload-client] up_gate_req=0 down_req=0 other_mat_req=0 ffn_req=0 gate_cache_hits=0 gate_cache_checks=0 miss_invalid=0 miss_layer=0 miss_rank=0 miss_hash=0 miss_output=0 miss_data=0 send_up_gate=0.000 ms send_down=0.000 ms send_other=0.000 ms send_ffn=0.000 ms wait_up_gate=0.000 ms wait_down=0.000 ms wait_other=0.000 ms wait_ffn=0.000 ms
[svd-offload-client-stage-profile] rpc_send_total=0.000 ms rpc_wait_total=0.000 ms
[svd-offload-client-debug] finish_fail_up_gate=0 finish_fail_down=0 finish_fail_other=0 finish_fail_ffn=0 cache_take_fail_up=0 cache_take_fail_gate=0 recv_up_sum_abs=0.000000e+00 recv_up_max_abs=0.000000e+00 recv_up_zero=0 recv_gate_sum_abs=0.000000e+00 recv_gate_max_abs=0.000000e+00 recv_gate_zero=0 recv_down_sum_abs=0.000000e+00 recv_down_max_abs=0.000000e+00 recv_down_zero=0 recv_other_sum_abs=0.000000e+00 recv_other_max_abs=0.000000e+00 recv_other_zero=0 recv_ffn_sum_abs=0.000000e+00 recv_ffn_max_abs=0.000000e+00 recv_ffn_zero=0
SUCCEED (one forward pass done)"
