scenario,repeat,n_cores,cpus,loads,model,policy,status,decode_tok_s,generation_decode_ms,prefill_decode_ms,elapsed_s,succeed,top1_id,top1_piece,output_tail
4c_ramp_light,0,4,"60,61,62,63","0,10,20,30",src/llama.cpp/gguf_models/qwen.gguf,original_qwen_no_svd,ok,13.5641,73.7242,94.8897,0.8145098686218262,True,11,",","llama_context: graph splits = 1
attach_threadpool: call
threads: decode=4 batch=4
prompt tokens: 4
running one forward pass (llama_decode) ...
Top-5 next-token candidates:
  id=11 logit=21.1865 piece="",""
  id=1052 logit=19.7827 piece="" there""
  id=3837 logit=19.7113 piece=""，""
  id=304 logit=19.3779 piece="" in""
  id=264 logit=19.0041 piece="" a""
Autoregressive generation:
Generated text: ,
Decode-only throughput: 13.5641 tokens/s (1 tokens in 0.0737242 s of llama_decode)
End-to-end throughput: 13.5269 tokens/s (1 tokens in 0.0739267 s)
[decode-stage-profile] model_load=407.925 ms context_create=42.0911 ms tokenize=0.435177 ms prefill_decode=94.8897 ms generation_decode=73.7242 ms generation_total=73.9267 ms program_total=629.477 ms
[svd-local-op-profile] up_ops=0 gate_ops=0 down_ops=0 up_total=0.000 ms gate_total=0.000 ms down_total=0.000 ms up_v=0.000 ms gate_v=0.000 ms down_v=0.000 ms up_u=0.000 ms gate_u=0.000 ms down_u=0.000 ms
[svd-local-stage-profile] attention_total=1.155 ms ffn_total=120.172 ms ffn_svd_total=0.000 ms ffn_svd_v=0.000 ms ffn_svd_u=0.000 ms
[svd-offload-zero-profile] up_finish=0 up_cache=0 up_no_request=0 gate_finish=0 gate_cache=0 gate_no_request=0 down_finish=0 down_cache=0 down_no_request=0 other_finish=0 other_cache=0 other_no_request=0
[svd-local-timeout-profile] up_keep=0 up_drop=0 up_wait=0.000 ms gate_keep=0 gate_drop=0 gate_wait=0.000 ms down_keep=0 down_drop=0 down_wait=0.000 ms other_keep=0 other_drop=0 other_wait=0.000 ms
[svd-offload-client] up_gate_req=0 down_req=0 other_mat_req=0 ffn_req=0 gate_cache_hits=0 gate_cache_checks=0 miss_invalid=0 miss_layer=0 miss_rank=0 miss_hash=0 miss_output=0 miss_data=0 send_up_gate=0.000 ms send_down=0.000 ms send_other=0.000 ms send_ffn=0.000 ms wait_up_gate=0.000 ms wait_down=0.000 ms wait_other=0.000 ms wait_ffn=0.000 ms
[svd-offload-client-stage-profile] rpc_send_total=0.000 ms rpc_wait_total=0.000 ms
[svd-offload-client-debug] finish_fail_up_gate=0 finish_fail_down=0 finish_fail_other=0 finish_fail_ffn=0 cache_take_fail_up=0 cache_take_fail_gate=0 recv_up_sum_abs=0.000000e+00 recv_up_max_abs=0.000000e+00 recv_up_zero=0 recv_gate_sum_abs=0.000000e+00 recv_gate_max_abs=0.000000e+00 recv_gate_zero=0 recv_down_sum_abs=0.000000e+00 recv_down_max_abs=0.000000e+00 recv_down_zero=0 recv_other_sum_abs=0.000000e+00 recv_other_max_abs=0.000000e+00 recv_other_zero=0 recv_ffn_sum_abs=0.000000e+00 recv_ffn_max_abs=0.000000e+00 recv_ffn_zero=0
SUCCEED (one forward pass done)"
4c_ramp_light,1,4,"60,61,62,63","0,10,20,30",src/llama.cpp/gguf_models/qwen.gguf,original_qwen_no_svd,ok,13.4796,74.1864,94.1835,0.8111572265625,True,11,",","llama_context: graph splits = 1
attach_threadpool: call
threads: decode=4 batch=4
prompt tokens: 4
running one forward pass (llama_decode) ...
Top-5 next-token candidates:
  id=11 logit=21.1865 piece="",""
  id=1052 logit=19.7827 piece="" there""
  id=3837 logit=19.7113 piece=""，""
  id=304 logit=19.3779 piece="" in""
  id=264 logit=19.0041 piece="" a""
Autoregressive generation:
Generated text: ,
Decode-only throughput: 13.4796 tokens/s (1 tokens in 0.0741864 s of llama_decode)
End-to-end throughput: 13.4461 tokens/s (1 tokens in 0.0743708 s)
[decode-stage-profile] model_load=406.434 ms context_create=42.9316 ms tokenize=0.444782 ms prefill_decode=94.1835 ms generation_decode=74.1864 ms generation_total=74.3708 ms program_total=628.527 ms
[svd-local-op-profile] up_ops=0 gate_ops=0 down_ops=0 up_total=0.000 ms gate_total=0.000 ms down_total=0.000 ms up_v=0.000 ms gate_v=0.000 ms down_v=0.000 ms up_u=0.000 ms gate_u=0.000 ms down_u=0.000 ms
[svd-local-stage-profile] attention_total=1.120 ms ffn_total=119.895 ms ffn_svd_total=0.000 ms ffn_svd_v=0.000 ms ffn_svd_u=0.000 ms
[svd-offload-zero-profile] up_finish=0 up_cache=0 up_no_request=0 gate_finish=0 gate_cache=0 gate_no_request=0 down_finish=0 down_cache=0 down_no_request=0 other_finish=0 other_cache=0 other_no_request=0
[svd-local-timeout-profile] up_keep=0 up_drop=0 up_wait=0.000 ms gate_keep=0 gate_drop=0 gate_wait=0.000 ms down_keep=0 down_drop=0 down_wait=0.000 ms other_keep=0 other_drop=0 other_wait=0.000 ms
[svd-offload-client] up_gate_req=0 down_req=0 other_mat_req=0 ffn_req=0 gate_cache_hits=0 gate_cache_checks=0 miss_invalid=0 miss_layer=0 miss_rank=0 miss_hash=0 miss_output=0 miss_data=0 send_up_gate=0.000 ms send_down=0.000 ms send_other=0.000 ms send_ffn=0.000 ms wait_up_gate=0.000 ms wait_down=0.000 ms wait_other=0.000 ms wait_ffn=0.000 ms
[svd-offload-client-stage-profile] rpc_send_total=0.000 ms rpc_wait_total=0.000 ms
[svd-offload-client-debug] finish_fail_up_gate=0 finish_fail_down=0 finish_fail_other=0 finish_fail_ffn=0 cache_take_fail_up=0 cache_take_fail_gate=0 recv_up_sum_abs=0.000000e+00 recv_up_max_abs=0.000000e+00 recv_up_zero=0 recv_gate_sum_abs=0.000000e+00 recv_gate_max_abs=0.000000e+00 recv_gate_zero=0 recv_down_sum_abs=0.000000e+00 recv_down_max_abs=0.000000e+00 recv_down_zero=0 recv_other_sum_abs=0.000000e+00 recv_other_max_abs=0.000000e+00 recv_other_zero=0 recv_ffn_sum_abs=0.000000e+00 recv_ffn_max_abs=0.000000e+00 recv_ffn_zero=0
SUCCEED (one forward pass done)"
4c_ramp_light,2,4,"60,61,62,63","0,10,20,30",src/llama.cpp/gguf_models/qwen.gguf,original_qwen_no_svd,ok,13.4,74.6267,96.8491,0.8536257743835449,True,11,",","llama_context: graph splits = 1
attach_threadpool: call
threads: decode=4 batch=4
prompt tokens: 4
running one forward pass (llama_decode) ...
Top-5 next-token candidates:
  id=11 logit=21.1865 piece="",""
  id=1052 logit=19.7827 piece="" there""
  id=3837 logit=19.7113 piece=""，""
  id=304 logit=19.3779 piece="" in""
  id=264 logit=19.0041 piece="" a""
Autoregressive generation:
Generated text: ,
Decode-only throughput: 13.4 tokens/s (1 tokens in 0.0746267 s of llama_decode)
End-to-end throughput: 13.3656 tokens/s (1 tokens in 0.0748187 s)
[decode-stage-profile] model_load=411.408 ms context_create=57.5047 ms tokenize=0.432523 ms prefill_decode=96.8491 ms generation_decode=74.6267 ms generation_total=74.8187 ms program_total=656.473 ms
[svd-local-op-profile] up_ops=0 gate_ops=0 down_ops=0 up_total=0.000 ms gate_total=0.000 ms down_total=0.000 ms up_v=0.000 ms gate_v=0.000 ms down_v=0.000 ms up_u=0.000 ms gate_u=0.000 ms down_u=0.000 ms
[svd-local-stage-profile] attention_total=1.286 ms ffn_total=121.750 ms ffn_svd_total=0.000 ms ffn_svd_v=0.000 ms ffn_svd_u=0.000 ms
[svd-offload-zero-profile] up_finish=0 up_cache=0 up_no_request=0 gate_finish=0 gate_cache=0 gate_no_request=0 down_finish=0 down_cache=0 down_no_request=0 other_finish=0 other_cache=0 other_no_request=0
[svd-local-timeout-profile] up_keep=0 up_drop=0 up_wait=0.000 ms gate_keep=0 gate_drop=0 gate_wait=0.000 ms down_keep=0 down_drop=0 down_wait=0.000 ms other_keep=0 other_drop=0 other_wait=0.000 ms
[svd-offload-client] up_gate_req=0 down_req=0 other_mat_req=0 ffn_req=0 gate_cache_hits=0 gate_cache_checks=0 miss_invalid=0 miss_layer=0 miss_rank=0 miss_hash=0 miss_output=0 miss_data=0 send_up_gate=0.000 ms send_down=0.000 ms send_other=0.000 ms send_ffn=0.000 ms wait_up_gate=0.000 ms wait_down=0.000 ms wait_other=0.000 ms wait_ffn=0.000 ms
[svd-offload-client-stage-profile] rpc_send_total=0.000 ms rpc_wait_total=0.000 ms
[svd-offload-client-debug] finish_fail_up_gate=0 finish_fail_down=0 finish_fail_other=0 finish_fail_ffn=0 cache_take_fail_up=0 cache_take_fail_gate=0 recv_up_sum_abs=0.000000e+00 recv_up_max_abs=0.000000e+00 recv_up_zero=0 recv_gate_sum_abs=0.000000e+00 recv_gate_max_abs=0.000000e+00 recv_gate_zero=0 recv_down_sum_abs=0.000000e+00 recv_down_max_abs=0.000000e+00 recv_down_zero=0 recv_other_sum_abs=0.000000e+00 recv_other_max_abs=0.000000e+00 recv_other_zero=0 recv_ffn_sum_abs=0.000000e+00 recv_ffn_max_abs=0.000000e+00 recv_ffn_zero=0
SUCCEED (one forward pass done)"
4c_mixed,0,4,"60,61,62,63","0,30,60,90",src/llama.cpp/gguf_models/qwen.gguf,original_qwen_no_svd,ok,12.9874,76.9977,99.0228,0.8600337505340576,True,11,",","llama_context: graph splits = 1
attach_threadpool: call
threads: decode=4 batch=4
prompt tokens: 4
running one forward pass (llama_decode) ...
Top-5 next-token candidates:
  id=11 logit=21.1865 piece="",""
  id=1052 logit=19.7827 piece="" there""
  id=3837 logit=19.7113 piece=""，""
  id=304 logit=19.3779 piece="" in""
  id=264 logit=19.0041 piece="" a""
Autoregressive generation:
Generated text: ,
Decode-only throughput: 12.9874 tokens/s (1 tokens in 0.0769977 s of llama_decode)
End-to-end throughput: 12.9562 tokens/s (1 tokens in 0.0771829 s)
[decode-stage-profile] model_load=414.969 ms context_create=60.1424 ms tokenize=0.447899 ms prefill_decode=99.0228 ms generation_decode=76.9977 ms generation_total=77.1829 ms program_total=668.311 ms
[svd-local-op-profile] up_ops=0 gate_ops=0 down_ops=0 up_total=0.000 ms gate_total=0.000 ms down_total=0.000 ms up_v=0.000 ms gate_v=0.000 ms down_v=0.000 ms up_u=0.000 ms gate_u=0.000 ms down_u=0.000 ms
[svd-local-stage-profile] attention_total=1.287 ms ffn_total=121.894 ms ffn_svd_total=0.000 ms ffn_svd_v=0.000 ms ffn_svd_u=0.000 ms
[svd-offload-zero-profile] up_finish=0 up_cache=0 up_no_request=0 gate_finish=0 gate_cache=0 gate_no_request=0 down_finish=0 down_cache=0 down_no_request=0 other_finish=0 other_cache=0 other_no_request=0
[svd-local-timeout-profile] up_keep=0 up_drop=0 up_wait=0.000 ms gate_keep=0 gate_drop=0 gate_wait=0.000 ms down_keep=0 down_drop=0 down_wait=0.000 ms other_keep=0 other_drop=0 other_wait=0.000 ms
[svd-offload-client] up_gate_req=0 down_req=0 other_mat_req=0 ffn_req=0 gate_cache_hits=0 gate_cache_checks=0 miss_invalid=0 miss_layer=0 miss_rank=0 miss_hash=0 miss_output=0 miss_data=0 send_up_gate=0.000 ms send_down=0.000 ms send_other=0.000 ms send_ffn=0.000 ms wait_up_gate=0.000 ms wait_down=0.000 ms wait_other=0.000 ms wait_ffn=0.000 ms
[svd-offload-client-stage-profile] rpc_send_total=0.000 ms rpc_wait_total=0.000 ms
[svd-offload-client-debug] finish_fail_up_gate=0 finish_fail_down=0 finish_fail_other=0 finish_fail_ffn=0 cache_take_fail_up=0 cache_take_fail_gate=0 recv_up_sum_abs=0.000000e+00 recv_up_max_abs=0.000000e+00 recv_up_zero=0 recv_gate_sum_abs=0.000000e+00 recv_gate_max_abs=0.000000e+00 recv_gate_zero=0 recv_down_sum_abs=0.000000e+00 recv_down_max_abs=0.000000e+00 recv_down_zero=0 recv_other_sum_abs=0.000000e+00 recv_other_max_abs=0.000000e+00 recv_other_zero=0 recv_ffn_sum_abs=0.000000e+00 recv_ffn_max_abs=0.000000e+00 recv_ffn_zero=0
SUCCEED (one forward pass done)"
4c_mixed,1,4,"60,61,62,63","0,30,60,90",src/llama.cpp/gguf_models/qwen.gguf,original_qwen_no_svd,ok,13.5435,73.8364,116.031,0.8913059234619141,True,11,",","llama_context: graph splits = 1
attach_threadpool: call
threads: decode=4 batch=4
prompt tokens: 4
running one forward pass (llama_decode) ...
Top-5 next-token candidates:
  id=11 logit=21.1865 piece="",""
  id=1052 logit=19.7827 piece="" there""
  id=3837 logit=19.7113 piece=""，""
  id=304 logit=19.3779 piece="" in""
  id=264 logit=19.0041 piece="" a""
Autoregressive generation:
Generated text: ,
Decode-only throughput: 13.5435 tokens/s (1 tokens in 0.0738364 s of llama_decode)
End-to-end throughput: 13.5097 tokens/s (1 tokens in 0.0740211 s)
[decode-stage-profile] model_load=422.942 ms context_create=56.3492 ms tokenize=0.458388 ms prefill_decode=116.031 ms generation_decode=73.8364 ms generation_total=74.0211 ms program_total=686.272 ms
[svd-local-op-profile] up_ops=0 gate_ops=0 down_ops=0 up_total=0.000 ms gate_total=0.000 ms down_total=0.000 ms up_v=0.000 ms gate_v=0.000 ms down_v=0.000 ms up_u=0.000 ms gate_u=0.000 ms down_u=0.000 ms
[svd-local-stage-profile] attention_total=8.137 ms ffn_total=118.924 ms ffn_svd_total=0.000 ms ffn_svd_v=0.000 ms ffn_svd_u=0.000 ms
[svd-offload-zero-profile] up_finish=0 up_cache=0 up_no_request=0 gate_finish=0 gate_cache=0 gate_no_request=0 down_finish=0 down_cache=0 down_no_request=0 other_finish=0 other_cache=0 other_no_request=0
[svd-local-timeout-profile] up_keep=0 up_drop=0 up_wait=0.000 ms gate_keep=0 gate_drop=0 gate_wait=0.000 ms down_keep=0 down_drop=0 down_wait=0.000 ms other_keep=0 other_drop=0 other_wait=0.000 ms
[svd-offload-client] up_gate_req=0 down_req=0 other_mat_req=0 ffn_req=0 gate_cache_hits=0 gate_cache_checks=0 miss_invalid=0 miss_layer=0 miss_rank=0 miss_hash=0 miss_output=0 miss_data=0 send_up_gate=0.000 ms send_down=0.000 ms send_other=0.000 ms send_ffn=0.000 ms wait_up_gate=0.000 ms wait_down=0.000 ms wait_other=0.000 ms wait_ffn=0.000 ms
[svd-offload-client-stage-profile] rpc_send_total=0.000 ms rpc_wait_total=0.000 ms
[svd-offload-client-debug] finish_fail_up_gate=0 finish_fail_down=0 finish_fail_other=0 finish_fail_ffn=0 cache_take_fail_up=0 cache_take_fail_gate=0 recv_up_sum_abs=0.000000e+00 recv_up_max_abs=0.000000e+00 recv_up_zero=0 recv_gate_sum_abs=0.000000e+00 recv_gate_max_abs=0.000000e+00 recv_gate_zero=0 recv_down_sum_abs=0.000000e+00 recv_down_max_abs=0.000000e+00 recv_down_zero=0 recv_other_sum_abs=0.000000e+00 recv_other_max_abs=0.000000e+00 recv_other_zero=0 recv_ffn_sum_abs=0.000000e+00 recv_ffn_max_abs=0.000000e+00 recv_ffn_zero=0
SUCCEED (one forward pass done)"
4c_mixed,2,4,"60,61,62,63","0,30,60,90",src/llama.cpp/gguf_models/qwen.gguf,original_qwen_no_svd,ok,13.397,74.6434,507.789,1.2756586074829102,True,11,",","llama_context: graph splits = 1
attach_threadpool: call
threads: decode=4 batch=4
prompt tokens: 4
running one forward pass (llama_decode) ...
Top-5 next-token candidates:
  id=11 logit=21.1865 piece="",""
  id=1052 logit=19.7827 piece="" there""
  id=3837 logit=19.7113 piece=""，""
  id=304 logit=19.3779 piece="" in""
  id=264 logit=19.0041 piece="" a""
Autoregressive generation:
Generated text: ,
Decode-only throughput: 13.397 tokens/s (1 tokens in 0.0746434 s of llama_decode)
End-to-end throughput: 13.3644 tokens/s (1 tokens in 0.0748259 s)
[decode-stage-profile] model_load=415.222 ms context_create=59.4093 ms tokenize=0.456251 ms prefill_decode=507.789 ms generation_decode=74.6434 ms generation_total=74.8259 ms program_total=1074.19 ms
[svd-local-op-profile] up_ops=0 gate_ops=0 down_ops=0 up_total=0.000 ms gate_total=0.000 ms down_total=0.000 ms up_v=0.000 ms gate_v=0.000 ms down_v=0.000 ms up_u=0.000 ms gate_u=0.000 ms down_u=0.000 ms
[svd-local-stage-profile] attention_total=50.129 ms ffn_total=171.561 ms ffn_svd_total=0.000 ms ffn_svd_v=0.000 ms ffn_svd_u=0.000 ms
[svd-offload-zero-profile] up_finish=0 up_cache=0 up_no_request=0 gate_finish=0 gate_cache=0 gate_no_request=0 down_finish=0 down_cache=0 down_no_request=0 other_finish=0 other_cache=0 other_no_request=0
[svd-local-timeout-profile] up_keep=0 up_drop=0 up_wait=0.000 ms gate_keep=0 gate_drop=0 gate_wait=0.000 ms down_keep=0 down_drop=0 down_wait=0.000 ms other_keep=0 other_drop=0 other_wait=0.000 ms
[svd-offload-client] up_gate_req=0 down_req=0 other_mat_req=0 ffn_req=0 gate_cache_hits=0 gate_cache_checks=0 miss_invalid=0 miss_layer=0 miss_rank=0 miss_hash=0 miss_output=0 miss_data=0 send_up_gate=0.000 ms send_down=0.000 ms send_other=0.000 ms send_ffn=0.000 ms wait_up_gate=0.000 ms wait_down=0.000 ms wait_other=0.000 ms wait_ffn=0.000 ms
[svd-offload-client-stage-profile] rpc_send_total=0.000 ms rpc_wait_total=0.000 ms
[svd-offload-client-debug] finish_fail_up_gate=0 finish_fail_down=0 finish_fail_other=0 finish_fail_ffn=0 cache_take_fail_up=0 cache_take_fail_gate=0 recv_up_sum_abs=0.000000e+00 recv_up_max_abs=0.000000e+00 recv_up_zero=0 recv_gate_sum_abs=0.000000e+00 recv_gate_max_abs=0.000000e+00 recv_gate_zero=0 recv_down_sum_abs=0.000000e+00 recv_down_max_abs=0.000000e+00 recv_down_zero=0 recv_other_sum_abs=0.000000e+00 recv_other_max_abs=0.000000e+00 recv_other_zero=0 recv_ffn_sum_abs=0.000000e+00 recv_ffn_max_abs=0.000000e+00 recv_ffn_zero=0
SUCCEED (one forward pass done)"
4c_front_hot,0,4,"60,61,62,63","90,70,20,0",src/llama.cpp/gguf_models/qwen.gguf,original_qwen_no_svd,ok,12.1611,82.2297,187.205,0.9842889308929443,True,11,",","llama_context: graph splits = 1
attach_threadpool: call
threads: decode=4 batch=4
prompt tokens: 4
running one forward pass (llama_decode) ...
Top-5 next-token candidates:
  id=11 logit=21.1865 piece="",""
  id=1052 logit=19.7827 piece="" there""
  id=3837 logit=19.7113 piece=""，""
  id=304 logit=19.3779 piece="" in""
  id=264 logit=19.0041 piece="" a""
Autoregressive generation:
Generated text: ,
Decode-only throughput: 12.1611 tokens/s (1 tokens in 0.0822297 s of llama_decode)
End-to-end throughput: 12.1284 tokens/s (1 tokens in 0.0824509 s)
[decode-stage-profile] model_load=419.401 ms context_create=62.6158 ms tokenize=0.474048 ms prefill_decode=187.205 ms generation_decode=82.2297 ms generation_total=82.4509 ms program_total=768.822 ms
[svd-local-op-profile] up_ops=0 gate_ops=0 down_ops=0 up_total=0.000 ms gate_total=0.000 ms down_total=0.000 ms up_v=0.000 ms gate_v=0.000 ms down_v=0.000 ms up_u=0.000 ms gate_u=0.000 ms down_u=0.000 ms
[svd-local-stage-profile] attention_total=26.108 ms ffn_total=132.456 ms ffn_svd_total=0.000 ms ffn_svd_v=0.000 ms ffn_svd_u=0.000 ms
[svd-offload-zero-profile] up_finish=0 up_cache=0 up_no_request=0 gate_finish=0 gate_cache=0 gate_no_request=0 down_finish=0 down_cache=0 down_no_request=0 other_finish=0 other_cache=0 other_no_request=0
[svd-local-timeout-profile] up_keep=0 up_drop=0 up_wait=0.000 ms gate_keep=0 gate_drop=0 gate_wait=0.000 ms down_keep=0 down_drop=0 down_wait=0.000 ms other_keep=0 other_drop=0 other_wait=0.000 ms
[svd-offload-client] up_gate_req=0 down_req=0 other_mat_req=0 ffn_req=0 gate_cache_hits=0 gate_cache_checks=0 miss_invalid=0 miss_layer=0 miss_rank=0 miss_hash=0 miss_output=0 miss_data=0 send_up_gate=0.000 ms send_down=0.000 ms send_other=0.000 ms send_ffn=0.000 ms wait_up_gate=0.000 ms wait_down=0.000 ms wait_other=0.000 ms wait_ffn=0.000 ms
[svd-offload-client-stage-profile] rpc_send_total=0.000 ms rpc_wait_total=0.000 ms
[svd-offload-client-debug] finish_fail_up_gate=0 finish_fail_down=0 finish_fail_other=0 finish_fail_ffn=0 cache_take_fail_up=0 cache_take_fail_gate=0 recv_up_sum_abs=0.000000e+00 recv_up_max_abs=0.000000e+00 recv_up_zero=0 recv_gate_sum_abs=0.000000e+00 recv_gate_max_abs=0.000000e+00 recv_gate_zero=0 recv_down_sum_abs=0.000000e+00 recv_down_max_abs=0.000000e+00 recv_down_zero=0 recv_other_sum_abs=0.000000e+00 recv_other_max_abs=0.000000e+00 recv_other_zero=0 recv_ffn_sum_abs=0.000000e+00 recv_ffn_max_abs=0.000000e+00 recv_ffn_zero=0
SUCCEED (one forward pass done)"
4c_front_hot,1,4,"60,61,62,63","90,70,20,0",src/llama.cpp/gguf_models/qwen.gguf,original_qwen_no_svd,ok,12.8982,77.5303,580.397,1.294511318206787,True,11,",","llama_context: graph splits = 1
attach_threadpool: call
threads: decode=4 batch=4
prompt tokens: 4
running one forward pass (llama_decode) ...
Top-5 next-token candidates:
  id=11 logit=21.1865 piece="",""
  id=1052 logit=19.7827 piece="" there""
  id=3837 logit=19.7113 piece=""，""
  id=304 logit=19.3779 piece="" in""
  id=264 logit=19.0041 piece="" a""
Autoregressive generation:
Generated text: ,
Decode-only throughput: 12.8982 tokens/s (1 tokens in 0.0775303 s of llama_decode)
End-to-end throughput: 12.8678 tokens/s (1 tokens in 0.0777135 s)
[decode-stage-profile] model_load=391.15 ms context_create=42.4543 ms tokenize=0.430387 ms prefill_decode=580.397 ms generation_decode=77.5303 ms generation_total=77.7135 ms program_total=1101.89 ms
[svd-local-op-profile] up_ops=0 gate_ops=0 down_ops=0 up_total=0.000 ms gate_total=0.000 ms down_total=0.000 ms up_v=0.000 ms gate_v=0.000 ms down_v=0.000 ms up_u=0.000 ms gate_u=0.000 ms down_u=0.000 ms
[svd-local-stage-profile] attention_total=113.244 ms ffn_total=130.704 ms ffn_svd_total=0.000 ms ffn_svd_v=0.000 ms ffn_svd_u=0.000 ms
[svd-offload-zero-profile] up_finish=0 up_cache=0 up_no_request=0 gate_finish=0 gate_cache=0 gate_no_request=0 down_finish=0 down_cache=0 down_no_request=0 other_finish=0 other_cache=0 other_no_request=0
[svd-local-timeout-profile] up_keep=0 up_drop=0 up_wait=0.000 ms gate_keep=0 gate_drop=0 gate_wait=0.000 ms down_keep=0 down_drop=0 down_wait=0.000 ms other_keep=0 other_drop=0 other_wait=0.000 ms
[svd-offload-client] up_gate_req=0 down_req=0 other_mat_req=0 ffn_req=0 gate_cache_hits=0 gate_cache_checks=0 miss_invalid=0 miss_layer=0 miss_rank=0 miss_hash=0 miss_output=0 miss_data=0 send_up_gate=0.000 ms send_down=0.000 ms send_other=0.000 ms send_ffn=0.000 ms wait_up_gate=0.000 ms wait_down=0.000 ms wait_other=0.000 ms wait_ffn=0.000 ms
[svd-offload-client-stage-profile] rpc_send_total=0.000 ms rpc_wait_total=0.000 ms
[svd-offload-client-debug] finish_fail_up_gate=0 finish_fail_down=0 finish_fail_other=0 finish_fail_ffn=0 cache_take_fail_up=0 cache_take_fail_gate=0 recv_up_sum_abs=0.000000e+00 recv_up_max_abs=0.000000e+00 recv_up_zero=0 recv_gate_sum_abs=0.000000e+00 recv_gate_max_abs=0.000000e+00 recv_gate_zero=0 recv_down_sum_abs=0.000000e+00 recv_down_max_abs=0.000000e+00 recv_down_zero=0 recv_other_sum_abs=0.000000e+00 recv_other_max_abs=0.000000e+00 recv_other_zero=0 recv_ffn_sum_abs=0.000000e+00 recv_ffn_max_abs=0.000000e+00 recv_ffn_zero=0
SUCCEED (one forward pass done)"
4c_front_hot,2,4,"60,61,62,63","90,70,20,0",src/llama.cpp/gguf_models/qwen.gguf,original_qwen_no_svd,ok,13.4859,74.1515,600.745,1.3544647693634033,True,11,",","llama_context: graph splits = 1
attach_threadpool: call
threads: decode=4 batch=4
prompt tokens: 4
running one forward pass (llama_decode) ...
Top-5 next-token candidates:
  id=11 logit=21.1865 piece="",""
  id=1052 logit=19.7827 piece="" there""
  id=3837 logit=19.7113 piece=""，""
  id=304 logit=19.3779 piece="" in""
  id=264 logit=19.0041 piece="" a""
Autoregressive generation:
Generated text: ,
Decode-only throughput: 13.4859 tokens/s (1 tokens in 0.0741515 s of llama_decode)
End-to-end throughput: 13.4517 tokens/s (1 tokens in 0.07434 s)
[decode-stage-profile] model_load=401.584 ms context_create=55.9534 ms tokenize=0.432567 ms prefill_decode=600.745 ms generation_decode=74.1515 ms generation_total=74.34 ms program_total=1148.7 ms
[svd-local-op-profile] up_ops=0 gate_ops=0 down_ops=0 up_total=0.000 ms gate_total=0.000 ms down_total=0.000 ms up_v=0.000 ms gate_v=0.000 ms down_v=0.000 ms up_u=0.000 ms gate_u=0.000 ms down_u=0.000 ms
[svd-local-stage-profile] attention_total=88.007 ms ffn_total=190.091 ms ffn_svd_total=0.000 ms ffn_svd_v=0.000 ms ffn_svd_u=0.000 ms
[svd-offload-zero-profile] up_finish=0 up_cache=0 up_no_request=0 gate_finish=0 gate_cache=0 gate_no_request=0 down_finish=0 down_cache=0 down_no_request=0 other_finish=0 other_cache=0 other_no_request=0
[svd-local-timeout-profile] up_keep=0 up_drop=0 up_wait=0.000 ms gate_keep=0 gate_drop=0 gate_wait=0.000 ms down_keep=0 down_drop=0 down_wait=0.000 ms other_keep=0 other_drop=0 other_wait=0.000 ms
[svd-offload-client] up_gate_req=0 down_req=0 other_mat_req=0 ffn_req=0 gate_cache_hits=0 gate_cache_checks=0 miss_invalid=0 miss_layer=0 miss_rank=0 miss_hash=0 miss_output=0 miss_data=0 send_up_gate=0.000 ms send_down=0.000 ms send_other=0.000 ms send_ffn=0.000 ms wait_up_gate=0.000 ms wait_down=0.000 ms wait_other=0.000 ms wait_ffn=0.000 ms
[svd-offload-client-stage-profile] rpc_send_total=0.000 ms rpc_wait_total=0.000 ms
[svd-offload-client-debug] finish_fail_up_gate=0 finish_fail_down=0 finish_fail_other=0 finish_fail_ffn=0 cache_take_fail_up=0 cache_take_fail_gate=0 recv_up_sum_abs=0.000000e+00 recv_up_max_abs=0.000000e+00 recv_up_zero=0 recv_gate_sum_abs=0.000000e+00 recv_gate_max_abs=0.000000e+00 recv_gate_zero=0 recv_down_sum_abs=0.000000e+00 recv_down_max_abs=0.000000e+00 recv_down_zero=0 recv_other_sum_abs=0.000000e+00 recv_other_max_abs=0.000000e+00 recv_other_zero=0 recv_ffn_sum_abs=0.000000e+00 recv_ffn_max_abs=0.000000e+00 recv_ffn_zero=0
SUCCEED (one forward pass done)"
4c_high,0,4,"60,61,62,63","70,80,90,100",src/llama.cpp/gguf_models/qwen.gguf,original_qwen_no_svd,ok,13.4908,74.1248,100.757,0.8808205127716064,True,11,",","llama_context: graph splits = 1
attach_threadpool: call
threads: decode=4 batch=4
prompt tokens: 4
running one forward pass (llama_decode) ...
Top-5 next-token candidates:
  id=11 logit=21.1865 piece="",""
  id=1052 logit=19.7827 piece="" there""
  id=3837 logit=19.7113 piece=""，""
  id=304 logit=19.3779 piece="" in""
  id=264 logit=19.0041 piece="" a""
Autoregressive generation:
Generated text: ,
Decode-only throughput: 13.4908 tokens/s (1 tokens in 0.0741248 s of llama_decode)
End-to-end throughput: 13.456 tokens/s (1 tokens in 0.0743163 s)
[decode-stage-profile] model_load=433.233 ms context_create=60.1581 ms tokenize=0.472652 ms prefill_decode=100.757 ms generation_decode=74.1248 ms generation_total=74.3163 ms program_total=685.517 ms
[svd-local-op-profile] up_ops=0 gate_ops=0 down_ops=0 up_total=0.000 ms gate_total=0.000 ms down_total=0.000 ms up_v=0.000 ms gate_v=0.000 ms down_v=0.000 ms up_u=0.000 ms gate_u=0.000 ms down_u=0.000 ms
[svd-local-stage-profile] attention_total=1.267 ms ffn_total=119.326 ms ffn_svd_total=0.000 ms ffn_svd_v=0.000 ms ffn_svd_u=0.000 ms
[svd-offload-zero-profile] up_finish=0 up_cache=0 up_no_request=0 gate_finish=0 gate_cache=0 gate_no_request=0 down_finish=0 down_cache=0 down_no_request=0 other_finish=0 other_cache=0 other_no_request=0
[svd-local-timeout-profile] up_keep=0 up_drop=0 up_wait=0.000 ms gate_keep=0 gate_drop=0 gate_wait=0.000 ms down_keep=0 down_drop=0 down_wait=0.000 ms other_keep=0 other_drop=0 other_wait=0.000 ms
[svd-offload-client] up_gate_req=0 down_req=0 other_mat_req=0 ffn_req=0 gate_cache_hits=0 gate_cache_checks=0 miss_invalid=0 miss_layer=0 miss_rank=0 miss_hash=0 miss_output=0 miss_data=0 send_up_gate=0.000 ms send_down=0.000 ms send_other=0.000 ms send_ffn=0.000 ms wait_up_gate=0.000 ms wait_down=0.000 ms wait_other=0.000 ms wait_ffn=0.000 ms
[svd-offload-client-stage-profile] rpc_send_total=0.000 ms rpc_wait_total=0.000 ms
[svd-offload-client-debug] finish_fail_up_gate=0 finish_fail_down=0 finish_fail_other=0 finish_fail_ffn=0 cache_take_fail_up=0 cache_take_fail_gate=0 recv_up_sum_abs=0.000000e+00 recv_up_max_abs=0.000000e+00 recv_up_zero=0 recv_gate_sum_abs=0.000000e+00 recv_gate_max_abs=0.000000e+00 recv_gate_zero=0 recv_down_sum_abs=0.000000e+00 recv_down_max_abs=0.000000e+00 recv_down_zero=0 recv_other_sum_abs=0.000000e+00 recv_other_max_abs=0.000000e+00 recv_other_zero=0 recv_ffn_sum_abs=0.000000e+00 recv_ffn_max_abs=0.000000e+00 recv_ffn_zero=0
SUCCEED (one forward pass done)"
4c_high,1,4,"60,61,62,63","70,80,90,100",src/llama.cpp/gguf_models/qwen.gguf,original_qwen_no_svd,ok,12.8776,77.6539,103.008,0.8831076622009277,True,11,",","llama_context: graph splits = 1
attach_threadpool: call
threads: decode=4 batch=4
prompt tokens: 4
running one forward pass (llama_decode) ...
Top-5 next-token candidates:
  id=11 logit=21.1865 piece="",""
  id=1052 logit=19.7827 piece="" there""
  id=3837 logit=19.7113 piece=""，""
  id=304 logit=19.3779 piece="" in""
  id=264 logit=19.0041 piece="" a""
Autoregressive generation:
Generated text: ,
Decode-only throughput: 12.8776 tokens/s (1 tokens in 0.0776539 s of llama_decode)
End-to-end throughput: 12.8457 tokens/s (1 tokens in 0.0778472 s)
[decode-stage-profile] model_load=419.519 ms context_create=58.4278 ms tokenize=0.472102 ms prefill_decode=103.008 ms generation_decode=77.6539 ms generation_total=77.8472 ms program_total=676.074 ms
[svd-local-op-profile] up_ops=0 gate_ops=0 down_ops=0 up_total=0.000 ms gate_total=0.000 ms down_total=0.000 ms up_v=0.000 ms gate_v=0.000 ms down_v=0.000 ms up_u=0.000 ms gate_u=0.000 ms down_u=0.000 ms
[svd-local-stage-profile] attention_total=1.306 ms ffn_total=123.175 ms ffn_svd_total=0.000 ms ffn_svd_v=0.000 ms ffn_svd_u=0.000 ms
[svd-offload-zero-profile] up_finish=0 up_cache=0 up_no_request=0 gate_finish=0 gate_cache=0 gate_no_request=0 down_finish=0 down_cache=0 down_no_request=0 other_finish=0 other_cache=0 other_no_request=0
[svd-local-timeout-profile] up_keep=0 up_drop=0 up_wait=0.000 ms gate_keep=0 gate_drop=0 gate_wait=0.000 ms down_keep=0 down_drop=0 down_wait=0.000 ms other_keep=0 other_drop=0 other_wait=0.000 ms
[svd-offload-client] up_gate_req=0 down_req=0 other_mat_req=0 ffn_req=0 gate_cache_hits=0 gate_cache_checks=0 miss_invalid=0 miss_layer=0 miss_rank=0 miss_hash=0 miss_output=0 miss_data=0 send_up_gate=0.000 ms send_down=0.000 ms send_other=0.000 ms send_ffn=0.000 ms wait_up_gate=0.000 ms wait_down=0.000 ms wait_other=0.000 ms wait_ffn=0.000 ms
[svd-offload-client-stage-profile] rpc_send_total=0.000 ms rpc_wait_total=0.000 ms
[svd-offload-client-debug] finish_fail_up_gate=0 finish_fail_down=0 finish_fail_other=0 finish_fail_ffn=0 cache_take_fail_up=0 cache_take_fail_gate=0 recv_up_sum_abs=0.000000e+00 recv_up_max_abs=0.000000e+00 recv_up_zero=0 recv_gate_sum_abs=0.000000e+00 recv_gate_max_abs=0.000000e+00 recv_gate_zero=0 recv_down_sum_abs=0.000000e+00 recv_down_max_abs=0.000000e+00 recv_down_zero=0 recv_other_sum_abs=0.000000e+00 recv_other_max_abs=0.000000e+00 recv_other_zero=0 recv_ffn_sum_abs=0.000000e+00 recv_ffn_max_abs=0.000000e+00 recv_ffn_zero=0
SUCCEED (one forward pass done)"
4c_high,2,4,"60,61,62,63","70,80,90,100",src/llama.cpp/gguf_models/qwen.gguf,original_qwen_no_svd,ok,13.0021,76.9105,101.361,0.887819766998291,True,11,",","llama_context: graph splits = 1
attach_threadpool: call
threads: decode=4 batch=4
prompt tokens: 4
running one forward pass (llama_decode) ...
Top-5 next-token candidates:
  id=11 logit=21.1865 piece="",""
  id=1052 logit=19.7827 piece="" there""
  id=3837 logit=19.7113 piece=""，""
  id=304 logit=19.3779 piece="" in""
  id=264 logit=19.0041 piece="" a""
Autoregressive generation:
Generated text: ,
Decode-only throughput: 13.0021 tokens/s (1 tokens in 0.0769105 s of llama_decode)
End-to-end throughput: 12.9704 tokens/s (1 tokens in 0.0770984 s)
[decode-stage-profile] model_load=423.118 ms context_create=58.6058 ms tokenize=0.46345 ms prefill_decode=101.361 ms generation_decode=76.9105 ms generation_total=77.0984 ms program_total=677.517 ms
[svd-local-op-profile] up_ops=0 gate_ops=0 down_ops=0 up_total=0.000 ms gate_total=0.000 ms down_total=0.000 ms up_v=0.000 ms gate_v=0.000 ms down_v=0.000 ms up_u=0.000 ms gate_u=0.000 ms down_u=0.000 ms
[svd-local-stage-profile] attention_total=1.262 ms ffn_total=119.678 ms ffn_svd_total=0.000 ms ffn_svd_v=0.000 ms ffn_svd_u=0.000 ms
[svd-offload-zero-profile] up_finish=0 up_cache=0 up_no_request=0 gate_finish=0 gate_cache=0 gate_no_request=0 down_finish=0 down_cache=0 down_no_request=0 other_finish=0 other_cache=0 other_no_request=0
[svd-local-timeout-profile] up_keep=0 up_drop=0 up_wait=0.000 ms gate_keep=0 gate_drop=0 gate_wait=0.000 ms down_keep=0 down_drop=0 down_wait=0.000 ms other_keep=0 other_drop=0 other_wait=0.000 ms
[svd-offload-client] up_gate_req=0 down_req=0 other_mat_req=0 ffn_req=0 gate_cache_hits=0 gate_cache_checks=0 miss_invalid=0 miss_layer=0 miss_rank=0 miss_hash=0 miss_output=0 miss_data=0 send_up_gate=0.000 ms send_down=0.000 ms send_other=0.000 ms send_ffn=0.000 ms wait_up_gate=0.000 ms wait_down=0.000 ms wait_other=0.000 ms wait_ffn=0.000 ms
[svd-offload-client-stage-profile] rpc_send_total=0.000 ms rpc_wait_total=0.000 ms
[svd-offload-client-debug] finish_fail_up_gate=0 finish_fail_down=0 finish_fail_other=0 finish_fail_ffn=0 cache_take_fail_up=0 cache_take_fail_gate=0 recv_up_sum_abs=0.000000e+00 recv_up_max_abs=0.000000e+00 recv_up_zero=0 recv_gate_sum_abs=0.000000e+00 recv_gate_max_abs=0.000000e+00 recv_gate_zero=0 recv_down_sum_abs=0.000000e+00 recv_down_max_abs=0.000000e+00 recv_down_zero=0 recv_other_sum_abs=0.000000e+00 recv_other_max_abs=0.000000e+00 recv_other_zero=0 recv_ffn_sum_abs=0.000000e+00 recv_ffn_max_abs=0.000000e+00 recv_ffn_zero=0
SUCCEED (one forward pass done)"
6c_ramp_light,0,6,"60,61,62,63,64,65","0,10,20,30,40,50",src/llama.cpp/gguf_models/qwen.gguf,original_qwen_no_svd,ok,16.6185,60.1737,216.167,0.9951791763305664,True,11,",","llama_context: graph splits = 1
attach_threadpool: call
threads: decode=6 batch=6
prompt tokens: 4
running one forward pass (llama_decode) ...
Top-5 next-token candidates:
  id=11 logit=21.1865 piece="",""
  id=1052 logit=19.7827 piece="" there""
  id=3837 logit=19.7113 piece=""，""
  id=304 logit=19.3779 piece="" in""
  id=264 logit=19.0041 piece="" a""
Autoregressive generation:
Generated text: ,
Decode-only throughput: 16.6185 tokens/s (1 tokens in 0.0601737 s of llama_decode)
End-to-end throughput: 16.5665 tokens/s (1 tokens in 0.0603627 s)
[decode-stage-profile] model_load=420.99 ms context_create=59.6506 ms tokenize=0.477773 ms prefill_decode=216.167 ms generation_decode=60.1737 ms generation_total=60.3627 ms program_total=774.85 ms
[svd-local-op-profile] up_ops=0 gate_ops=0 down_ops=0 up_total=0.000 ms gate_total=0.000 ms down_total=0.000 ms up_v=0.000 ms gate_v=0.000 ms down_v=0.000 ms up_u=0.000 ms gate_u=0.000 ms down_u=0.000 ms
[svd-local-stage-profile] attention_total=44.403 ms ffn_total=90.027 ms ffn_svd_total=0.000 ms ffn_svd_v=0.000 ms ffn_svd_u=0.000 ms
[svd-offload-zero-profile] up_finish=0 up_cache=0 up_no_request=0 gate_finish=0 gate_cache=0 gate_no_request=0 down_finish=0 down_cache=0 down_no_request=0 other_finish=0 other_cache=0 other_no_request=0
[svd-local-timeout-profile] up_keep=0 up_drop=0 up_wait=0.000 ms gate_keep=0 gate_drop=0 gate_wait=0.000 ms down_keep=0 down_drop=0 down_wait=0.000 ms other_keep=0 other_drop=0 other_wait=0.000 ms
[svd-offload-client] up_gate_req=0 down_req=0 other_mat_req=0 ffn_req=0 gate_cache_hits=0 gate_cache_checks=0 miss_invalid=0 miss_layer=0 miss_rank=0 miss_hash=0 miss_output=0 miss_data=0 send_up_gate=0.000 ms send_down=0.000 ms send_other=0.000 ms send_ffn=0.000 ms wait_up_gate=0.000 ms wait_down=0.000 ms wait_other=0.000 ms wait_ffn=0.000 ms
[svd-offload-client-stage-profile] rpc_send_total=0.000 ms rpc_wait_total=0.000 ms
[svd-offload-client-debug] finish_fail_up_gate=0 finish_fail_down=0 finish_fail_other=0 finish_fail_ffn=0 cache_take_fail_up=0 cache_take_fail_gate=0 recv_up_sum_abs=0.000000e+00 recv_up_max_abs=0.000000e+00 recv_up_zero=0 recv_gate_sum_abs=0.000000e+00 recv_gate_max_abs=0.000000e+00 recv_gate_zero=0 recv_down_sum_abs=0.000000e+00 recv_down_max_abs=0.000000e+00 recv_down_zero=0 recv_other_sum_abs=0.000000e+00 recv_other_max_abs=0.000000e+00 recv_other_zero=0 recv_ffn_sum_abs=0.000000e+00 recv_ffn_max_abs=0.000000e+00 recv_ffn_zero=0
SUCCEED (one forward pass done)"
6c_ramp_light,1,6,"60,61,62,63,64,65","0,10,20,30,40,50",src/llama.cpp/gguf_models/qwen.gguf,original_qwen_no_svd,ok,16.6595,60.0259,72.9567,0.8889021873474121,True,11,",","llama_context: graph splits = 1
attach_threadpool: call
threads: decode=6 batch=6
prompt tokens: 4
running one forward pass (llama_decode) ...
Top-5 next-token candidates:
  id=11 logit=21.1865 piece="",""
  id=1052 logit=19.7827 piece="" there""
  id=3837 logit=19.7113 piece=""，""
  id=304 logit=19.3779 piece="" in""
  id=264 logit=19.0041 piece="" a""
Autoregressive generation:
Generated text: ,
Decode-only throughput: 16.6595 tokens/s (1 tokens in 0.0600259 s of llama_decode)
End-to-end throughput: 16.6079 tokens/s (1 tokens in 0.0602123 s)
[decode-stage-profile] model_load=467.853 ms context_create=57.7399 ms tokenize=0.459014 ms prefill_decode=72.9567 ms generation_decode=60.0259 ms generation_total=60.2123 ms program_total=676.581 ms
[svd-local-op-profile] up_ops=0 gate_ops=0 down_ops=0 up_total=0.000 ms gate_total=0.000 ms down_total=0.000 ms up_v=0.000 ms gate_v=0.000 ms down_v=0.000 ms up_u=0.000 ms gate_u=0.000 ms down_u=0.000 ms
[svd-local-stage-profile] attention_total=1.389 ms ffn_total=89.920 ms ffn_svd_total=0.000 ms ffn_svd_v=0.000 ms ffn_svd_u=0.000 ms
[svd-offload-zero-profile] up_finish=0 up_cache=0 up_no_request=0 gate_finish=0 gate_cache=0 gate_no_request=0 down_finish=0 down_cache=0 down_no_request=0 other_finish=0 other_cache=0 other_no_request=0
[svd-local-timeout-profile] up_keep=0 up_drop=0 up_wait=0.000 ms gate_keep=0 gate_drop=0 gate_wait=0.000 ms down_keep=0 down_drop=0 down_wait=0.000 ms other_keep=0 other_drop=0 other_wait=0.000 ms
[svd-offload-client] up_gate_req=0 down_req=0 other_mat_req=0 ffn_req=0 gate_cache_hits=0 gate_cache_checks=0 miss_invalid=0 miss_layer=0 miss_rank=0 miss_hash=0 miss_output=0 miss_data=0 send_up_gate=0.000 ms send_down=0.000 ms send_other=0.000 ms send_ffn=0.000 ms wait_up_gate=0.000 ms wait_down=0.000 ms wait_other=0.000 ms wait_ffn=0.000 ms
[svd-offload-client-stage-profile] rpc_send_total=0.000 ms rpc_wait_total=0.000 ms
[svd-offload-client-debug] finish_fail_up_gate=0 finish_fail_down=0 finish_fail_other=0 finish_fail_ffn=0 cache_take_fail_up=0 cache_take_fail_gate=0 recv_up_sum_abs=0.000000e+00 recv_up_max_abs=0.000000e+00 recv_up_zero=0 recv_gate_sum_abs=0.000000e+00 recv_gate_max_abs=0.000000e+00 recv_gate_zero=0 recv_down_sum_abs=0.000000e+00 recv_down_max_abs=0.000000e+00 recv_down_zero=0 recv_other_sum_abs=0.000000e+00 recv_other_max_abs=0.000000e+00 recv_other_zero=0 recv_ffn_sum_abs=0.000000e+00 recv_ffn_max_abs=0.000000e+00 recv_ffn_zero=0
SUCCEED (one forward pass done)"
6c_ramp_light,2,6,"60,61,62,63,64,65","0,10,20,30,40,50",src/llama.cpp/gguf_models/qwen.gguf,original_qwen_no_svd,ok,16.6778,59.96,73.4408,0.9094560146331787,True,11,",","llama_context: graph splits = 1
attach_threadpool: call
threads: decode=6 batch=6
prompt tokens: 4
running one forward pass (llama_decode) ...
Top-5 next-token candidates:
  id=11 logit=21.1865 piece="",""
  id=1052 logit=19.7827 piece="" there""
  id=3837 logit=19.7113 piece=""，""
  id=304 logit=19.3779 piece="" in""
  id=264 logit=19.0041 piece="" a""
Autoregressive generation:
Generated text: ,
Decode-only throughput: 16.6778 tokens/s (1 tokens in 0.05996 s of llama_decode)
End-to-end throughput: 16.6239 tokens/s (1 tokens in 0.0601543 s)
[decode-stage-profile] model_load=479.398 ms context_create=61.3943 ms tokenize=0.433663 ms prefill_decode=73.4408 ms generation_decode=59.96 ms generation_total=60.1543 ms program_total=692.284 ms
[svd-local-op-profile] up_ops=0 gate_ops=0 down_ops=0 up_total=0.000 ms gate_total=0.000 ms down_total=0.000 ms up_v=0.000 ms gate_v=0.000 ms down_v=0.000 ms up_u=0.000 ms gate_u=0.000 ms down_u=0.000 ms
[svd-local-stage-profile] attention_total=1.469 ms ffn_total=90.187 ms ffn_svd_total=0.000 ms ffn_svd_v=0.000 ms ffn_svd_u=0.000 ms
[svd-offload-zero-profile] up_finish=0 up_cache=0 up_no_request=0 gate_finish=0 gate_cache=0 gate_no_request=0 down_finish=0 down_cache=0 down_no_request=0 other_finish=0 other_cache=0 other_no_request=0
[svd-local-timeout-profile] up_keep=0 up_drop=0 up_wait=0.000 ms gate_keep=0 gate_drop=0 gate_wait=0.000 ms down_keep=0 down_drop=0 down_wait=0.000 ms other_keep=0 other_drop=0 other_wait=0.000 ms
[svd-offload-client] up_gate_req=0 down_req=0 other_mat_req=0 ffn_req=0 gate_cache_hits=0 gate_cache_checks=0 miss_invalid=0 miss_layer=0 miss_rank=0 miss_hash=0 miss_output=0 miss_data=0 send_up_gate=0.000 ms send_down=0.000 ms send_other=0.000 ms send_ffn=0.000 ms wait_up_gate=0.000 ms wait_down=0.000 ms wait_other=0.000 ms wait_ffn=0.000 ms
[svd-offload-client-stage-profile] rpc_send_total=0.000 ms rpc_wait_total=0.000 ms
[svd-offload-client-debug] finish_fail_up_gate=0 finish_fail_down=0 finish_fail_other=0 finish_fail_ffn=0 cache_take_fail_up=0 cache_take_fail_gate=0 recv_up_sum_abs=0.000000e+00 recv_up_max_abs=0.000000e+00 recv_up_zero=0 recv_gate_sum_abs=0.000000e+00 recv_gate_max_abs=0.000000e+00 recv_gate_zero=0 recv_down_sum_abs=0.000000e+00 recv_down_max_abs=0.000000e+00 recv_down_zero=0 recv_other_sum_abs=0.000000e+00 recv_other_max_abs=0.000000e+00 recv_other_zero=0 recv_ffn_sum_abs=0.000000e+00 recv_ffn_max_abs=0.000000e+00 recv_ffn_zero=0
SUCCEED (one forward pass done)"
6c_mixed,0,6,"60,61,62,63,64,65","0,20,40,60,80,100",src/llama.cpp/gguf_models/qwen.gguf,original_qwen_no_svd,ok,16.1036,62.0979,6169.34,6.989448547363281,True,11,",","llama_context: graph splits = 1
attach_threadpool: call
threads: decode=6 batch=6
prompt tokens: 4
running one forward pass (llama_decode) ...
Top-5 next-token candidates:
  id=11 logit=21.1865 piece="",""
  id=1052 logit=19.7827 piece="" there""
  id=3837 logit=19.7113 piece=""，""
  id=304 logit=19.3779 piece="" in""
  id=264 logit=19.0041 piece="" a""
Autoregressive generation:
Generated text: ,
Decode-only throughput: 16.1036 tokens/s (1 tokens in 0.0620979 s of llama_decode)
End-to-end throughput: 16.0514 tokens/s (1 tokens in 0.0623 s)
[decode-stage-profile] model_load=458.234 ms context_create=60.0351 ms tokenize=0.491131 ms prefill_decode=6169.34 ms generation_decode=62.0979 ms generation_total=62.3 ms program_total=6768.15 ms
[svd-local-op-profile] up_ops=0 gate_ops=0 down_ops=0 up_total=0.000 ms gate_total=0.000 ms down_total=0.000 ms up_v=0.000 ms gate_v=0.000 ms down_v=0.000 ms up_u=0.000 ms gate_u=0.000 ms down_u=0.000 ms
[svd-local-stage-profile] attention_total=847.565 ms ffn_total=960.618 ms ffn_svd_total=0.000 ms ffn_svd_v=0.000 ms ffn_svd_u=0.000 ms
[svd-offload-zero-profile] up_finish=0 up_cache=0 up_no_request=0 gate_finish=0 gate_cache=0 gate_no_request=0 down_finish=0 down_cache=0 down_no_request=0 other_finish=0 other_cache=0 other_no_request=0
[svd-local-timeout-profile] up_keep=0 up_drop=0 up_wait=0.000 ms gate_keep=0 gate_drop=0 gate_wait=0.000 ms down_keep=0 down_drop=0 down_wait=0.000 ms other_keep=0 other_drop=0 other_wait=0.000 ms
[svd-offload-client] up_gate_req=0 down_req=0 other_mat_req=0 ffn_req=0 gate_cache_hits=0 gate_cache_checks=0 miss_invalid=0 miss_layer=0 miss_rank=0 miss_hash=0 miss_output=0 miss_data=0 send_up_gate=0.000 ms send_down=0.000 ms send_other=0.000 ms send_ffn=0.000 ms wait_up_gate=0.000 ms wait_down=0.000 ms wait_other=0.000 ms wait_ffn=0.000 ms
[svd-offload-client-stage-profile] rpc_send_total=0.000 ms rpc_wait_total=0.000 ms
[svd-offload-client-debug] finish_fail_up_gate=0 finish_fail_down=0 finish_fail_other=0 finish_fail_ffn=0 cache_take_fail_up=0 cache_take_fail_gate=0 recv_up_sum_abs=0.000000e+00 recv_up_max_abs=0.000000e+00 recv_up_zero=0 recv_gate_sum_abs=0.000000e+00 recv_gate_max_abs=0.000000e+00 recv_gate_zero=0 recv_down_sum_abs=0.000000e+00 recv_down_max_abs=0.000000e+00 recv_down_zero=0 recv_other_sum_abs=0.000000e+00 recv_other_max_abs=0.000000e+00 recv_other_zero=0 recv_ffn_sum_abs=0.000000e+00 recv_ffn_max_abs=0.000000e+00 recv_ffn_zero=0
SUCCEED (one forward pass done)"
6c_mixed,1,6,"60,61,62,63,64,65","0,20,40,60,80,100",src/llama.cpp/gguf_models/qwen.gguf,original_qwen_no_svd,ok,14.8171,67.4894,2486.7,3.2906551361083984,True,11,",","llama_context: graph splits = 1
attach_threadpool: call
threads: decode=6 batch=6
prompt tokens: 4
running one forward pass (llama_decode) ...
Top-5 next-token candidates:
  id=11 logit=21.1865 piece="",""
  id=1052 logit=19.7827 piece="" there""
  id=3837 logit=19.7113 piece=""，""
  id=304 logit=19.3779 piece="" in""
  id=264 logit=19.0041 piece="" a""
Autoregressive generation:
Generated text: ,
Decode-only throughput: 14.8171 tokens/s (1 tokens in 0.0674894 s of llama_decode)
End-to-end throughput: 14.7725 tokens/s (1 tokens in 0.0676933 s)
[decode-stage-profile] model_load=428.052 ms context_create=59.8531 ms tokenize=0.471721 ms prefill_decode=2486.7 ms generation_decode=67.4894 ms generation_total=67.6933 ms program_total=3060.43 ms
[svd-local-op-profile] up_ops=0 gate_ops=0 down_ops=0 up_total=0.000 ms gate_total=0.000 ms down_total=0.000 ms up_v=0.000 ms gate_v=0.000 ms down_v=0.000 ms up_u=0.000 ms gate_u=0.000 ms down_u=0.000 ms
[svd-local-stage-profile] attention_total=370.729 ms ffn_total=430.358 ms ffn_svd_total=0.000 ms ffn_svd_v=0.000 ms ffn_svd_u=0.000 ms
[svd-offload-zero-profile] up_finish=0 up_cache=0 up_no_request=0 gate_finish=0 gate_cache=0 gate_no_request=0 down_finish=0 down_cache=0 down_no_request=0 other_finish=0 other_cache=0 other_no_request=0
[svd-local-timeout-profile] up_keep=0 up_drop=0 up_wait=0.000 ms gate_keep=0 gate_drop=0 gate_wait=0.000 ms down_keep=0 down_drop=0 down_wait=0.000 ms other_keep=0 other_drop=0 other_wait=0.000 ms
[svd-offload-client] up_gate_req=0 down_req=0 other_mat_req=0 ffn_req=0 gate_cache_hits=0 gate_cache_checks=0 miss_invalid=0 miss_layer=0 miss_rank=0 miss_hash=0 miss_output=0 miss_data=0 send_up_gate=0.000 ms send_down=0.000 ms send_other=0.000 ms send_ffn=0.000 ms wait_up_gate=0.000 ms wait_down=0.000 ms wait_other=0.000 ms wait_ffn=0.000 ms
[svd-offload-client-stage-profile] rpc_send_total=0.000 ms rpc_wait_total=0.000 ms
[svd-offload-client-debug] finish_fail_up_gate=0 finish_fail_down=0 finish_fail_other=0 finish_fail_ffn=0 cache_take_fail_up=0 cache_take_fail_gate=0 recv_up_sum_abs=0.000000e+00 recv_up_max_abs=0.000000e+00 recv_up_zero=0 recv_gate_sum_abs=0.000000e+00 recv_gate_max_abs=0.000000e+00 recv_gate_zero=0 recv_down_sum_abs=0.000000e+00 recv_down_max_abs=0.000000e+00 recv_down_zero=0 recv_other_sum_abs=0.000000e+00 recv_other_max_abs=0.000000e+00 recv_other_zero=0 recv_ffn_sum_abs=0.000000e+00 recv_ffn_max_abs=0.000000e+00 recv_ffn_zero=0
SUCCEED (one forward pass done)"
6c_mixed,2,6,"60,61,62,63,64,65","0,20,40,60,80,100",src/llama.cpp/gguf_models/qwen.gguf,original_qwen_no_svd,ok,15.4372,64.7788,2499.92,3.2772138118743896,True,11,",","llama_context: graph splits = 1
attach_threadpool: call
threads: decode=6 batch=6
prompt tokens: 4
running one forward pass (llama_decode) ...
Top-5 next-token candidates:
  id=11 logit=21.1865 piece="",""
  id=1052 logit=19.7827 piece="" there""
  id=3837 logit=19.7113 piece=""，""
  id=304 logit=19.3779 piece="" in""
  id=264 logit=19.0041 piece="" a""
Autoregressive generation:
Generated text: ,
Decode-only throughput: 15.4372 tokens/s (1 tokens in 0.0647788 s of llama_decode)
End-to-end throughput: 15.3901 tokens/s (1 tokens in 0.0649768 s)
[decode-stage-profile] model_load=422.016 ms context_create=60.9594 ms tokenize=0.45651 ms prefill_decode=2499.92 ms generation_decode=64.7788 ms generation_total=64.9768 ms program_total=3066.07 ms
[svd-local-op-profile] up_ops=0 gate_ops=0 down_ops=0 up_total=0.000 ms gate_total=0.000 ms down_total=0.000 ms up_v=0.000 ms gate_v=0.000 ms down_v=0.000 ms up_u=0.000 ms gate_u=0.000 ms down_u=0.000 ms
[svd-local-stage-profile] attention_total=391.597 ms ffn_total=419.245 ms ffn_svd_total=0.000 ms ffn_svd_v=0.000 ms ffn_svd_u=0.000 ms
[svd-offload-zero-profile] up_finish=0 up_cache=0 up_no_request=0 gate_finish=0 gate_cache=0 gate_no_request=0 down_finish=0 down_cache=0 down_no_request=0 other_finish=0 other_cache=0 other_no_request=0
[svd-local-timeout-profile] up_keep=0 up_drop=0 up_wait=0.000 ms gate_keep=0 gate_drop=0 gate_wait=0.000 ms down_keep=0 down_drop=0 down_wait=0.000 ms other_keep=0 other_drop=0 other_wait=0.000 ms
[svd-offload-client] up_gate_req=0 down_req=0 other_mat_req=0 ffn_req=0 gate_cache_hits=0 gate_cache_checks=0 miss_invalid=0 miss_layer=0 miss_rank=0 miss_hash=0 miss_output=0 miss_data=0 send_up_gate=0.000 ms send_down=0.000 ms send_other=0.000 ms send_ffn=0.000 ms wait_up_gate=0.000 ms wait_down=0.000 ms wait_other=0.000 ms wait_ffn=0.000 ms
[svd-offload-client-stage-profile] rpc_send_total=0.000 ms rpc_wait_total=0.000 ms
[svd-offload-client-debug] finish_fail_up_gate=0 finish_fail_down=0 finish_fail_other=0 finish_fail_ffn=0 cache_take_fail_up=0 cache_take_fail_gate=0 recv_up_sum_abs=0.000000e+00 recv_up_max_abs=0.000000e+00 recv_up_zero=0 recv_gate_sum_abs=0.000000e+00 recv_gate_max_abs=0.000000e+00 recv_gate_zero=0 recv_down_sum_abs=0.000000e+00 recv_down_max_abs=0.000000e+00 recv_down_zero=0 recv_other_sum_abs=0.000000e+00 recv_other_max_abs=0.000000e+00 recv_other_zero=0 recv_ffn_sum_abs=0.000000e+00 recv_ffn_max_abs=0.000000e+00 recv_ffn_zero=0
SUCCEED (one forward pass done)"
6c_front_hot,0,6,"60,61,62,63,64,65","100,80,60,30,10,0",src/llama.cpp/gguf_models/qwen.gguf,original_qwen_no_svd,ok,15.0192,66.5814,2586.01,3.381929874420166,True,11,",","llama_context: graph splits = 1
attach_threadpool: call
threads: decode=6 batch=6
prompt tokens: 4
running one forward pass (llama_decode) ...
Top-5 next-token candidates:
  id=11 logit=21.1865 piece="",""
  id=1052 logit=19.7827 piece="" there""
  id=3837 logit=19.7113 piece=""，""
  id=304 logit=19.3779 piece="" in""
  id=264 logit=19.0041 piece="" a""
Autoregressive generation:
Generated text: ,
Decode-only throughput: 15.0192 tokens/s (1 tokens in 0.0665814 s of llama_decode)
End-to-end throughput: 14.9734 tokens/s (1 tokens in 0.0667851 s)
[decode-stage-profile] model_load=424.34 ms context_create=60.6005 ms tokenize=0.453757 ms prefill_decode=2586.01 ms generation_decode=66.5814 ms generation_total=66.7851 ms program_total=3155.89 ms
[svd-local-op-profile] up_ops=0 gate_ops=0 down_ops=0 up_total=0.000 ms gate_total=0.000 ms down_total=0.000 ms up_v=0.000 ms gate_v=0.000 ms down_v=0.000 ms up_u=0.000 ms gate_u=0.000 ms down_u=0.000 ms
[svd-local-stage-profile] attention_total=371.467 ms ffn_total=458.297 ms ffn_svd_total=0.000 ms ffn_svd_v=0.000 ms ffn_svd_u=0.000 ms
[svd-offload-zero-profile] up_finish=0 up_cache=0 up_no_request=0 gate_finish=0 gate_cache=0 gate_no_request=0 down_finish=0 down_cache=0 down_no_request=0 other_finish=0 other_cache=0 other_no_request=0
[svd-local-timeout-profile] up_keep=0 up_drop=0 up_wait=0.000 ms gate_keep=0 gate_drop=0 gate_wait=0.000 ms down_keep=0 down_drop=0 down_wait=0.000 ms other_keep=0 other_drop=0 other_wait=0.000 ms
[svd-offload-client] up_gate_req=0 down_req=0 other_mat_req=0 ffn_req=0 gate_cache_hits=0 gate_cache_checks=0 miss_invalid=0 miss_layer=0 miss_rank=0 miss_hash=0 miss_output=0 miss_data=0 send_up_gate=0.000 ms send_down=0.000 ms send_other=0.000 ms send_ffn=0.000 ms wait_up_gate=0.000 ms wait_down=0.000 ms wait_other=0.000 ms wait_ffn=0.000 ms
[svd-offload-client-stage-profile] rpc_send_total=0.000 ms rpc_wait_total=0.000 ms
[svd-offload-client-debug] finish_fail_up_gate=0 finish_fail_down=0 finish_fail_other=0 finish_fail_ffn=0 cache_take_fail_up=0 cache_take_fail_gate=0 recv_up_sum_abs=0.000000e+00 recv_up_max_abs=0.000000e+00 recv_up_zero=0 recv_gate_sum_abs=0.000000e+00 recv_gate_max_abs=0.000000e+00 recv_gate_zero=0 recv_down_sum_abs=0.000000e+00 recv_down_max_abs=0.000000e+00 recv_down_zero=0 recv_other_sum_abs=0.000000e+00 recv_other_max_abs=0.000000e+00 recv_other_zero=0 recv_ffn_sum_abs=0.000000e+00 recv_ffn_max_abs=0.000000e+00 recv_ffn_zero=0
SUCCEED (one forward pass done)"
6c_front_hot,1,6,"60,61,62,63,64,65","100,80,60,30,10,0",src/llama.cpp/gguf_models/qwen.gguf,original_qwen_no_svd,ok,15.2964,65.3747,7010.84,7.795157432556152,True,11,",","llama_context: graph splits = 1
attach_threadpool: call
threads: decode=6 batch=6
prompt tokens: 4
running one forward pass (llama_decode) ...
Top-5 next-token candidates:
  id=11 logit=21.1865 piece="",""
  id=1052 logit=19.7827 piece="" there""
  id=3837 logit=19.7113 piece=""，""
  id=304 logit=19.3779 piece="" in""
  id=264 logit=19.0041 piece="" a""
Autoregressive generation:
Generated text: ,
Decode-only throughput: 15.2964 tokens/s (1 tokens in 0.0653747 s of llama_decode)
End-to-end throughput: 15.2507 tokens/s (1 tokens in 0.065571 s)
[decode-stage-profile] model_load=420.662 ms context_create=59.9665 ms tokenize=0.469266 ms prefill_decode=7010.84 ms generation_decode=65.3747 ms generation_total=65.571 ms program_total=7575 ms
[svd-local-op-profile] up_ops=0 gate_ops=0 down_ops=0 up_total=0.000 ms gate_total=0.000 ms down_total=0.000 ms up_v=0.000 ms gate_v=0.000 ms down_v=0.000 ms up_u=0.000 ms gate_u=0.000 ms down_u=0.000 ms
[svd-local-stage-profile] attention_total=970.493 ms ffn_total=1077.076 ms ffn_svd_total=0.000 ms ffn_svd_v=0.000 ms ffn_svd_u=0.000 ms
[svd-offload-zero-profile] up_finish=0 up_cache=0 up_no_request=0 gate_finish=0 gate_cache=0 gate_no_request=0 down_finish=0 down_cache=0 down_no_request=0 other_finish=0 other_cache=0 other_no_request=0
[svd-local-timeout-profile] up_keep=0 up_drop=0 up_wait=0.000 ms gate_keep=0 gate_drop=0 gate_wait=0.000 ms down_keep=0 down_drop=0 down_wait=0.000 ms other_keep=0 other_drop=0 other_wait=0.000 ms
[svd-offload-client] up_gate_req=0 down_req=0 other_mat_req=0 ffn_req=0 gate_cache_hits=0 gate_cache_checks=0 miss_invalid=0 miss_layer=0 miss_rank=0 miss_hash=0 miss_output=0 miss_data=0 send_up_gate=0.000 ms send_down=0.000 ms send_other=0.000 ms send_ffn=0.000 ms wait_up_gate=0.000 ms wait_down=0.000 ms wait_other=0.000 ms wait_ffn=0.000 ms
[svd-offload-client-stage-profile] rpc_send_total=0.000 ms rpc_wait_total=0.000 ms
[svd-offload-client-debug] finish_fail_up_gate=0 finish_fail_down=0 finish_fail_other=0 finish_fail_ffn=0 cache_take_fail_up=0 cache_take_fail_gate=0 recv_up_sum_abs=0.000000e+00 recv_up_max_abs=0.000000e+00 recv_up_zero=0 recv_gate_sum_abs=0.000000e+00 recv_gate_max_abs=0.000000e+00 recv_gate_zero=0 recv_down_sum_abs=0.000000e+00 recv_down_max_abs=0.000000e+00 recv_down_zero=0 recv_other_sum_abs=0.000000e+00 recv_other_max_abs=0.000000e+00 recv_other_zero=0 recv_ffn_sum_abs=0.000000e+00 recv_ffn_max_abs=0.000000e+00 recv_ffn_zero=0
SUCCEED (one forward pass done)"
6c_front_hot,2,6,"60,61,62,63,64,65","100,80,60,30,10,0",src/llama.cpp/gguf_models/qwen.gguf,original_qwen_no_svd,ok,15.1649,65.9416,4323.87,5.151546001434326,True,11,",","llama_context: graph splits = 1
attach_threadpool: call
threads: decode=6 batch=6
prompt tokens: 4
running one forward pass (llama_decode) ...
Top-5 next-token candidates:
  id=11 logit=21.1865 piece="",""
  id=1052 logit=19.7827 piece="" there""
  id=3837 logit=19.7113 piece=""，""
  id=304 logit=19.3779 piece="" in""
  id=264 logit=19.0041 piece="" a""
Autoregressive generation:
Generated text: ,
Decode-only throughput: 15.1649 tokens/s (1 tokens in 0.0659416 s of llama_decode)
End-to-end throughput: 15.1192 tokens/s (1 tokens in 0.0661413 s)
[decode-stage-profile] model_load=429.73 ms context_create=60.368 ms tokenize=0.467143 ms prefill_decode=4323.87 ms generation_decode=65.9416 ms generation_total=66.1413 ms program_total=4898.33 ms
[svd-local-op-profile] up_ops=0 gate_ops=0 down_ops=0 up_total=0.000 ms gate_total=0.000 ms down_total=0.000 ms up_v=0.000 ms gate_v=0.000 ms down_v=0.000 ms up_u=0.000 ms gate_u=0.000 ms down_u=0.000 ms
[svd-local-stage-profile] attention_total=530.170 ms ffn_total=728.856 ms ffn_svd_total=0.000 ms ffn_svd_v=0.000 ms ffn_svd_u=0.000 ms
[svd-offload-zero-profile] up_finish=0 up_cache=0 up_no_request=0 gate_finish=0 gate_cache=0 gate_no_request=0 down_finish=0 down_cache=0 down_no_request=0 other_finish=0 other_cache=0 other_no_request=0
[svd-local-timeout-profile] up_keep=0 up_drop=0 up_wait=0.000 ms gate_keep=0 gate_drop=0 gate_wait=0.000 ms down_keep=0 down_drop=0 down_wait=0.000 ms other_keep=0 other_drop=0 other_wait=0.000 ms
[svd-offload-client] up_gate_req=0 down_req=0 other_mat_req=0 ffn_req=0 gate_cache_hits=0 gate_cache_checks=0 miss_invalid=0 miss_layer=0 miss_rank=0 miss_hash=0 miss_output=0 miss_data=0 send_up_gate=0.000 ms send_down=0.000 ms send_other=0.000 ms send_ffn=0.000 ms wait_up_gate=0.000 ms wait_down=0.000 ms wait_other=0.000 ms wait_ffn=0.000 ms
[svd-offload-client-stage-profile] rpc_send_total=0.000 ms rpc_wait_total=0.000 ms
[svd-offload-client-debug] finish_fail_up_gate=0 finish_fail_down=0 finish_fail_other=0 finish_fail_ffn=0 cache_take_fail_up=0 cache_take_fail_gate=0 recv_up_sum_abs=0.000000e+00 recv_up_max_abs=0.000000e+00 recv_up_zero=0 recv_gate_sum_abs=0.000000e+00 recv_gate_max_abs=0.000000e+00 recv_gate_zero=0 recv_down_sum_abs=0.000000e+00 recv_down_max_abs=0.000000e+00 recv_down_zero=0 recv_other_sum_abs=0.000000e+00 recv_other_max_abs=0.000000e+00 recv_other_zero=0 recv_ffn_sum_abs=0.000000e+00 recv_ffn_max_abs=0.000000e+00 recv_ffn_zero=0
SUCCEED (one forward pass done)"
6c_high,0,6,"60,61,62,63,64,65","50,60,70,80,90,100",src/llama.cpp/gguf_models/qwen.gguf,original_qwen_no_svd,ok,15.1011,66.2205,1118.63,1.8907926082611084,True,11,",","llama_context: graph splits = 1
attach_threadpool: call
threads: decode=6 batch=6
prompt tokens: 4
running one forward pass (llama_decode) ...
Top-5 next-token candidates:
  id=11 logit=21.1865 piece="",""
  id=1052 logit=19.7827 piece="" there""
  id=3837 logit=19.7113 piece=""，""
  id=304 logit=19.3779 piece="" in""
  id=264 logit=19.0041 piece="" a""
Autoregressive generation:
Generated text: ,
Decode-only throughput: 15.1011 tokens/s (1 tokens in 0.0662205 s of llama_decode)
End-to-end throughput: 15.0561 tokens/s (1 tokens in 0.0664184 s)
[decode-stage-profile] model_load=417.973 ms context_create=60.9628 ms tokenize=0.463511 ms prefill_decode=1118.63 ms generation_decode=66.2205 ms generation_total=66.4184 ms program_total=1682.24 ms
[svd-local-op-profile] up_ops=0 gate_ops=0 down_ops=0 up_total=0.000 ms gate_total=0.000 ms down_total=0.000 ms up_v=0.000 ms gate_v=0.000 ms down_v=0.000 ms up_u=0.000 ms gate_u=0.000 ms down_u=0.000 ms
[svd-local-stage-profile] attention_total=185.750 ms ffn_total=198.831 ms ffn_svd_total=0.000 ms ffn_svd_v=0.000 ms ffn_svd_u=0.000 ms
[svd-offload-zero-profile] up_finish=0 up_cache=0 up_no_request=0 gate_finish=0 gate_cache=0 gate_no_request=0 down_finish=0 down_cache=0 down_no_request=0 other_finish=0 other_cache=0 other_no_request=0
[svd-local-timeout-profile] up_keep=0 up_drop=0 up_wait=0.000 ms gate_keep=0 gate_drop=0 gate_wait=0.000 ms down_keep=0 down_drop=0 down_wait=0.000 ms other_keep=0 other_drop=0 other_wait=0.000 ms
[svd-offload-client] up_gate_req=0 down_req=0 other_mat_req=0 ffn_req=0 gate_cache_hits=0 gate_cache_checks=0 miss_invalid=0 miss_layer=0 miss_rank=0 miss_hash=0 miss_output=0 miss_data=0 send_up_gate=0.000 ms send_down=0.000 ms send_other=0.000 ms send_ffn=0.000 ms wait_up_gate=0.000 ms wait_down=0.000 ms wait_other=0.000 ms wait_ffn=0.000 ms
[svd-offload-client-stage-profile] rpc_send_total=0.000 ms rpc_wait_total=0.000 ms
[svd-offload-client-debug] finish_fail_up_gate=0 finish_fail_down=0 finish_fail_other=0 finish_fail_ffn=0 cache_take_fail_up=0 cache_take_fail_gate=0 recv_up_sum_abs=0.000000e+00 recv_up_max_abs=0.000000e+00 recv_up_zero=0 recv_gate_sum_abs=0.000000e+00 recv_gate_max_abs=0.000000e+00 recv_gate_zero=0 recv_down_sum_abs=0.000000e+00 recv_down_max_abs=0.000000e+00 recv_down_zero=0 recv_other_sum_abs=0.000000e+00 recv_other_max_abs=0.000000e+00 recv_other_zero=0 recv_ffn_sum_abs=0.000000e+00 recv_ffn_max_abs=0.000000e+00 recv_ffn_zero=0
SUCCEED (one forward pass done)"
6c_high,1,6,"60,61,62,63,64,65","50,60,70,80,90,100",src/llama.cpp/gguf_models/qwen.gguf,original_qwen_no_svd,ok,15.6141,64.0446,1228.67,1.9987163543701172,True,11,",","llama_context: graph splits = 1
attach_threadpool: call
threads: decode=6 batch=6
prompt tokens: 4
running one forward pass (llama_decode) ...
Top-5 next-token candidates:
  id=11 logit=21.1865 piece="",""
  id=1052 logit=19.7827 piece="" there""
  id=3837 logit=19.7113 piece=""，""
  id=304 logit=19.3779 piece="" in""
  id=264 logit=19.0041 piece="" a""
Autoregressive generation:
Generated text: ,
Decode-only throughput: 15.6141 tokens/s (1 tokens in 0.0640446 s of llama_decode)
End-to-end throughput: 15.5662 tokens/s (1 tokens in 0.0642418 s)
[decode-stage-profile] model_load=419.574 ms context_create=59.9311 ms tokenize=0.461831 ms prefill_decode=1228.67 ms generation_decode=64.0446 ms generation_total=64.2418 ms program_total=1789.88 ms
[svd-local-op-profile] up_ops=0 gate_ops=0 down_ops=0 up_total=0.000 ms gate_total=0.000 ms down_total=0.000 ms up_v=0.000 ms gate_v=0.000 ms down_v=0.000 ms up_u=0.000 ms gate_u=0.000 ms down_u=0.000 ms
[svd-local-stage-profile] attention_total=170.338 ms ffn_total=249.143 ms ffn_svd_total=0.000 ms ffn_svd_v=0.000 ms ffn_svd_u=0.000 ms
[svd-offload-zero-profile] up_finish=0 up_cache=0 up_no_request=0 gate_finish=0 gate_cache=0 gate_no_request=0 down_finish=0 down_cache=0 down_no_request=0 other_finish=0 other_cache=0 other_no_request=0
[svd-local-timeout-profile] up_keep=0 up_drop=0 up_wait=0.000 ms gate_keep=0 gate_drop=0 gate_wait=0.000 ms down_keep=0 down_drop=0 down_wait=0.000 ms other_keep=0 other_drop=0 other_wait=0.000 ms
[svd-offload-client] up_gate_req=0 down_req=0 other_mat_req=0 ffn_req=0 gate_cache_hits=0 gate_cache_checks=0 miss_invalid=0 miss_layer=0 miss_rank=0 miss_hash=0 miss_output=0 miss_data=0 send_up_gate=0.000 ms send_down=0.000 ms send_other=0.000 ms send_ffn=0.000 ms wait_up_gate=0.000 ms wait_down=0.000 ms wait_other=0.000 ms wait_ffn=0.000 ms
[svd-offload-client-stage-profile] rpc_send_total=0.000 ms rpc_wait_total=0.000 ms
[svd-offload-client-debug] finish_fail_up_gate=0 finish_fail_down=0 finish_fail_other=0 finish_fail_ffn=0 cache_take_fail_up=0 cache_take_fail_gate=0 recv_up_sum_abs=0.000000e+00 recv_up_max_abs=0.000000e+00 recv_up_zero=0 recv_gate_sum_abs=0.000000e+00 recv_gate_max_abs=0.000000e+00 recv_gate_zero=0 recv_down_sum_abs=0.000000e+00 recv_down_max_abs=0.000000e+00 recv_down_zero=0 recv_other_sum_abs=0.000000e+00 recv_other_max_abs=0.000000e+00 recv_other_zero=0 recv_ffn_sum_abs=0.000000e+00 recv_ffn_max_abs=0.000000e+00 recv_ffn_zero=0
SUCCEED (one forward pass done)"
6c_high,2,6,"60,61,62,63,64,65","50,60,70,80,90,100",src/llama.cpp/gguf_models/qwen.gguf,original_qwen_no_svd,ok,15.9187,62.819,327.202,1.094054937362671,True,11,",","llama_context: graph splits = 1
attach_threadpool: call
threads: decode=6 batch=6
prompt tokens: 4
running one forward pass (llama_decode) ...
Top-5 next-token candidates:
  id=11 logit=21.1865 piece="",""
  id=1052 logit=19.7827 piece="" there""
  id=3837 logit=19.7113 piece=""，""
  id=304 logit=19.3779 piece="" in""
  id=264 logit=19.0041 piece="" a""
Autoregressive generation:
Generated text: ,
Decode-only throughput: 15.9187 tokens/s (1 tokens in 0.062819 s of llama_decode)
End-to-end throughput: 15.8709 tokens/s (1 tokens in 0.0630086 s)
[decode-stage-profile] model_load=422.393 ms context_create=58.0672 ms tokenize=0.468163 ms prefill_decode=327.202 ms generation_decode=62.819 ms generation_total=63.0086 ms program_total=887.952 ms
[svd-local-op-profile] up_ops=0 gate_ops=0 down_ops=0 up_total=0.000 ms gate_total=0.000 ms down_total=0.000 ms up_v=0.000 ms gate_v=0.000 ms down_v=0.000 ms up_u=0.000 ms gate_u=0.000 ms down_u=0.000 ms
[svd-local-stage-profile] attention_total=46.836 ms ffn_total=93.082 ms ffn_svd_total=0.000 ms ffn_svd_v=0.000 ms ffn_svd_u=0.000 ms
[svd-offload-zero-profile] up_finish=0 up_cache=0 up_no_request=0 gate_finish=0 gate_cache=0 gate_no_request=0 down_finish=0 down_cache=0 down_no_request=0 other_finish=0 other_cache=0 other_no_request=0
[svd-local-timeout-profile] up_keep=0 up_drop=0 up_wait=0.000 ms gate_keep=0 gate_drop=0 gate_wait=0.000 ms down_keep=0 down_drop=0 down_wait=0.000 ms other_keep=0 other_drop=0 other_wait=0.000 ms
[svd-offload-client] up_gate_req=0 down_req=0 other_mat_req=0 ffn_req=0 gate_cache_hits=0 gate_cache_checks=0 miss_invalid=0 miss_layer=0 miss_rank=0 miss_hash=0 miss_output=0 miss_data=0 send_up_gate=0.000 ms send_down=0.000 ms send_other=0.000 ms send_ffn=0.000 ms wait_up_gate=0.000 ms wait_down=0.000 ms wait_other=0.000 ms wait_ffn=0.000 ms
[svd-offload-client-stage-profile] rpc_send_total=0.000 ms rpc_wait_total=0.000 ms
[svd-offload-client-debug] finish_fail_up_gate=0 finish_fail_down=0 finish_fail_other=0 finish_fail_ffn=0 cache_take_fail_up=0 cache_take_fail_gate=0 recv_up_sum_abs=0.000000e+00 recv_up_max_abs=0.000000e+00 recv_up_zero=0 recv_gate_sum_abs=0.000000e+00 recv_gate_max_abs=0.000000e+00 recv_gate_zero=0 recv_down_sum_abs=0.000000e+00 recv_down_max_abs=0.000000e+00 recv_down_zero=0 recv_other_sum_abs=0.000000e+00 recv_other_max_abs=0.000000e+00 recv_other_zero=0 recv_ffn_sum_abs=0.000000e+00 recv_ffn_max_abs=0.000000e+00 recv_ffn_zero=0
SUCCEED (one forward pass done)"
8c_ramp_light,0,8,"60,61,62,63,64,65,66,67","0,10,20,30,40,50,60,70",src/llama.cpp/gguf_models/qwen.gguf,original_qwen_no_svd,ok,15.208,65.7549,314.558,1.0777833461761475,True,11,",","llama_context: graph splits = 1
attach_threadpool: call
threads: decode=8 batch=8
prompt tokens: 4
running one forward pass (llama_decode) ...
Top-5 next-token candidates:
  id=11 logit=21.1865 piece="",""
  id=1052 logit=19.7827 piece="" there""
  id=3837 logit=19.7113 piece=""，""
  id=304 logit=19.3779 piece="" in""
  id=264 logit=19.0041 piece="" a""
Autoregressive generation:
Generated text: ,
Decode-only throughput: 15.208 tokens/s (1 tokens in 0.0657549 s of llama_decode)
End-to-end throughput: 15.1598 tokens/s (1 tokens in 0.0659639 s)
[decode-stage-profile] model_load=418.957 ms context_create=60.314 ms tokenize=0.46663 ms prefill_decode=314.558 ms generation_decode=65.7549 ms generation_total=65.9639 ms program_total=877.297 ms
[svd-local-op-profile] up_ops=0 gate_ops=0 down_ops=0 up_total=0.000 ms gate_total=0.000 ms down_total=0.000 ms up_v=0.000 ms gate_v=0.000 ms down_v=0.000 ms up_u=0.000 ms gate_u=0.000 ms down_u=0.000 ms
[svd-local-stage-profile] attention_total=46.224 ms ffn_total=90.397 ms ffn_svd_total=0.000 ms ffn_svd_v=0.000 ms ffn_svd_u=0.000 ms
[svd-offload-zero-profile] up_finish=0 up_cache=0 up_no_request=0 gate_finish=0 gate_cache=0 gate_no_request=0 down_finish=0 down_cache=0 down_no_request=0 other_finish=0 other_cache=0 other_no_request=0
[svd-local-timeout-profile] up_keep=0 up_drop=0 up_wait=0.000 ms gate_keep=0 gate_drop=0 gate_wait=0.000 ms down_keep=0 down_drop=0 down_wait=0.000 ms other_keep=0 other_drop=0 other_wait=0.000 ms
[svd-offload-client] up_gate_req=0 down_req=0 other_mat_req=0 ffn_req=0 gate_cache_hits=0 gate_cache_checks=0 miss_invalid=0 miss_layer=0 miss_rank=0 miss_hash=0 miss_output=0 miss_data=0 send_up_gate=0.000 ms send_down=0.000 ms send_other=0.000 ms send_ffn=0.000 ms wait_up_gate=0.000 ms wait_down=0.000 ms wait_other=0.000 ms wait_ffn=0.000 ms
[svd-offload-client-stage-profile] rpc_send_total=0.000 ms rpc_wait_total=0.000 ms
[svd-offload-client-debug] finish_fail_up_gate=0 finish_fail_down=0 finish_fail_other=0 finish_fail_ffn=0 cache_take_fail_up=0 cache_take_fail_gate=0 recv_up_sum_abs=0.000000e+00 recv_up_max_abs=0.000000e+00 recv_up_zero=0 recv_gate_sum_abs=0.000000e+00 recv_gate_max_abs=0.000000e+00 recv_gate_zero=0 recv_down_sum_abs=0.000000e+00 recv_down_max_abs=0.000000e+00 recv_down_zero=0 recv_other_sum_abs=0.000000e+00 recv_other_max_abs=0.000000e+00 recv_other_zero=0 recv_ffn_sum_abs=0.000000e+00 recv_ffn_max_abs=0.000000e+00 recv_ffn_zero=0
SUCCEED (one forward pass done)"
8c_ramp_light,1,8,"60,61,62,63,64,65,66,67","0,10,20,30,40,50,60,70",src/llama.cpp/gguf_models/qwen.gguf,original_qwen_no_svd,ok,0.551034,1814.77,223.62,2.76053524017334,True,11,",","llama_context: graph splits = 1
attach_threadpool: call
threads: decode=8 batch=8
prompt tokens: 4
running one forward pass (llama_decode) ...
Top-5 next-token candidates:
  id=11 logit=21.1865 piece="",""
  id=1052 logit=19.7827 piece="" there""
  id=3837 logit=19.7113 piece=""，""
  id=304 logit=19.3779 piece="" in""
  id=264 logit=19.0041 piece="" a""
Autoregressive generation:
Generated text: ,
Decode-only throughput: 0.551034 tokens/s (1 tokens in 1.81477 s of llama_decode)
End-to-end throughput: 0.550961 tokens/s (1 tokens in 1.81501 s)
[decode-stage-profile] model_load=421.666 ms context_create=58.8854 ms tokenize=0.466063 ms prefill_decode=223.62 ms generation_decode=1814.77 ms generation_total=1815.01 ms program_total=2536.92 ms
[svd-local-op-profile] up_ops=0 gate_ops=0 down_ops=0 up_total=0.000 ms gate_total=0.000 ms down_total=0.000 ms up_v=0.000 ms gate_v=0.000 ms down_v=0.000 ms up_u=0.000 ms gate_u=0.000 ms down_u=0.000 ms
[svd-local-stage-profile] attention_total=639.551 ms ffn_total=440.752 ms ffn_svd_total=0.000 ms ffn_svd_v=0.000 ms ffn_svd_u=0.000 ms
[svd-offload-zero-profile] up_finish=0 up_cache=0 up_no_request=0 gate_finish=0 gate_cache=0 gate_no_request=0 down_finish=0 down_cache=0 down_no_request=0 other_finish=0 other_cache=0 other_no_request=0
[svd-local-timeout-profile] up_keep=0 up_drop=0 up_wait=0.000 ms gate_keep=0 gate_drop=0 gate_wait=0.000 ms down_keep=0 down_drop=0 down_wait=0.000 ms other_keep=0 other_drop=0 other_wait=0.000 ms
[svd-offload-client] up_gate_req=0 down_req=0 other_mat_req=0 ffn_req=0 gate_cache_hits=0 gate_cache_checks=0 miss_invalid=0 miss_layer=0 miss_rank=0 miss_hash=0 miss_output=0 miss_data=0 send_up_gate=0.000 ms send_down=0.000 ms send_other=0.000 ms send_ffn=0.000 ms wait_up_gate=0.000 ms wait_down=0.000 ms wait_other=0.000 ms wait_ffn=0.000 ms
[svd-offload-client-stage-profile] rpc_send_total=0.000 ms rpc_wait_total=0.000 ms
[svd-offload-client-debug] finish_fail_up_gate=0 finish_fail_down=0 finish_fail_other=0 finish_fail_ffn=0 cache_take_fail_up=0 cache_take_fail_gate=0 recv_up_sum_abs=0.000000e+00 recv_up_max_abs=0.000000e+00 recv_up_zero=0 recv_gate_sum_abs=0.000000e+00 recv_gate_max_abs=0.000000e+00 recv_gate_zero=0 recv_down_sum_abs=0.000000e+00 recv_down_max_abs=0.000000e+00 recv_down_zero=0 recv_other_sum_abs=0.000000e+00 recv_other_max_abs=0.000000e+00 recv_other_zero=0 recv_ffn_sum_abs=0.000000e+00 recv_ffn_max_abs=0.000000e+00 recv_ffn_zero=0
SUCCEED (one forward pass done)"
8c_ramp_light,2,8,"60,61,62,63,64,65,66,67","0,10,20,30,40,50,60,70",src/llama.cpp/gguf_models/qwen.gguf,original_qwen_no_svd,ok,14.2282,70.2829,231.278,1.0023488998413086,True,11,",","llama_context: graph splits = 1
attach_threadpool: call
threads: decode=8 batch=8
prompt tokens: 4
running one forward pass (llama_decode) ...
Top-5 next-token candidates:
  id=11 logit=21.1865 piece="",""
  id=1052 logit=19.7827 piece="" there""
  id=3837 logit=19.7113 piece=""，""
  id=304 logit=19.3779 piece="" in""
  id=264 logit=19.0041 piece="" a""
Autoregressive generation:
Generated text: ,
Decode-only throughput: 14.2282 tokens/s (1 tokens in 0.0702829 s of llama_decode)
End-to-end throughput: 14.1884 tokens/s (1 tokens in 0.0704802 s)
[decode-stage-profile] model_load=425.872 ms context_create=59.2978 ms tokenize=0.466579 ms prefill_decode=231.278 ms generation_decode=70.2829 ms generation_total=70.4802 ms program_total=804.477 ms
[svd-local-op-profile] up_ops=0 gate_ops=0 down_ops=0 up_total=0.000 ms gate_total=0.000 ms down_total=0.000 ms up_v=0.000 ms gate_v=0.000 ms down_v=0.000 ms up_u=0.000 ms gate_u=0.000 ms down_u=0.000 ms
[svd-local-stage-profile] attention_total=54.503 ms ffn_total=87.599 ms ffn_svd_total=0.000 ms ffn_svd_v=0.000 ms ffn_svd_u=0.000 ms
[svd-offload-zero-profile] up_finish=0 up_cache=0 up_no_request=0 gate_finish=0 gate_cache=0 gate_no_request=0 down_finish=0 down_cache=0 down_no_request=0 other_finish=0 other_cache=0 other_no_request=0
[svd-local-timeout-profile] up_keep=0 up_drop=0 up_wait=0.000 ms gate_keep=0 gate_drop=0 gate_wait=0.000 ms down_keep=0 down_drop=0 down_wait=0.000 ms other_keep=0 other_drop=0 other_wait=0.000 ms
[svd-offload-client] up_gate_req=0 down_req=0 other_mat_req=0 ffn_req=0 gate_cache_hits=0 gate_cache_checks=0 miss_invalid=0 miss_layer=0 miss_rank=0 miss_hash=0 miss_output=0 miss_data=0 send_up_gate=0.000 ms send_down=0.000 ms send_other=0.000 ms send_ffn=0.000 ms wait_up_gate=0.000 ms wait_down=0.000 ms wait_other=0.000 ms wait_ffn=0.000 ms
[svd-offload-client-stage-profile] rpc_send_total=0.000 ms rpc_wait_total=0.000 ms
[svd-offload-client-debug] finish_fail_up_gate=0 finish_fail_down=0 finish_fail_other=0 finish_fail_ffn=0 cache_take_fail_up=0 cache_take_fail_gate=0 recv_up_sum_abs=0.000000e+00 recv_up_max_abs=0.000000e+00 recv_up_zero=0 recv_gate_sum_abs=0.000000e+00 recv_gate_max_abs=0.000000e+00 recv_gate_zero=0 recv_down_sum_abs=0.000000e+00 recv_down_max_abs=0.000000e+00 recv_down_zero=0 recv_other_sum_abs=0.000000e+00 recv_other_max_abs=0.000000e+00 recv_other_zero=0 recv_ffn_sum_abs=0.000000e+00 recv_ffn_max_abs=0.000000e+00 recv_ffn_zero=0
SUCCEED (one forward pass done)"
8c_mixed,0,8,"60,61,62,63,64,65,66,67","0,20,40,60,80,100,30,50",src/llama.cpp/gguf_models/qwen.gguf,original_qwen_no_svd,ok,15.8299,63.1715,4928.28,5.6871161460876465,True,11,",","llama_context: graph splits = 1
attach_threadpool: call
threads: decode=8 batch=8
prompt tokens: 4
running one forward pass (llama_decode) ...
Top-5 next-token candidates:
  id=11 logit=21.1865 piece="",""
  id=1052 logit=19.7827 piece="" there""
  id=3837 logit=19.7113 piece=""，""
  id=304 logit=19.3779 piece="" in""
  id=264 logit=19.0041 piece="" a""
Autoregressive generation:
Generated text: ,
Decode-only throughput: 15.8299 tokens/s (1 tokens in 0.0631715 s of llama_decode)
End-to-end throughput: 15.7782 tokens/s (1 tokens in 0.0633787 s)
[decode-stage-profile] model_load=418.014 ms context_create=59.8802 ms tokenize=0.461799 ms prefill_decode=4928.28 ms generation_decode=63.1715 ms generation_total=63.3787 ms program_total=5487.11 ms
[svd-local-op-profile] up_ops=0 gate_ops=0 down_ops=0 up_total=0.000 ms gate_total=0.000 ms down_total=0.000 ms up_v=0.000 ms gate_v=0.000 ms down_v=0.000 ms up_u=0.000 ms gate_u=0.000 ms down_u=0.000 ms
[svd-local-stage-profile] attention_total=728.529 ms ffn_total=765.353 ms ffn_svd_total=0.000 ms ffn_svd_v=0.000 ms ffn_svd_u=0.000 ms
[svd-offload-zero-profile] up_finish=0 up_cache=0 up_no_request=0 gate_finish=0 gate_cache=0 gate_no_request=0 down_finish=0 down_cache=0 down_no_request=0 other_finish=0 other_cache=0 other_no_request=0
[svd-local-timeout-profile] up_keep=0 up_drop=0 up_wait=0.000 ms gate_keep=0 gate_drop=0 gate_wait=0.000 ms down_keep=0 down_drop=0 down_wait=0.000 ms other_keep=0 other_drop=0 other_wait=0.000 ms
[svd-offload-client] up_gate_req=0 down_req=0 other_mat_req=0 ffn_req=0 gate_cache_hits=0 gate_cache_checks=0 miss_invalid=0 miss_layer=0 miss_rank=0 miss_hash=0 miss_output=0 miss_data=0 send_up_gate=0.000 ms send_down=0.000 ms send_other=0.000 ms send_ffn=0.000 ms wait_up_gate=0.000 ms wait_down=0.000 ms wait_other=0.000 ms wait_ffn=0.000 ms
[svd-offload-client-stage-profile] rpc_send_total=0.000 ms rpc_wait_total=0.000 ms
[svd-offload-client-debug] finish_fail_up_gate=0 finish_fail_down=0 finish_fail_other=0 finish_fail_ffn=0 cache_take_fail_up=0 cache_take_fail_gate=0 recv_up_sum_abs=0.000000e+00 recv_up_max_abs=0.000000e+00 recv_up_zero=0 recv_gate_sum_abs=0.000000e+00 recv_gate_max_abs=0.000000e+00 recv_gate_zero=0 recv_down_sum_abs=0.000000e+00 recv_down_max_abs=0.000000e+00 recv_down_zero=0 recv_other_sum_abs=0.000000e+00 recv_other_max_abs=0.000000e+00 recv_other_zero=0 recv_ffn_sum_abs=0.000000e+00 recv_ffn_max_abs=0.000000e+00 recv_ffn_zero=0
SUCCEED (one forward pass done)"
8c_mixed,1,8,"60,61,62,63,64,65,66,67","0,20,40,60,80,100,30,50",src/llama.cpp/gguf_models/qwen.gguf,original_qwen_no_svd,ok,14.7553,67.7725,6396.06,7.168959140777588,True,11,",","llama_context: graph splits = 1
attach_threadpool: call
threads: decode=8 batch=8
prompt tokens: 4
running one forward pass (llama_decode) ...
Top-5 next-token candidates:
  id=11 logit=21.1865 piece="",""
  id=1052 logit=19.7827 piece="" there""
  id=3837 logit=19.7113 piece=""，""
  id=304 logit=19.3779 piece="" in""
  id=264 logit=19.0041 piece="" a""
Autoregressive generation:
Generated text: ,
Decode-only throughput: 14.7553 tokens/s (1 tokens in 0.0677725 s of llama_decode)
End-to-end throughput: 14.71 tokens/s (1 tokens in 0.0679811 s)
[decode-stage-profile] model_load=415.802 ms context_create=60.1866 ms tokenize=0.470369 ms prefill_decode=6396.06 ms generation_decode=67.7725 ms generation_total=67.9811 ms program_total=6957.77 ms
[svd-local-op-profile] up_ops=0 gate_ops=0 down_ops=0 up_total=0.000 ms gate_total=0.000 ms down_total=0.000 ms up_v=0.000 ms gate_v=0.000 ms down_v=0.000 ms up_u=0.000 ms gate_u=0.000 ms down_u=0.000 ms
[svd-local-stage-profile] attention_total=961.399 ms ffn_total=941.533 ms ffn_svd_total=0.000 ms ffn_svd_v=0.000 ms ffn_svd_u=0.000 ms
[svd-offload-zero-profile] up_finish=0 up_cache=0 up_no_request=0 gate_finish=0 gate_cache=0 gate_no_request=0 down_finish=0 down_cache=0 down_no_request=0 other_finish=0 other_cache=0 other_no_request=0
[svd-local-timeout-profile] up_keep=0 up_drop=0 up_wait=0.000 ms gate_keep=0 gate_drop=0 gate_wait=0.000 ms down_keep=0 down_drop=0 down_wait=0.000 ms other_keep=0 other_drop=0 other_wait=0.000 ms
[svd-offload-client] up_gate_req=0 down_req=0 other_mat_req=0 ffn_req=0 gate_cache_hits=0 gate_cache_checks=0 miss_invalid=0 miss_layer=0 miss_rank=0 miss_hash=0 miss_output=0 miss_data=0 send_up_gate=0.000 ms send_down=0.000 ms send_other=0.000 ms send_ffn=0.000 ms wait_up_gate=0.000 ms wait_down=0.000 ms wait_other=0.000 ms wait_ffn=0.000 ms
[svd-offload-client-stage-profile] rpc_send_total=0.000 ms rpc_wait_total=0.000 ms
[svd-offload-client-debug] finish_fail_up_gate=0 finish_fail_down=0 finish_fail_other=0 finish_fail_ffn=0 cache_take_fail_up=0 cache_take_fail_gate=0 recv_up_sum_abs=0.000000e+00 recv_up_max_abs=0.000000e+00 recv_up_zero=0 recv_gate_sum_abs=0.000000e+00 recv_gate_max_abs=0.000000e+00 recv_gate_zero=0 recv_down_sum_abs=0.000000e+00 recv_down_max_abs=0.000000e+00 recv_down_zero=0 recv_other_sum_abs=0.000000e+00 recv_other_max_abs=0.000000e+00 recv_other_zero=0 recv_ffn_sum_abs=0.000000e+00 recv_ffn_max_abs=0.000000e+00 recv_ffn_zero=0
SUCCEED (one forward pass done)"
8c_mixed,2,8,"60,61,62,63,64,65,66,67","0,20,40,60,80,100,30,50",src/llama.cpp/gguf_models/qwen.gguf,original_qwen_no_svd,ok,0.310364,3222.03,11382.5,15.325164079666138,True,11,",","llama_context: graph splits = 1
attach_threadpool: call
threads: decode=8 batch=8
prompt tokens: 4
running one forward pass (llama_decode) ...
Top-5 next-token candidates:
  id=11 logit=21.1865 piece="",""
  id=1052 logit=19.7827 piece="" there""
  id=3837 logit=19.7113 piece=""，""
  id=304 logit=19.3779 piece="" in""
  id=264 logit=19.0041 piece="" a""
Autoregressive generation:
Generated text: ,
Decode-only throughput: 0.310364 tokens/s (1 tokens in 3.22203 s of llama_decode)
End-to-end throughput: 0.310342 tokens/s (1 tokens in 3.22225 s)
[decode-stage-profile] model_load=422.988 ms context_create=60.0402 ms tokenize=0.462981 ms prefill_decode=11382.5 ms generation_decode=3222.03 ms generation_total=3222.25 ms program_total=15105.8 ms
[svd-local-op-profile] up_ops=0 gate_ops=0 down_ops=0 up_total=0.000 ms gate_total=0.000 ms down_total=0.000 ms up_v=0.000 ms gate_v=0.000 ms down_v=0.000 ms up_u=0.000 ms gate_u=0.000 ms down_u=0.000 ms
[svd-local-stage-profile] attention_total=2731.069 ms ffn_total=2409.707 ms ffn_svd_total=0.000 ms ffn_svd_v=0.000 ms ffn_svd_u=0.000 ms
[svd-offload-zero-profile] up_finish=0 up_cache=0 up_no_request=0 gate_finish=0 gate_cache=0 gate_no_request=0 down_finish=0 down_cache=0 down_no_request=0 other_finish=0 other_cache=0 other_no_request=0
[svd-local-timeout-profile] up_keep=0 up_drop=0 up_wait=0.000 ms gate_keep=0 gate_drop=0 gate_wait=0.000 ms down_keep=0 down_drop=0 down_wait=0.000 ms other_keep=0 other_drop=0 other_wait=0.000 ms
[svd-offload-client] up_gate_req=0 down_req=0 other_mat_req=0 ffn_req=0 gate_cache_hits=0 gate_cache_checks=0 miss_invalid=0 miss_layer=0 miss_rank=0 miss_hash=0 miss_output=0 miss_data=0 send_up_gate=0.000 ms send_down=0.000 ms send_other=0.000 ms send_ffn=0.000 ms wait_up_gate=0.000 ms wait_down=0.000 ms wait_other=0.000 ms wait_ffn=0.000 ms
[svd-offload-client-stage-profile] rpc_send_total=0.000 ms rpc_wait_total=0.000 ms
[svd-offload-client-debug] finish_fail_up_gate=0 finish_fail_down=0 finish_fail_other=0 finish_fail_ffn=0 cache_take_fail_up=0 cache_take_fail_gate=0 recv_up_sum_abs=0.000000e+00 recv_up_max_abs=0.000000e+00 recv_up_zero=0 recv_gate_sum_abs=0.000000e+00 recv_gate_max_abs=0.000000e+00 recv_gate_zero=0 recv_down_sum_abs=0.000000e+00 recv_down_max_abs=0.000000e+00 recv_down_zero=0 recv_other_sum_abs=0.000000e+00 recv_other_max_abs=0.000000e+00 recv_other_zero=0 recv_ffn_sum_abs=0.000000e+00 recv_ffn_max_abs=0.000000e+00 recv_ffn_zero=0
SUCCEED (one forward pass done)"
8c_front_hot,0,8,"60,61,62,63,64,65,66,67","100,90,80,70,30,20,10,0",src/llama.cpp/gguf_models/qwen.gguf,original_qwen_no_svd,ok,14.4791,69.065,5073.68,5.867403984069824,True,11,",","llama_context: graph splits = 1
attach_threadpool: call
threads: decode=8 batch=8
prompt tokens: 4
running one forward pass (llama_decode) ...
Top-5 next-token candidates:
  id=11 logit=21.1865 piece="",""
  id=1052 logit=19.7827 piece="" there""
  id=3837 logit=19.7113 piece=""，""
  id=304 logit=19.3779 piece="" in""
  id=264 logit=19.0041 piece="" a""
Autoregressive generation:
Generated text: ,
Decode-only throughput: 14.4791 tokens/s (1 tokens in 0.069065 s of llama_decode)
End-to-end throughput: 14.4343 tokens/s (1 tokens in 0.0692796 s)
[decode-stage-profile] model_load=428.568 ms context_create=60.077 ms tokenize=0.474147 ms prefill_decode=5073.68 ms generation_decode=69.065 ms generation_total=69.2796 ms program_total=5649.22 ms
[svd-local-op-profile] up_ops=0 gate_ops=0 down_ops=0 up_total=0.000 ms gate_total=0.000 ms down_total=0.000 ms up_v=0.000 ms gate_v=0.000 ms down_v=0.000 ms up_u=0.000 ms gate_u=0.000 ms down_u=0.000 ms
[svd-local-stage-profile] attention_total=707.574 ms ffn_total=811.851 ms ffn_svd_total=0.000 ms ffn_svd_v=0.000 ms ffn_svd_u=0.000 ms
[svd-offload-zero-profile] up_finish=0 up_cache=0 up_no_request=0 gate_finish=0 gate_cache=0 gate_no_request=0 down_finish=0 down_cache=0 down_no_request=0 other_finish=0 other_cache=0 other_no_request=0
[svd-local-timeout-profile] up_keep=0 up_drop=0 up_wait=0.000 ms gate_keep=0 gate_drop=0 gate_wait=0.000 ms down_keep=0 down_drop=0 down_wait=0.000 ms other_keep=0 other_drop=0 other_wait=0.000 ms
[svd-offload-client] up_gate_req=0 down_req=0 other_mat_req=0 ffn_req=0 gate_cache_hits=0 gate_cache_checks=0 miss_invalid=0 miss_layer=0 miss_rank=0 miss_hash=0 miss_output=0 miss_data=0 send_up_gate=0.000 ms send_down=0.000 ms send_other=0.000 ms send_ffn=0.000 ms wait_up_gate=0.000 ms wait_down=0.000 ms wait_other=0.000 ms wait_ffn=0.000 ms
[svd-offload-client-stage-profile] rpc_send_total=0.000 ms rpc_wait_total=0.000 ms
[svd-offload-client-debug] finish_fail_up_gate=0 finish_fail_down=0 finish_fail_other=0 finish_fail_ffn=0 cache_take_fail_up=0 cache_take_fail_gate=0 recv_up_sum_abs=0.000000e+00 recv_up_max_abs=0.000000e+00 recv_up_zero=0 recv_gate_sum_abs=0.000000e+00 recv_gate_max_abs=0.000000e+00 recv_gate_zero=0 recv_down_sum_abs=0.000000e+00 recv_down_max_abs=0.000000e+00 recv_down_zero=0 recv_other_sum_abs=0.000000e+00 recv_other_max_abs=0.000000e+00 recv_other_zero=0 recv_ffn_sum_abs=0.000000e+00 recv_ffn_max_abs=0.000000e+00 recv_ffn_zero=0
SUCCEED (one forward pass done)"
8c_front_hot,1,8,"60,61,62,63,64,65,66,67","100,90,80,70,30,20,10,0",src/llama.cpp/gguf_models/qwen.gguf,original_qwen_no_svd,ok,15.6752,63.7952,4430.75,5.21502685546875,True,11,",","llama_context: graph splits = 1
attach_threadpool: call
threads: decode=8 batch=8
prompt tokens: 4
running one forward pass (llama_decode) ...
Top-5 next-token candidates:
  id=11 logit=21.1865 piece="",""
  id=1052 logit=19.7827 piece="" there""
  id=3837 logit=19.7113 piece=""，""
  id=304 logit=19.3779 piece="" in""
  id=264 logit=19.0041 piece="" a""
Autoregressive generation:
Generated text: ,
Decode-only throughput: 15.6752 tokens/s (1 tokens in 0.0637952 s of llama_decode)
End-to-end throughput: 15.6258 tokens/s (1 tokens in 0.0639966 s)
[decode-stage-profile] model_load=420.689 ms context_create=59.6546 ms tokenize=0.454278 ms prefill_decode=4430.75 ms generation_decode=63.7952 ms generation_total=63.9966 ms program_total=4993.19 ms
[svd-local-op-profile] up_ops=0 gate_ops=0 down_ops=0 up_total=0.000 ms gate_total=0.000 ms down_total=0.000 ms up_v=0.000 ms gate_v=0.000 ms down_v=0.000 ms up_u=0.000 ms gate_u=0.000 ms down_u=0.000 ms
[svd-local-stage-profile] attention_total=608.948 ms ffn_total=669.896 ms ffn_svd_total=0.000 ms ffn_svd_v=0.000 ms ffn_svd_u=0.000 ms
[svd-offload-zero-profile] up_finish=0 up_cache=0 up_no_request=0 gate_finish=0 gate_cache=0 gate_no_request=0 down_finish=0 down_cache=0 down_no_request=0 other_finish=0 other_cache=0 other_no_request=0
[svd-local-timeout-profile] up_keep=0 up_drop=0 up_wait=0.000 ms gate_keep=0 gate_drop=0 gate_wait=0.000 ms down_keep=0 down_drop=0 down_wait=0.000 ms other_keep=0 other_drop=0 other_wait=0.000 ms
[svd-offload-client] up_gate_req=0 down_req=0 other_mat_req=0 ffn_req=0 gate_cache_hits=0 gate_cache_checks=0 miss_invalid=0 miss_layer=0 miss_rank=0 miss_hash=0 miss_output=0 miss_data=0 send_up_gate=0.000 ms send_down=0.000 ms send_other=0.000 ms send_ffn=0.000 ms wait_up_gate=0.000 ms wait_down=0.000 ms wait_other=0.000 ms wait_ffn=0.000 ms
[svd-offload-client-stage-profile] rpc_send_total=0.000 ms rpc_wait_total=0.000 ms
[svd-offload-client-debug] finish_fail_up_gate=0 finish_fail_down=0 finish_fail_other=0 finish_fail_ffn=0 cache_take_fail_up=0 cache_take_fail_gate=0 recv_up_sum_abs=0.000000e+00 recv_up_max_abs=0.000000e+00 recv_up_zero=0 recv_gate_sum_abs=0.000000e+00 recv_gate_max_abs=0.000000e+00 recv_gate_zero=0 recv_down_sum_abs=0.000000e+00 recv_down_max_abs=0.000000e+00 recv_down_zero=0 recv_other_sum_abs=0.000000e+00 recv_other_max_abs=0.000000e+00 recv_other_zero=0 recv_ffn_sum_abs=0.000000e+00 recv_ffn_max_abs=0.000000e+00 recv_ffn_zero=0
SUCCEED (one forward pass done)"
8c_front_hot,2,8,"60,61,62,63,64,65,66,67","100,90,80,70,30,20,10,0",src/llama.cpp/gguf_models/qwen.gguf,original_qwen_no_svd,ok,16.8362,59.3957,2500.73,3.281381845474243,True,11,",","llama_context: graph splits = 1
attach_threadpool: call
threads: decode=8 batch=8
prompt tokens: 4
running one forward pass (llama_decode) ...
Top-5 next-token candidates:
  id=11 logit=21.1865 piece="",""
  id=1052 logit=19.7827 piece="" there""
  id=3837 logit=19.7113 piece=""，""
  id=304 logit=19.3779 piece="" in""
  id=264 logit=19.0041 piece="" a""
Autoregressive generation:
Generated text: ,
Decode-only throughput: 16.8362 tokens/s (1 tokens in 0.0593957 s of llama_decode)
End-to-end throughput: 16.7795 tokens/s (1 tokens in 0.0595965 s)
[decode-stage-profile] model_load=420.625 ms context_create=59.9664 ms tokenize=0.470761 ms prefill_decode=2500.73 ms generation_decode=59.3957 ms generation_total=59.5965 ms program_total=3058.96 ms
[svd-local-op-profile] up_ops=0 gate_ops=0 down_ops=0 up_total=0.000 ms gate_total=0.000 ms down_total=0.000 ms up_v=0.000 ms gate_v=0.000 ms down_v=0.000 ms up_u=0.000 ms gate_u=0.000 ms down_u=0.000 ms
[svd-local-stage-profile] attention_total=321.299 ms ffn_total=390.264 ms ffn_svd_total=0.000 ms ffn_svd_v=0.000 ms ffn_svd_u=0.000 ms
[svd-offload-zero-profile] up_finish=0 up_cache=0 up_no_request=0 gate_finish=0 gate_cache=0 gate_no_request=0 down_finish=0 down_cache=0 down_no_request=0 other_finish=0 other_cache=0 other_no_request=0
[svd-local-timeout-profile] up_keep=0 up_drop=0 up_wait=0.000 ms gate_keep=0 gate_drop=0 gate_wait=0.000 ms down_keep=0 down_drop=0 down_wait=0.000 ms other_keep=0 other_drop=0 other_wait=0.000 ms
[svd-offload-client] up_gate_req=0 down_req=0 other_mat_req=0 ffn_req=0 gate_cache_hits=0 gate_cache_checks=0 miss_invalid=0 miss_layer=0 miss_rank=0 miss_hash=0 miss_output=0 miss_data=0 send_up_gate=0.000 ms send_down=0.000 ms send_other=0.000 ms send_ffn=0.000 ms wait_up_gate=0.000 ms wait_down=0.000 ms wait_other=0.000 ms wait_ffn=0.000 ms
[svd-offload-client-stage-profile] rpc_send_total=0.000 ms rpc_wait_total=0.000 ms
[svd-offload-client-debug] finish_fail_up_gate=0 finish_fail_down=0 finish_fail_other=0 finish_fail_ffn=0 cache_take_fail_up=0 cache_take_fail_gate=0 recv_up_sum_abs=0.000000e+00 recv_up_max_abs=0.000000e+00 recv_up_zero=0 recv_gate_sum_abs=0.000000e+00 recv_gate_max_abs=0.000000e+00 recv_gate_zero=0 recv_down_sum_abs=0.000000e+00 recv_down_max_abs=0.000000e+00 recv_down_zero=0 recv_other_sum_abs=0.000000e+00 recv_other_max_abs=0.000000e+00 recv_other_zero=0 recv_ffn_sum_abs=0.000000e+00 recv_ffn_max_abs=0.000000e+00 recv_ffn_zero=0
SUCCEED (one forward pass done)"
8c_high,0,8,"60,61,62,63,64,65,66,67","30,40,50,60,70,80,90,100",src/llama.cpp/gguf_models/qwen.gguf,original_qwen_no_svd,ok,15.8871,62.9442,1217.14,1.9988205432891846,True,11,",","llama_context: graph splits = 1
attach_threadpool: call
threads: decode=8 batch=8
prompt tokens: 4
running one forward pass (llama_decode) ...
Top-5 next-token candidates:
  id=11 logit=21.1865 piece="",""
  id=1052 logit=19.7827 piece="" there""
  id=3837 logit=19.7113 piece=""，""
  id=304 logit=19.3779 piece="" in""
  id=264 logit=19.0041 piece="" a""
Autoregressive generation:
Generated text: ,
Decode-only throughput: 15.8871 tokens/s (1 tokens in 0.0629442 s of llama_decode)
End-to-end throughput: 15.8364 tokens/s (1 tokens in 0.0631458 s)
[decode-stage-profile] model_load=433.44 ms context_create=60.9609 ms tokenize=0.468573 ms prefill_decode=1217.14 ms generation_decode=62.9442 ms generation_total=63.1458 ms program_total=1792.37 ms
[svd-local-op-profile] up_ops=0 gate_ops=0 down_ops=0 up_total=0.000 ms gate_total=0.000 ms down_total=0.000 ms up_v=0.000 ms gate_v=0.000 ms down_v=0.000 ms up_u=0.000 ms gate_u=0.000 ms down_u=0.000 ms
[svd-local-stage-profile] attention_total=164.491 ms ffn_total=195.041 ms ffn_svd_total=0.000 ms ffn_svd_v=0.000 ms ffn_svd_u=0.000 ms
[svd-offload-zero-profile] up_finish=0 up_cache=0 up_no_request=0 gate_finish=0 gate_cache=0 gate_no_request=0 down_finish=0 down_cache=0 down_no_request=0 other_finish=0 other_cache=0 other_no_request=0
[svd-local-timeout-profile] up_keep=0 up_drop=0 up_wait=0.000 ms gate_keep=0 gate_drop=0 gate_wait=0.000 ms down_keep=0 down_drop=0 down_wait=0.000 ms other_keep=0 other_drop=0 other_wait=0.000 ms
[svd-offload-client] up_gate_req=0 down_req=0 other_mat_req=0 ffn_req=0 gate_cache_hits=0 gate_cache_checks=0 miss_invalid=0 miss_layer=0 miss_rank=0 miss_hash=0 miss_output=0 miss_data=0 send_up_gate=0.000 ms send_down=0.000 ms send_other=0.000 ms send_ffn=0.000 ms wait_up_gate=0.000 ms wait_down=0.000 ms wait_other=0.000 ms wait_ffn=0.000 ms
[svd-offload-client-stage-profile] rpc_send_total=0.000 ms rpc_wait_total=0.000 ms
[svd-offload-client-debug] finish_fail_up_gate=0 finish_fail_down=0 finish_fail_other=0 finish_fail_ffn=0 cache_take_fail_up=0 cache_take_fail_gate=0 recv_up_sum_abs=0.000000e+00 recv_up_max_abs=0.000000e+00 recv_up_zero=0 recv_gate_sum_abs=0.000000e+00 recv_gate_max_abs=0.000000e+00 recv_gate_zero=0 recv_down_sum_abs=0.000000e+00 recv_down_max_abs=0.000000e+00 recv_down_zero=0 recv_other_sum_abs=0.000000e+00 recv_other_max_abs=0.000000e+00 recv_other_zero=0 recv_ffn_sum_abs=0.000000e+00 recv_ffn_max_abs=0.000000e+00 recv_ffn_zero=0
SUCCEED (one forward pass done)"
8c_high,1,8,"60,61,62,63,64,65,66,67","30,40,50,60,70,80,90,100",src/llama.cpp/gguf_models/qwen.gguf,original_qwen_no_svd,ok,13.4684,74.2479,1250.12,2.0362446308135986,True,11,",","llama_context: graph splits = 1
attach_threadpool: call
threads: decode=8 batch=8
prompt tokens: 4
running one forward pass (llama_decode) ...
Top-5 next-token candidates:
  id=11 logit=21.1865 piece="",""
  id=1052 logit=19.7827 piece="" there""
  id=3837 logit=19.7113 piece=""，""
  id=304 logit=19.3779 piece="" in""
  id=264 logit=19.0041 piece="" a""
Autoregressive generation:
Generated text: ,
Decode-only throughput: 13.4684 tokens/s (1 tokens in 0.0742479 s of llama_decode)
End-to-end throughput: 13.4297 tokens/s (1 tokens in 0.0744618 s)
[decode-stage-profile] model_load=422.884 ms context_create=60.5953 ms tokenize=0.483121 ms prefill_decode=1250.12 ms generation_decode=74.2479 ms generation_total=74.4618 ms program_total=1825.67 ms
[svd-local-op-profile] up_ops=0 gate_ops=0 down_ops=0 up_total=0.000 ms gate_total=0.000 ms down_total=0.000 ms up_v=0.000 ms gate_v=0.000 ms down_v=0.000 ms up_u=0.000 ms gate_u=0.000 ms down_u=0.000 ms
[svd-local-stage-profile] attention_total=176.789 ms ffn_total=219.591 ms ffn_svd_total=0.000 ms ffn_svd_v=0.000 ms ffn_svd_u=0.000 ms
[svd-offload-zero-profile] up_finish=0 up_cache=0 up_no_request=0 gate_finish=0 gate_cache=0 gate_no_request=0 down_finish=0 down_cache=0 down_no_request=0 other_finish=0 other_cache=0 other_no_request=0
[svd-local-timeout-profile] up_keep=0 up_drop=0 up_wait=0.000 ms gate_keep=0 gate_drop=0 gate_wait=0.000 ms down_keep=0 down_drop=0 down_wait=0.000 ms other_keep=0 other_drop=0 other_wait=0.000 ms
[svd-offload-client] up_gate_req=0 down_req=0 other_mat_req=0 ffn_req=0 gate_cache_hits=0 gate_cache_checks=0 miss_invalid=0 miss_layer=0 miss_rank=0 miss_hash=0 miss_output=0 miss_data=0 send_up_gate=0.000 ms send_down=0.000 ms send_other=0.000 ms send_ffn=0.000 ms wait_up_gate=0.000 ms wait_down=0.000 ms wait_other=0.000 ms wait_ffn=0.000 ms
[svd-offload-client-stage-profile] rpc_send_total=0.000 ms rpc_wait_total=0.000 ms
[svd-offload-client-debug] finish_fail_up_gate=0 finish_fail_down=0 finish_fail_other=0 finish_fail_ffn=0 cache_take_fail_up=0 cache_take_fail_gate=0 recv_up_sum_abs=0.000000e+00 recv_up_max_abs=0.000000e+00 recv_up_zero=0 recv_gate_sum_abs=0.000000e+00 recv_gate_max_abs=0.000000e+00 recv_gate_zero=0 recv_down_sum_abs=0.000000e+00 recv_down_max_abs=0.000000e+00 recv_down_zero=0 recv_other_sum_abs=0.000000e+00 recv_other_max_abs=0.000000e+00 recv_other_zero=0 recv_ffn_sum_abs=0.000000e+00 recv_ffn_max_abs=0.000000e+00 recv_ffn_zero=0
SUCCEED (one forward pass done)"
8c_high,2,8,"60,61,62,63,64,65,66,67","30,40,50,60,70,80,90,100",src/llama.cpp/gguf_models/qwen.gguf,original_qwen_no_svd,ok,16.5888,60.2817,1209.12,2.0063741207122803,True,11,",","llama_context: graph splits = 1
attach_threadpool: call
threads: decode=8 batch=8
prompt tokens: 4
running one forward pass (llama_decode) ...
Top-5 next-token candidates:
  id=11 logit=21.1865 piece="",""
  id=1052 logit=19.7827 piece="" there""
  id=3837 logit=19.7113 piece=""，""
  id=304 logit=19.3779 piece="" in""
  id=264 logit=19.0041 piece="" a""
Autoregressive generation:
Generated text: ,
Decode-only throughput: 16.5888 tokens/s (1 tokens in 0.0602817 s of llama_decode)
End-to-end throughput: 16.5325 tokens/s (1 tokens in 0.0604868 s)
[decode-stage-profile] model_load=427.344 ms context_create=65.335 ms tokenize=0.570881 ms prefill_decode=1209.12 ms generation_decode=60.2817 ms generation_total=60.4868 ms program_total=1780.15 ms
[svd-local-op-profile] up_ops=0 gate_ops=0 down_ops=0 up_total=0.000 ms gate_total=0.000 ms down_total=0.000 ms up_v=0.000 ms gate_v=0.000 ms down_v=0.000 ms up_u=0.000 ms gate_u=0.000 ms down_u=0.000 ms
[svd-local-stage-profile] attention_total=167.045 ms ffn_total=207.803 ms ffn_svd_total=0.000 ms ffn_svd_v=0.000 ms ffn_svd_u=0.000 ms
[svd-offload-zero-profile] up_finish=0 up_cache=0 up_no_request=0 gate_finish=0 gate_cache=0 gate_no_request=0 down_finish=0 down_cache=0 down_no_request=0 other_finish=0 other_cache=0 other_no_request=0
[svd-local-timeout-profile] up_keep=0 up_drop=0 up_wait=0.000 ms gate_keep=0 gate_drop=0 gate_wait=0.000 ms down_keep=0 down_drop=0 down_wait=0.000 ms other_keep=0 other_drop=0 other_wait=0.000 ms
[svd-offload-client] up_gate_req=0 down_req=0 other_mat_req=0 ffn_req=0 gate_cache_hits=0 gate_cache_checks=0 miss_invalid=0 miss_layer=0 miss_rank=0 miss_hash=0 miss_output=0 miss_data=0 send_up_gate=0.000 ms send_down=0.000 ms send_other=0.000 ms send_ffn=0.000 ms wait_up_gate=0.000 ms wait_down=0.000 ms wait_other=0.000 ms wait_ffn=0.000 ms
[svd-offload-client-stage-profile] rpc_send_total=0.000 ms rpc_wait_total=0.000 ms
[svd-offload-client-debug] finish_fail_up_gate=0 finish_fail_down=0 finish_fail_other=0 finish_fail_ffn=0 cache_take_fail_up=0 cache_take_fail_gate=0 recv_up_sum_abs=0.000000e+00 recv_up_max_abs=0.000000e+00 recv_up_zero=0 recv_gate_sum_abs=0.000000e+00 recv_gate_max_abs=0.000000e+00 recv_gate_zero=0 recv_down_sum_abs=0.000000e+00 recv_down_max_abs=0.000000e+00 recv_down_zero=0 recv_other_sum_abs=0.000000e+00 recv_other_max_abs=0.000000e+00 recv_other_zero=0 recv_ffn_sum_abs=0.000000e+00 recv_ffn_max_abs=0.000000e+00 recv_ffn_zero=0
SUCCEED (one forward pass done)"
