scenario,repeat,role,selected_policy,n_cores,cpus,loads,status,decode_tok_s,generation_decode_ms,elapsed_s,output_tail
4c_balanced_high,0,baseline,all_0.4,4,"60,61,62,63","20,40,60,80",ok,20.8314,48.0046,0.8079981803894043,"llama_context: graph splits = 1
attach_threadpool: call
threads: decode=4 batch=4
prompt tokens: 4
running one forward pass (llama_decode) ...
Top-5 next-token candidates:
  id=11 logit=20.2053 piece="",""
  id=304 logit=18.9277 piece="" in""
  id=3837 logit=18.7558 piece=""，""
  id=1052 logit=18.5616 piece="" there""
  id=358 logit=17.8374 piece="" I""
Autoregressive generation:
Generated text: ,
Decode-only throughput: 20.8314 tokens/s (1 tokens in 0.0480046 s of llama_decode)
End-to-end throughput: 20.6915 tokens/s (1 tokens in 0.0483291 s)
[decode-stage-profile] model_load=421.037 ms context_create=70.2928 ms tokenize=0.908095 ms prefill_decode=96.0573 ms generation_decode=48.0046 ms generation_total=48.3291 ms program_total=653.726 ms
[svd-local-op-profile] up_ops=56 gate_ops=56 down_ops=56 up_total=36.547 ms gate_total=36.645 ms down_total=33.670 ms up_v=5.812 ms gate_v=5.724 ms down_v=27.645 ms up_u=30.730 ms gate_u=30.914 ms down_u=6.024 ms
[svd-local-stage-profile] attention_total=1.338 ms ffn_total=108.174 ms ffn_svd_total=106.862 ms ffn_svd_v=39.181 ms ffn_svd_u=67.668 ms
[svd-offload-zero-profile] up_finish=0 up_cache=0 up_no_request=27 gate_finish=0 gate_cache=0 gate_no_request=27 down_finish=0 down_cache=0 down_no_request=27 other_finish=0 other_cache=0 other_no_request=0
[svd-local-timeout-profile] up_keep=0 up_drop=0 up_wait=0.000 ms gate_keep=0 gate_drop=0 gate_wait=0.000 ms down_keep=0 down_drop=0 down_wait=0.000 ms other_keep=0 other_drop=0 other_wait=0.000 ms
[svd-offload-client] up_gate_req=0 down_req=0 other_mat_req=0 ffn_req=0 gate_cache_hits=0 gate_cache_checks=0 miss_invalid=0 miss_layer=0 miss_rank=0 miss_hash=0 miss_output=0 miss_data=0 send_up_gate=0.000 ms send_down=0.000 ms send_other=0.000 ms send_ffn=0.000 ms wait_up_gate=0.000 ms wait_down=0.000 ms wait_other=0.000 ms wait_ffn=0.000 ms
[svd-offload-client-stage-profile] rpc_send_total=0.000 ms rpc_wait_total=0.000 ms
[svd-offload-client-debug] finish_fail_up_gate=0 finish_fail_down=0 finish_fail_other=0 finish_fail_ffn=0 cache_take_fail_up=0 cache_take_fail_gate=0 recv_up_sum_abs=0.000000e+00 recv_up_max_abs=0.000000e+00 recv_up_zero=0 recv_gate_sum_abs=0.000000e+00 recv_gate_max_abs=0.000000e+00 recv_gate_zero=0 recv_down_sum_abs=0.000000e+00 recv_down_max_abs=0.000000e+00 recv_down_zero=0 recv_other_sum_abs=0.000000e+00 recv_other_max_abs=0.000000e+00 recv_other_zero=0 recv_ffn_sum_abs=0.000000e+00 recv_ffn_max_abs=0.000000e+00 recv_ffn_zero=0
SUCCEED (one forward pass done)"
4c_balanced_high,0,scheduler,all_0.4,4,"60,61,62,63","20,40,60,80",ok,19.2579,51.9269,0.7427525520324707,"llama_context: graph splits = 1
attach_threadpool: call
threads: decode=4 batch=4
prompt tokens: 4
running one forward pass (llama_decode) ...
Top-5 next-token candidates:
  id=3 logit=0 piece=""$""
  id=4 logit=0 piece=""%""
  id=1 logit=0 piece=""""""
  id=0 logit=0 piece=""!""
  id=2 logit=0 piece=""#""
Autoregressive generation:
Generated text: !
Decode-only throughput: 19.2579 tokens/s (1 tokens in 0.0519269 s of llama_decode)
End-to-end throughput: 19.1431 tokens/s (1 tokens in 0.052238 s)
[decode-stage-profile] model_load=385.024 ms context_create=57.9022 ms tokenize=0.459263 ms prefill_decode=74.7293 ms generation_decode=51.9269 ms generation_total=52.238 ms program_total=591.249 ms
[svd-local-op-profile] up_ops=56 gate_ops=56 down_ops=56 up_total=36.922 ms gate_total=30.274 ms down_total=22.080 ms up_v=4.396 ms gate_v=4.049 ms down_v=17.133 ms up_u=32.519 ms gate_u=26.218 ms down_u=4.943 ms
[svd-local-stage-profile] attention_total=1.352 ms ffn_total=90.554 ms ffn_svd_total=89.276 ms ffn_svd_v=25.578 ms ffn_svd_u=63.680 ms
[svd-offload-zero-profile] up_finish=0 up_cache=0 up_no_request=27 gate_finish=0 gate_cache=0 gate_no_request=27 down_finish=0 down_cache=0 down_no_request=27 other_finish=0 other_cache=0 other_no_request=0
[svd-local-timeout-profile] up_keep=0 up_drop=0 up_wait=0.000 ms gate_keep=0 gate_drop=0 gate_wait=0.000 ms down_keep=0 down_drop=0 down_wait=0.000 ms other_keep=0 other_drop=0 other_wait=0.000 ms
[svd-offload-client] up_gate_req=0 down_req=0 other_mat_req=0 ffn_req=0 gate_cache_hits=0 gate_cache_checks=0 miss_invalid=0 miss_layer=0 miss_rank=0 miss_hash=0 miss_output=0 miss_data=0 send_up_gate=0.000 ms send_down=0.000 ms send_other=0.000 ms send_ffn=0.000 ms wait_up_gate=0.000 ms wait_down=0.000 ms wait_other=0.000 ms wait_ffn=0.000 ms
[svd-offload-client-stage-profile] rpc_send_total=0.000 ms rpc_wait_total=0.000 ms
[svd-offload-client-debug] finish_fail_up_gate=0 finish_fail_down=0 finish_fail_other=0 finish_fail_ffn=0 cache_take_fail_up=0 cache_take_fail_gate=0 recv_up_sum_abs=0.000000e+00 recv_up_max_abs=0.000000e+00 recv_up_zero=0 recv_gate_sum_abs=0.000000e+00 recv_gate_max_abs=0.000000e+00 recv_gate_zero=0 recv_down_sum_abs=0.000000e+00 recv_down_max_abs=0.000000e+00 recv_down_zero=0 recv_other_sum_abs=0.000000e+00 recv_other_max_abs=0.000000e+00 recv_other_zero=0 recv_ffn_sum_abs=0.000000e+00 recv_ffn_max_abs=0.000000e+00 recv_ffn_zero=0
SUCCEED (one forward pass done)"
4c_balanced_high,1,baseline,all_0.4,4,"60,61,62,63","20,40,60,80",ok,21.4653,46.5868,0.7557342052459717,"llama_context: graph splits = 1
attach_threadpool: call
threads: decode=4 batch=4
prompt tokens: 4
running one forward pass (llama_decode) ...
Top-5 next-token candidates:
  id=11 logit=20.2053 piece="",""
  id=304 logit=18.9277 piece="" in""
  id=3837 logit=18.7558 piece=""，""
  id=1052 logit=18.5616 piece="" there""
  id=358 logit=17.8374 piece="" I""
Autoregressive generation:
Generated text: ,
Decode-only throughput: 21.4653 tokens/s (1 tokens in 0.0465868 s of llama_decode)
End-to-end throughput: 21.3221 tokens/s (1 tokens in 0.0468997 s)
[decode-stage-profile] model_load=376.501 ms context_create=56.7058 ms tokenize=0.466102 ms prefill_decode=86.8376 ms generation_decode=46.5868 ms generation_total=46.8997 ms program_total=583.801 ms
[svd-local-op-profile] up_ops=56 gate_ops=56 down_ops=56 up_total=34.256 ms gate_total=34.524 ms down_total=28.084 ms up_v=5.453 ms gate_v=5.531 ms down_v=22.517 ms up_u=28.799 ms gate_u=28.990 ms down_u=5.562 ms
[svd-local-stage-profile] attention_total=3.289 ms ffn_total=98.119 ms ffn_svd_total=96.864 ms ffn_svd_v=33.501 ms ffn_svd_u=63.351 ms
[svd-offload-zero-profile] up_finish=0 up_cache=0 up_no_request=27 gate_finish=0 gate_cache=0 gate_no_request=27 down_finish=0 down_cache=0 down_no_request=27 other_finish=0 other_cache=0 other_no_request=0
[svd-local-timeout-profile] up_keep=0 up_drop=0 up_wait=0.000 ms gate_keep=0 gate_drop=0 gate_wait=0.000 ms down_keep=0 down_drop=0 down_wait=0.000 ms other_keep=0 other_drop=0 other_wait=0.000 ms
[svd-offload-client] up_gate_req=0 down_req=0 other_mat_req=0 ffn_req=0 gate_cache_hits=0 gate_cache_checks=0 miss_invalid=0 miss_layer=0 miss_rank=0 miss_hash=0 miss_output=0 miss_data=0 send_up_gate=0.000 ms send_down=0.000 ms send_other=0.000 ms send_ffn=0.000 ms wait_up_gate=0.000 ms wait_down=0.000 ms wait_other=0.000 ms wait_ffn=0.000 ms
[svd-offload-client-stage-profile] rpc_send_total=0.000 ms rpc_wait_total=0.000 ms
[svd-offload-client-debug] finish_fail_up_gate=0 finish_fail_down=0 finish_fail_other=0 finish_fail_ffn=0 cache_take_fail_up=0 cache_take_fail_gate=0 recv_up_sum_abs=0.000000e+00 recv_up_max_abs=0.000000e+00 recv_up_zero=0 recv_gate_sum_abs=0.000000e+00 recv_gate_max_abs=0.000000e+00 recv_gate_zero=0 recv_down_sum_abs=0.000000e+00 recv_down_max_abs=0.000000e+00 recv_down_zero=0 recv_other_sum_abs=0.000000e+00 recv_other_max_abs=0.000000e+00 recv_other_zero=0 recv_ffn_sum_abs=0.000000e+00 recv_ffn_max_abs=0.000000e+00 recv_ffn_zero=0
SUCCEED (one forward pass done)"
4c_balanced_high,1,scheduler,all_0.4,4,"60,61,62,63","20,40,60,80",ok,22.7917,43.8757,1.4289476871490479,"llama_context: graph splits = 1
attach_threadpool: call
threads: decode=4 batch=4
prompt tokens: 4
running one forward pass (llama_decode) ...
Top-5 next-token candidates:
  id=3 logit=0 piece=""$""
  id=4 logit=0 piece=""%""
  id=1 logit=0 piece=""""""
  id=0 logit=0 piece=""!""
  id=2 logit=0 piece=""#""
Autoregressive generation:
Generated text: !
Decode-only throughput: 22.7917 tokens/s (1 tokens in 0.0438757 s of llama_decode)
End-to-end throughput: 22.6301 tokens/s (1 tokens in 0.0441889 s)
[decode-stage-profile] model_load=427.465 ms context_create=58.6197 ms tokenize=0.44289 ms prefill_decode=719.862 ms generation_decode=43.8757 ms generation_total=44.1889 ms program_total=1271.55 ms
[svd-local-op-profile] up_ops=56 gate_ops=56 down_ops=56 up_total=69.673 ms gate_total=58.104 ms down_total=62.417 ms up_v=17.978 ms gate_v=11.028 ms down_v=29.928 ms up_u=51.690 ms gate_u=47.072 ms down_u=32.484 ms
[svd-local-stage-profile] attention_total=132.782 ms ffn_total=248.247 ms ffn_svd_total=190.194 ms ffn_svd_v=58.934 ms ffn_svd_u=131.246 ms
[svd-offload-zero-profile] up_finish=0 up_cache=0 up_no_request=27 gate_finish=0 gate_cache=0 gate_no_request=27 down_finish=0 down_cache=0 down_no_request=27 other_finish=0 other_cache=0 other_no_request=0
[svd-local-timeout-profile] up_keep=0 up_drop=0 up_wait=0.000 ms gate_keep=0 gate_drop=0 gate_wait=0.000 ms down_keep=0 down_drop=0 down_wait=0.000 ms other_keep=0 other_drop=0 other_wait=0.000 ms
[svd-offload-client] up_gate_req=0 down_req=0 other_mat_req=0 ffn_req=0 gate_cache_hits=0 gate_cache_checks=0 miss_invalid=0 miss_layer=0 miss_rank=0 miss_hash=0 miss_output=0 miss_data=0 send_up_gate=0.000 ms send_down=0.000 ms send_other=0.000 ms send_ffn=0.000 ms wait_up_gate=0.000 ms wait_down=0.000 ms wait_other=0.000 ms wait_ffn=0.000 ms
[svd-offload-client-stage-profile] rpc_send_total=0.000 ms rpc_wait_total=0.000 ms
[svd-offload-client-debug] finish_fail_up_gate=0 finish_fail_down=0 finish_fail_other=0 finish_fail_ffn=0 cache_take_fail_up=0 cache_take_fail_gate=0 recv_up_sum_abs=0.000000e+00 recv_up_max_abs=0.000000e+00 recv_up_zero=0 recv_gate_sum_abs=0.000000e+00 recv_gate_max_abs=0.000000e+00 recv_gate_zero=0 recv_down_sum_abs=0.000000e+00 recv_down_max_abs=0.000000e+00 recv_down_zero=0 recv_other_sum_abs=0.000000e+00 recv_other_max_abs=0.000000e+00 recv_other_zero=0 recv_ffn_sum_abs=0.000000e+00 recv_ffn_max_abs=0.000000e+00 recv_ffn_zero=0
SUCCEED (one forward pass done)"
4c_balanced_high,2,baseline,all_0.4,4,"60,61,62,63","20,40,60,80",ok,19.4349,51.4537,1.2667782306671143,"llama_context: graph splits = 1
attach_threadpool: call
threads: decode=4 batch=4
prompt tokens: 4
running one forward pass (llama_decode) ...
Top-5 next-token candidates:
  id=11 logit=20.2053 piece="",""
  id=304 logit=18.9277 piece="" in""
  id=3837 logit=18.7558 piece=""，""
  id=1052 logit=18.5616 piece="" there""
  id=358 logit=17.8374 piece="" I""
Autoregressive generation:
Generated text: ,
Decode-only throughput: 19.4349 tokens/s (1 tokens in 0.0514537 s of llama_decode)
End-to-end throughput: 19.3145 tokens/s (1 tokens in 0.0517746 s)
[decode-stage-profile] model_load=384.875 ms context_create=70.6143 ms tokenize=0.895424 ms prefill_decode=589.36 ms generation_decode=51.4537 ms generation_total=51.7746 ms program_total=1114.73 ms
[svd-local-op-profile] up_ops=56 gate_ops=56 down_ops=56 up_total=63.274 ms gate_total=61.275 ms down_total=50.592 ms up_v=12.618 ms gate_v=13.594 ms down_v=31.067 ms up_u=50.650 ms gate_u=47.675 ms down_u=19.516 ms
[svd-local-stage-profile] attention_total=82.340 ms ffn_total=217.407 ms ffn_svd_total=175.141 ms ffn_svd_v=57.279 ms ffn_svd_u=117.841 ms
[svd-offload-zero-profile] up_finish=0 up_cache=0 up_no_request=27 gate_finish=0 gate_cache=0 gate_no_request=27 down_finish=0 down_cache=0 down_no_request=27 other_finish=0 other_cache=0 other_no_request=0
[svd-local-timeout-profile] up_keep=0 up_drop=0 up_wait=0.000 ms gate_keep=0 gate_drop=0 gate_wait=0.000 ms down_keep=0 down_drop=0 down_wait=0.000 ms other_keep=0 other_drop=0 other_wait=0.000 ms
[svd-offload-client] up_gate_req=0 down_req=0 other_mat_req=0 ffn_req=0 gate_cache_hits=0 gate_cache_checks=0 miss_invalid=0 miss_layer=0 miss_rank=0 miss_hash=0 miss_output=0 miss_data=0 send_up_gate=0.000 ms send_down=0.000 ms send_other=0.000 ms send_ffn=0.000 ms wait_up_gate=0.000 ms wait_down=0.000 ms wait_other=0.000 ms wait_ffn=0.000 ms
[svd-offload-client-stage-profile] rpc_send_total=0.000 ms rpc_wait_total=0.000 ms
[svd-offload-client-debug] finish_fail_up_gate=0 finish_fail_down=0 finish_fail_other=0 finish_fail_ffn=0 cache_take_fail_up=0 cache_take_fail_gate=0 recv_up_sum_abs=0.000000e+00 recv_up_max_abs=0.000000e+00 recv_up_zero=0 recv_gate_sum_abs=0.000000e+00 recv_gate_max_abs=0.000000e+00 recv_gate_zero=0 recv_down_sum_abs=0.000000e+00 recv_down_max_abs=0.000000e+00 recv_down_zero=0 recv_other_sum_abs=0.000000e+00 recv_other_max_abs=0.000000e+00 recv_other_zero=0 recv_ffn_sum_abs=0.000000e+00 recv_ffn_max_abs=0.000000e+00 recv_ffn_zero=0
SUCCEED (one forward pass done)"
4c_balanced_high,2,scheduler,all_0.4,4,"60,61,62,63","20,40,60,80",ok,22.4024,44.638,1.0107831954956055,"llama_context: graph splits = 1
attach_threadpool: call
threads: decode=4 batch=4
prompt tokens: 4
running one forward pass (llama_decode) ...
Top-5 next-token candidates:
  id=3 logit=0 piece=""$""
  id=4 logit=0 piece=""%""
  id=1 logit=0 piece=""""""
  id=0 logit=0 piece=""!""
  id=2 logit=0 piece=""#""
Autoregressive generation:
Generated text: !
Decode-only throughput: 22.4024 tokens/s (1 tokens in 0.044638 s of llama_decode)
End-to-end throughput: 22.2466 tokens/s (1 tokens in 0.0449507 s)
[decode-stage-profile] model_load=455.881 ms context_create=57.4371 ms tokenize=0.481005 ms prefill_decode=287.382 ms generation_decode=44.638 ms generation_total=44.9507 ms program_total=862.671 ms
[svd-local-op-profile] up_ops=56 gate_ops=56 down_ops=56 up_total=47.807 ms gate_total=37.348 ms down_total=40.791 ms up_v=10.933 ms gate_v=3.755 ms down_v=22.333 ms up_u=36.864 ms gate_u=33.589 ms down_u=18.454 ms
[svd-local-stage-profile] attention_total=65.454 ms ffn_total=160.464 ms ffn_svd_total=125.946 ms ffn_svd_v=37.021 ms ffn_svd_u=88.907 ms
[svd-offload-zero-profile] up_finish=0 up_cache=0 up_no_request=27 gate_finish=0 gate_cache=0 gate_no_request=27 down_finish=0 down_cache=0 down_no_request=27 other_finish=0 other_cache=0 other_no_request=0
[svd-local-timeout-profile] up_keep=0 up_drop=0 up_wait=0.000 ms gate_keep=0 gate_drop=0 gate_wait=0.000 ms down_keep=0 down_drop=0 down_wait=0.000 ms other_keep=0 other_drop=0 other_wait=0.000 ms
[svd-offload-client] up_gate_req=0 down_req=0 other_mat_req=0 ffn_req=0 gate_cache_hits=0 gate_cache_checks=0 miss_invalid=0 miss_layer=0 miss_rank=0 miss_hash=0 miss_output=0 miss_data=0 send_up_gate=0.000 ms send_down=0.000 ms send_other=0.000 ms send_ffn=0.000 ms wait_up_gate=0.000 ms wait_down=0.000 ms wait_other=0.000 ms wait_ffn=0.000 ms
[svd-offload-client-stage-profile] rpc_send_total=0.000 ms rpc_wait_total=0.000 ms
[svd-offload-client-debug] finish_fail_up_gate=0 finish_fail_down=0 finish_fail_other=0 finish_fail_ffn=0 cache_take_fail_up=0 cache_take_fail_gate=0 recv_up_sum_abs=0.000000e+00 recv_up_max_abs=0.000000e+00 recv_up_zero=0 recv_gate_sum_abs=0.000000e+00 recv_gate_max_abs=0.000000e+00 recv_gate_zero=0 recv_down_sum_abs=0.000000e+00 recv_down_max_abs=0.000000e+00 recv_down_zero=0 recv_other_sum_abs=0.000000e+00 recv_other_max_abs=0.000000e+00 recv_other_zero=0 recv_ffn_sum_abs=0.000000e+00 recv_ffn_max_abs=0.000000e+00 recv_ffn_zero=0
SUCCEED (one forward pass done)"
4c_balanced_high,3,baseline,all_0.4,4,"60,61,62,63","20,40,60,80",ok,21.2877,46.9755,0.8306763172149658,"llama_context: graph splits = 1
attach_threadpool: call
threads: decode=4 batch=4
prompt tokens: 4
running one forward pass (llama_decode) ...
Top-5 next-token candidates:
  id=11 logit=20.2053 piece="",""
  id=304 logit=18.9277 piece="" in""
  id=3837 logit=18.7558 piece=""，""
  id=1052 logit=18.5616 piece="" there""
  id=358 logit=17.8374 piece="" I""
Autoregressive generation:
Generated text: ,
Decode-only throughput: 21.2877 tokens/s (1 tokens in 0.0469755 s of llama_decode)
End-to-end throughput: 21.1496 tokens/s (1 tokens in 0.0472822 s)
[decode-stage-profile] model_load=470.186 ms context_create=57.1031 ms tokenize=0.463265 ms prefill_decode=86.5822 ms generation_decode=46.9755 ms generation_total=47.2822 ms program_total=678.513 ms
[svd-local-op-profile] up_ops=56 gate_ops=56 down_ops=56 up_total=34.134 ms gate_total=34.905 ms down_total=27.873 ms up_v=5.365 ms gate_v=5.583 ms down_v=22.199 ms up_u=28.766 ms gate_u=29.318 ms down_u=5.671 ms
[svd-local-stage-profile] attention_total=4.354 ms ffn_total=98.148 ms ffn_svd_total=96.912 ms ffn_svd_v=33.147 ms ffn_svd_u=63.755 ms
[svd-offload-zero-profile] up_finish=0 up_cache=0 up_no_request=27 gate_finish=0 gate_cache=0 gate_no_request=27 down_finish=0 down_cache=0 down_no_request=27 other_finish=0 other_cache=0 other_no_request=0
[svd-local-timeout-profile] up_keep=0 up_drop=0 up_wait=0.000 ms gate_keep=0 gate_drop=0 gate_wait=0.000 ms down_keep=0 down_drop=0 down_wait=0.000 ms other_keep=0 other_drop=0 other_wait=0.000 ms
[svd-offload-client] up_gate_req=0 down_req=0 other_mat_req=0 ffn_req=0 gate_cache_hits=0 gate_cache_checks=0 miss_invalid=0 miss_layer=0 miss_rank=0 miss_hash=0 miss_output=0 miss_data=0 send_up_gate=0.000 ms send_down=0.000 ms send_other=0.000 ms send_ffn=0.000 ms wait_up_gate=0.000 ms wait_down=0.000 ms wait_other=0.000 ms wait_ffn=0.000 ms
[svd-offload-client-stage-profile] rpc_send_total=0.000 ms rpc_wait_total=0.000 ms
[svd-offload-client-debug] finish_fail_up_gate=0 finish_fail_down=0 finish_fail_other=0 finish_fail_ffn=0 cache_take_fail_up=0 cache_take_fail_gate=0 recv_up_sum_abs=0.000000e+00 recv_up_max_abs=0.000000e+00 recv_up_zero=0 recv_gate_sum_abs=0.000000e+00 recv_gate_max_abs=0.000000e+00 recv_gate_zero=0 recv_down_sum_abs=0.000000e+00 recv_down_max_abs=0.000000e+00 recv_down_zero=0 recv_other_sum_abs=0.000000e+00 recv_other_max_abs=0.000000e+00 recv_other_zero=0 recv_ffn_sum_abs=0.000000e+00 recv_ffn_max_abs=0.000000e+00 recv_ffn_zero=0
SUCCEED (one forward pass done)"
4c_balanced_high,3,scheduler,all_0.4,4,"60,61,62,63","20,40,60,80",ok,21.9054,45.6509,0.9620251655578613,"llama_context: graph splits = 1
attach_threadpool: call
threads: decode=4 batch=4
prompt tokens: 4
running one forward pass (llama_decode) ...
Top-5 next-token candidates:
  id=3 logit=0 piece=""$""
  id=4 logit=0 piece=""%""
  id=1 logit=0 piece=""""""
  id=0 logit=0 piece=""!""
  id=2 logit=0 piece=""#""
Autoregressive generation:
Generated text: !
Decode-only throughput: 21.9054 tokens/s (1 tokens in 0.0456509 s of llama_decode)
End-to-end throughput: 21.7563 tokens/s (1 tokens in 0.0459637 s)
[decode-stage-profile] model_load=465.409 ms context_create=57.9923 ms tokenize=0.482617 ms prefill_decode=225.537 ms generation_decode=45.6509 ms generation_total=45.9637 ms program_total=812.109 ms
[svd-local-op-profile] up_ops=56 gate_ops=56 down_ops=56 up_total=47.609 ms gate_total=38.274 ms down_total=40.957 ms up_v=10.853 ms gate_v=3.817 ms down_v=21.725 ms up_u=36.752 ms gate_u=34.453 ms down_u=19.228 ms
[svd-local-stage-profile] attention_total=47.102 ms ffn_total=152.863 ms ffn_svd_total=126.840 ms ffn_svd_v=36.395 ms ffn_svd_u=90.433 ms
[svd-offload-zero-profile] up_finish=0 up_cache=0 up_no_request=27 gate_finish=0 gate_cache=0 gate_no_request=27 down_finish=0 down_cache=0 down_no_request=27 other_finish=0 other_cache=0 other_no_request=0
[svd-local-timeout-profile] up_keep=0 up_drop=0 up_wait=0.000 ms gate_keep=0 gate_drop=0 gate_wait=0.000 ms down_keep=0 down_drop=0 down_wait=0.000 ms other_keep=0 other_drop=0 other_wait=0.000 ms
[svd-offload-client] up_gate_req=0 down_req=0 other_mat_req=0 ffn_req=0 gate_cache_hits=0 gate_cache_checks=0 miss_invalid=0 miss_layer=0 miss_rank=0 miss_hash=0 miss_output=0 miss_data=0 send_up_gate=0.000 ms send_down=0.000 ms send_other=0.000 ms send_ffn=0.000 ms wait_up_gate=0.000 ms wait_down=0.000 ms wait_other=0.000 ms wait_ffn=0.000 ms
[svd-offload-client-stage-profile] rpc_send_total=0.000 ms rpc_wait_total=0.000 ms
[svd-offload-client-debug] finish_fail_up_gate=0 finish_fail_down=0 finish_fail_other=0 finish_fail_ffn=0 cache_take_fail_up=0 cache_take_fail_gate=0 recv_up_sum_abs=0.000000e+00 recv_up_max_abs=0.000000e+00 recv_up_zero=0 recv_gate_sum_abs=0.000000e+00 recv_gate_max_abs=0.000000e+00 recv_gate_zero=0 recv_down_sum_abs=0.000000e+00 recv_down_max_abs=0.000000e+00 recv_down_zero=0 recv_other_sum_abs=0.000000e+00 recv_other_max_abs=0.000000e+00 recv_other_zero=0 recv_ffn_sum_abs=0.000000e+00 recv_ffn_max_abs=0.000000e+00 recv_ffn_zero=0
SUCCEED (one forward pass done)"
4c_balanced_high,4,baseline,all_0.4,4,"60,61,62,63","20,40,60,80",ok,18.9059,52.8934,1.5444793701171875,"llama_context: graph splits = 1
attach_threadpool: call
threads: decode=4 batch=4
prompt tokens: 4
running one forward pass (llama_decode) ...
Top-5 next-token candidates:
  id=11 logit=20.2053 piece="",""
  id=304 logit=18.9277 piece="" in""
  id=3837 logit=18.7558 piece=""，""
  id=1052 logit=18.5616 piece="" there""
  id=358 logit=17.8374 piece="" I""
Autoregressive generation:
Generated text: ,
Decode-only throughput: 18.9059 tokens/s (1 tokens in 0.0528934 s of llama_decode)
End-to-end throughput: 18.7926 tokens/s (1 tokens in 0.0532123 s)
[decode-stage-profile] model_load=459.974 ms context_create=60.432 ms tokenize=0.47861 ms prefill_decode=802.327 ms generation_decode=52.8934 ms generation_total=53.2123 ms program_total=1393.24 ms
[svd-local-op-profile] up_ops=56 gate_ops=56 down_ops=56 up_total=57.780 ms gate_total=57.371 ms down_total=72.185 ms up_v=12.981 ms gate_v=12.777 ms down_v=35.494 ms up_u=44.796 ms gate_u=44.588 ms down_u=36.688 ms
[svd-local-stage-profile] attention_total=159.364 ms ffn_total=228.171 ms ffn_svd_total=187.336 ms ffn_svd_v=61.252 ms ffn_svd_u=126.072 ms
[svd-offload-zero-profile] up_finish=0 up_cache=0 up_no_request=27 gate_finish=0 gate_cache=0 gate_no_request=27 down_finish=0 down_cache=0 down_no_request=27 other_finish=0 other_cache=0 other_no_request=0
[svd-local-timeout-profile] up_keep=0 up_drop=0 up_wait=0.000 ms gate_keep=0 gate_drop=0 gate_wait=0.000 ms down_keep=0 down_drop=0 down_wait=0.000 ms other_keep=0 other_drop=0 other_wait=0.000 ms
[svd-offload-client] up_gate_req=0 down_req=0 other_mat_req=0 ffn_req=0 gate_cache_hits=0 gate_cache_checks=0 miss_invalid=0 miss_layer=0 miss_rank=0 miss_hash=0 miss_output=0 miss_data=0 send_up_gate=0.000 ms send_down=0.000 ms send_other=0.000 ms send_ffn=0.000 ms wait_up_gate=0.000 ms wait_down=0.000 ms wait_other=0.000 ms wait_ffn=0.000 ms
[svd-offload-client-stage-profile] rpc_send_total=0.000 ms rpc_wait_total=0.000 ms
[svd-offload-client-debug] finish_fail_up_gate=0 finish_fail_down=0 finish_fail_other=0 finish_fail_ffn=0 cache_take_fail_up=0 cache_take_fail_gate=0 recv_up_sum_abs=0.000000e+00 recv_up_max_abs=0.000000e+00 recv_up_zero=0 recv_gate_sum_abs=0.000000e+00 recv_gate_max_abs=0.000000e+00 recv_gate_zero=0 recv_down_sum_abs=0.000000e+00 recv_down_max_abs=0.000000e+00 recv_down_zero=0 recv_other_sum_abs=0.000000e+00 recv_other_max_abs=0.000000e+00 recv_other_zero=0 recv_ffn_sum_abs=0.000000e+00 recv_ffn_max_abs=0.000000e+00 recv_ffn_zero=0
SUCCEED (one forward pass done)"
4c_balanced_high,4,scheduler,all_0.4,4,"60,61,62,63","20,40,60,80",ok,21.4906,46.5321,0.7284448146820068,"llama_context: graph splits = 1
attach_threadpool: call
threads: decode=4 batch=4
prompt tokens: 4
running one forward pass (llama_decode) ...
Top-5 next-token candidates:
  id=3 logit=0 piece=""$""
  id=4 logit=0 piece=""%""
  id=1 logit=0 piece=""""""
  id=0 logit=0 piece=""!""
  id=2 logit=0 piece=""#""
Autoregressive generation:
Generated text: !
Decode-only throughput: 21.4906 tokens/s (1 tokens in 0.0465321 s of llama_decode)
End-to-end throughput: 21.3494 tokens/s (1 tokens in 0.0468398 s)
[decode-stage-profile] model_load=384.867 ms context_create=62.2805 ms tokenize=0.463152 ms prefill_decode=65.6195 ms generation_decode=46.5321 ms generation_total=46.8398 ms program_total=576.5 ms
[svd-local-op-profile] up_ops=56 gate_ops=56 down_ops=56 up_total=30.418 ms gate_total=27.263 ms down_total=19.336 ms up_v=3.948 ms gate_v=3.888 ms down_v=14.757 ms up_u=26.463 ms gate_u=23.372 ms down_u=4.571 ms
[svd-local-stage-profile] attention_total=1.313 ms ffn_total=79.129 ms ffn_svd_total=77.017 ms ffn_svd_v=22.593 ms ffn_svd_u=54.406 ms
[svd-offload-zero-profile] up_finish=0 up_cache=0 up_no_request=27 gate_finish=0 gate_cache=0 gate_no_request=27 down_finish=0 down_cache=0 down_no_request=27 other_finish=0 other_cache=0 other_no_request=0
[svd-local-timeout-profile] up_keep=0 up_drop=0 up_wait=0.000 ms gate_keep=0 gate_drop=0 gate_wait=0.000 ms down_keep=0 down_drop=0 down_wait=0.000 ms other_keep=0 other_drop=0 other_wait=0.000 ms
[svd-offload-client] up_gate_req=0 down_req=0 other_mat_req=0 ffn_req=0 gate_cache_hits=0 gate_cache_checks=0 miss_invalid=0 miss_layer=0 miss_rank=0 miss_hash=0 miss_output=0 miss_data=0 send_up_gate=0.000 ms send_down=0.000 ms send_other=0.000 ms send_ffn=0.000 ms wait_up_gate=0.000 ms wait_down=0.000 ms wait_other=0.000 ms wait_ffn=0.000 ms
[svd-offload-client-stage-profile] rpc_send_total=0.000 ms rpc_wait_total=0.000 ms
[svd-offload-client-debug] finish_fail_up_gate=0 finish_fail_down=0 finish_fail_other=0 finish_fail_ffn=0 cache_take_fail_up=0 cache_take_fail_gate=0 recv_up_sum_abs=0.000000e+00 recv_up_max_abs=0.000000e+00 recv_up_zero=0 recv_gate_sum_abs=0.000000e+00 recv_gate_max_abs=0.000000e+00 recv_gate_zero=0 recv_down_sum_abs=0.000000e+00 recv_down_max_abs=0.000000e+00 recv_down_zero=0 recv_other_sum_abs=0.000000e+00 recv_other_max_abs=0.000000e+00 recv_other_zero=0 recv_ffn_sum_abs=0.000000e+00 recv_ffn_max_abs=0.000000e+00 recv_ffn_zero=0
SUCCEED (one forward pass done)"
4c_balanced_high,5,baseline,all_0.4,4,"60,61,62,63","20,40,60,80",ok,19.3759,51.6106,1.611698865890503,"llama_context: graph splits = 1
attach_threadpool: call
threads: decode=4 batch=4
prompt tokens: 4
running one forward pass (llama_decode) ...
Top-5 next-token candidates:
  id=11 logit=20.2053 piece="",""
  id=304 logit=18.9277 piece="" in""
  id=3837 logit=18.7558 piece=""，""
  id=1052 logit=18.5616 piece="" there""
  id=358 logit=17.8374 piece="" I""
Autoregressive generation:
Generated text: ,
Decode-only throughput: 19.3759 tokens/s (1 tokens in 0.0516106 s of llama_decode)
End-to-end throughput: 19.2598 tokens/s (1 tokens in 0.0519215 s)
[decode-stage-profile] model_load=469.497 ms context_create=59.2466 ms tokenize=0.47977 ms prefill_decode=852.696 ms generation_decode=51.6106 ms generation_total=51.9215 ms program_total=1450.81 ms
[svd-local-op-profile] up_ops=56 gate_ops=56 down_ops=56 up_total=71.380 ms gate_total=63.209 ms down_total=79.586 ms up_v=13.897 ms gate_v=13.319 ms down_v=43.931 ms up_u=57.479 ms gate_u=49.884 ms down_u=35.650 ms
[svd-local-stage-profile] attention_total=164.855 ms ffn_total=271.173 ms ffn_svd_total=214.175 ms ffn_svd_v=71.147 ms ffn_svd_u=143.013 ms
[svd-offload-zero-profile] up_finish=0 up_cache=0 up_no_request=27 gate_finish=0 gate_cache=0 gate_no_request=27 down_finish=0 down_cache=0 down_no_request=27 other_finish=0 other_cache=0 other_no_request=0
[svd-local-timeout-profile] up_keep=0 up_drop=0 up_wait=0.000 ms gate_keep=0 gate_drop=0 gate_wait=0.000 ms down_keep=0 down_drop=0 down_wait=0.000 ms other_keep=0 other_drop=0 other_wait=0.000 ms
[svd-offload-client] up_gate_req=0 down_req=0 other_mat_req=0 ffn_req=0 gate_cache_hits=0 gate_cache_checks=0 miss_invalid=0 miss_layer=0 miss_rank=0 miss_hash=0 miss_output=0 miss_data=0 send_up_gate=0.000 ms send_down=0.000 ms send_other=0.000 ms send_ffn=0.000 ms wait_up_gate=0.000 ms wait_down=0.000 ms wait_other=0.000 ms wait_ffn=0.000 ms
[svd-offload-client-stage-profile] rpc_send_total=0.000 ms rpc_wait_total=0.000 ms
[svd-offload-client-debug] finish_fail_up_gate=0 finish_fail_down=0 finish_fail_other=0 finish_fail_ffn=0 cache_take_fail_up=0 cache_take_fail_gate=0 recv_up_sum_abs=0.000000e+00 recv_up_max_abs=0.000000e+00 recv_up_zero=0 recv_gate_sum_abs=0.000000e+00 recv_gate_max_abs=0.000000e+00 recv_gate_zero=0 recv_down_sum_abs=0.000000e+00 recv_down_max_abs=0.000000e+00 recv_down_zero=0 recv_other_sum_abs=0.000000e+00 recv_other_max_abs=0.000000e+00 recv_other_zero=0 recv_ffn_sum_abs=0.000000e+00 recv_ffn_max_abs=0.000000e+00 recv_ffn_zero=0
SUCCEED (one forward pass done)"
4c_balanced_high,5,scheduler,all_0.4,4,"60,61,62,63","20,40,60,80",ok,23.0844,43.3192,0.783942699432373,"llama_context: graph splits = 1
attach_threadpool: call
threads: decode=4 batch=4
prompt tokens: 4
running one forward pass (llama_decode) ...
Top-5 next-token candidates:
  id=3 logit=0 piece=""$""
  id=4 logit=0 piece=""%""
  id=1 logit=0 piece=""""""
  id=0 logit=0 piece=""!""
  id=2 logit=0 piece=""#""
Autoregressive generation:
Generated text: !
Decode-only throughput: 23.0844 tokens/s (1 tokens in 0.0433192 s of llama_decode)
End-to-end throughput: 22.918 tokens/s (1 tokens in 0.0436338 s)
[decode-stage-profile] model_load=384.911 ms context_create=60.4531 ms tokenize=0.462345 ms prefill_decode=70.1144 ms generation_decode=43.3192 ms generation_total=43.6338 ms program_total=576.347 ms
[svd-local-op-profile] up_ops=56 gate_ops=56 down_ops=56 up_total=27.720 ms gate_total=27.625 ms down_total=20.221 ms up_v=3.942 ms gate_v=3.944 ms down_v=15.458 ms up_u=23.772 ms gate_u=23.676 ms down_u=4.753 ms
[svd-local-stage-profile] attention_total=1.402 ms ffn_total=76.907 ms ffn_svd_total=75.566 ms ffn_svd_v=23.344 ms ffn_svd_u=52.201 ms
[svd-offload-zero-profile] up_finish=0 up_cache=0 up_no_request=27 gate_finish=0 gate_cache=0 gate_no_request=27 down_finish=0 down_cache=0 down_no_request=27 other_finish=0 other_cache=0 other_no_request=0
[svd-local-timeout-profile] up_keep=0 up_drop=0 up_wait=0.000 ms gate_keep=0 gate_drop=0 gate_wait=0.000 ms down_keep=0 down_drop=0 down_wait=0.000 ms other_keep=0 other_drop=0 other_wait=0.000 ms
[svd-offload-client] up_gate_req=0 down_req=0 other_mat_req=0 ffn_req=0 gate_cache_hits=0 gate_cache_checks=0 miss_invalid=0 miss_layer=0 miss_rank=0 miss_hash=0 miss_output=0 miss_data=0 send_up_gate=0.000 ms send_down=0.000 ms send_other=0.000 ms send_ffn=0.000 ms wait_up_gate=0.000 ms wait_down=0.000 ms wait_other=0.000 ms wait_ffn=0.000 ms
[svd-offload-client-stage-profile] rpc_send_total=0.000 ms rpc_wait_total=0.000 ms
[svd-offload-client-debug] finish_fail_up_gate=0 finish_fail_down=0 finish_fail_other=0 finish_fail_ffn=0 cache_take_fail_up=0 cache_take_fail_gate=0 recv_up_sum_abs=0.000000e+00 recv_up_max_abs=0.000000e+00 recv_up_zero=0 recv_gate_sum_abs=0.000000e+00 recv_gate_max_abs=0.000000e+00 recv_gate_zero=0 recv_down_sum_abs=0.000000e+00 recv_down_max_abs=0.000000e+00 recv_down_zero=0 recv_other_sum_abs=0.000000e+00 recv_other_max_abs=0.000000e+00 recv_other_zero=0 recv_ffn_sum_abs=0.000000e+00 recv_ffn_max_abs=0.000000e+00 recv_ffn_zero=0
SUCCEED (one forward pass done)"
4c_balanced_high,6,baseline,all_0.4,4,"60,61,62,63","20,40,60,80",ok,2.47594,403.886,1.2458539009094238,"llama_context: graph splits = 1
attach_threadpool: call
threads: decode=4 batch=4
prompt tokens: 4
running one forward pass (llama_decode) ...
Top-5 next-token candidates:
  id=11 logit=20.2053 piece="",""
  id=304 logit=18.9277 piece="" in""
  id=3837 logit=18.7558 piece=""，""
  id=1052 logit=18.5616 piece="" there""
  id=358 logit=17.8374 piece="" I""
Autoregressive generation:
Generated text: ,
Decode-only throughput: 2.47594 tokens/s (1 tokens in 0.403886 s of llama_decode)
End-to-end throughput: 2.474 tokens/s (1 tokens in 0.404204 s)
[decode-stage-profile] model_load=385.716 ms context_create=57.668 ms tokenize=0.452111 ms prefill_decode=220.135 ms generation_decode=403.886 ms generation_total=404.204 ms program_total=1084.69 ms
[svd-local-op-profile] up_ops=56 gate_ops=56 down_ops=56 up_total=48.054 ms gate_total=46.462 ms down_total=51.726 ms up_v=9.470 ms gate_v=9.584 ms down_v=31.804 ms up_u=38.578 ms gate_u=36.872 ms down_u=19.917 ms
[svd-local-stage-profile] attention_total=158.550 ms ffn_total=196.571 ms ffn_svd_total=146.242 ms ffn_svd_v=50.858 ms ffn_svd_u=95.367 ms
[svd-offload-zero-profile] up_finish=0 up_cache=0 up_no_request=27 gate_finish=0 gate_cache=0 gate_no_request=27 down_finish=0 down_cache=0 down_no_request=27 other_finish=0 other_cache=0 other_no_request=0
[svd-local-timeout-profile] up_keep=0 up_drop=0 up_wait=0.000 ms gate_keep=0 gate_drop=0 gate_wait=0.000 ms down_keep=0 down_drop=0 down_wait=0.000 ms other_keep=0 other_drop=0 other_wait=0.000 ms
[svd-offload-client] up_gate_req=0 down_req=0 other_mat_req=0 ffn_req=0 gate_cache_hits=0 gate_cache_checks=0 miss_invalid=0 miss_layer=0 miss_rank=0 miss_hash=0 miss_output=0 miss_data=0 send_up_gate=0.000 ms send_down=0.000 ms send_other=0.000 ms send_ffn=0.000 ms wait_up_gate=0.000 ms wait_down=0.000 ms wait_other=0.000 ms wait_ffn=0.000 ms
[svd-offload-client-stage-profile] rpc_send_total=0.000 ms rpc_wait_total=0.000 ms
[svd-offload-client-debug] finish_fail_up_gate=0 finish_fail_down=0 finish_fail_other=0 finish_fail_ffn=0 cache_take_fail_up=0 cache_take_fail_gate=0 recv_up_sum_abs=0.000000e+00 recv_up_max_abs=0.000000e+00 recv_up_zero=0 recv_gate_sum_abs=0.000000e+00 recv_gate_max_abs=0.000000e+00 recv_gate_zero=0 recv_down_sum_abs=0.000000e+00 recv_down_max_abs=0.000000e+00 recv_down_zero=0 recv_other_sum_abs=0.000000e+00 recv_other_max_abs=0.000000e+00 recv_other_zero=0 recv_ffn_sum_abs=0.000000e+00 recv_ffn_max_abs=0.000000e+00 recv_ffn_zero=0
SUCCEED (one forward pass done)"
4c_balanced_high,6,scheduler,all_0.4,4,"60,61,62,63","20,40,60,80",ok,20.9351,47.7667,0.8583838939666748,"llama_context: graph splits = 1
attach_threadpool: call
threads: decode=4 batch=4
prompt tokens: 4
running one forward pass (llama_decode) ...
Top-5 next-token candidates:
  id=3 logit=0 piece=""$""
  id=4 logit=0 piece=""%""
  id=1 logit=0 piece=""""""
  id=0 logit=0 piece=""!""
  id=2 logit=0 piece=""#""
Autoregressive generation:
Generated text: !
Decode-only throughput: 20.9351 tokens/s (1 tokens in 0.0477667 s of llama_decode)
End-to-end throughput: 20.7873 tokens/s (1 tokens in 0.0481064 s)
[decode-stage-profile] model_load=383.33 ms context_create=58.6472 ms tokenize=0.476505 ms prefill_decode=178.652 ms generation_decode=47.7667 ms generation_total=48.1064 ms program_total=685.906 ms
[svd-local-op-profile] up_ops=56 gate_ops=56 down_ops=56 up_total=50.741 ms gate_total=41.921 ms down_total=45.028 ms up_v=11.187 ms gate_v=4.252 ms down_v=24.885 ms up_u=39.547 ms gate_u=37.662 ms down_u=20.136 ms
[svd-local-stage-profile] attention_total=10.647 ms ffn_total=167.075 ms ffn_svd_total=137.690 ms ffn_svd_v=40.324 ms ffn_svd_u=97.345 ms
[svd-offload-zero-profile] up_finish=0 up_cache=0 up_no_request=27 gate_finish=0 gate_cache=0 gate_no_request=27 down_finish=0 down_cache=0 down_no_request=27 other_finish=0 other_cache=0 other_no_request=0
[svd-local-timeout-profile] up_keep=0 up_drop=0 up_wait=0.000 ms gate_keep=0 gate_drop=0 gate_wait=0.000 ms down_keep=0 down_drop=0 down_wait=0.000 ms other_keep=0 other_drop=0 other_wait=0.000 ms
[svd-offload-client] up_gate_req=0 down_req=0 other_mat_req=0 ffn_req=0 gate_cache_hits=0 gate_cache_checks=0 miss_invalid=0 miss_layer=0 miss_rank=0 miss_hash=0 miss_output=0 miss_data=0 send_up_gate=0.000 ms send_down=0.000 ms send_other=0.000 ms send_ffn=0.000 ms wait_up_gate=0.000 ms wait_down=0.000 ms wait_other=0.000 ms wait_ffn=0.000 ms
[svd-offload-client-stage-profile] rpc_send_total=0.000 ms rpc_wait_total=0.000 ms
[svd-offload-client-debug] finish_fail_up_gate=0 finish_fail_down=0 finish_fail_other=0 finish_fail_ffn=0 cache_take_fail_up=0 cache_take_fail_gate=0 recv_up_sum_abs=0.000000e+00 recv_up_max_abs=0.000000e+00 recv_up_zero=0 recv_gate_sum_abs=0.000000e+00 recv_gate_max_abs=0.000000e+00 recv_gate_zero=0 recv_down_sum_abs=0.000000e+00 recv_down_max_abs=0.000000e+00 recv_down_zero=0 recv_other_sum_abs=0.000000e+00 recv_other_max_abs=0.000000e+00 recv_other_zero=0 recv_ffn_sum_abs=0.000000e+00 recv_ffn_max_abs=0.000000e+00 recv_ffn_zero=0
SUCCEED (one forward pass done)"
4c_balanced_high,7,baseline,all_0.4,4,"60,61,62,63","20,40,60,80",ok,18.6761,53.5443,1.019484519958496,"llama_context: graph splits = 1
attach_threadpool: call
threads: decode=4 batch=4
prompt tokens: 4
running one forward pass (llama_decode) ...
Top-5 next-token candidates:
  id=11 logit=20.2053 piece="",""
  id=304 logit=18.9277 piece="" in""
  id=3837 logit=18.7558 piece=""，""
  id=1052 logit=18.5616 piece="" there""
  id=358 logit=17.8374 piece="" I""
Autoregressive generation:
Generated text: ,
Decode-only throughput: 18.6761 tokens/s (1 tokens in 0.0535443 s of llama_decode)
End-to-end throughput: 18.5656 tokens/s (1 tokens in 0.053863 s)
[decode-stage-profile] model_load=386.098 ms context_create=56.9887 ms tokenize=0.456792 ms prefill_decode=346.619 ms generation_decode=53.5443 ms generation_total=53.863 ms program_total=860.642 ms
[svd-local-op-profile] up_ops=56 gate_ops=56 down_ops=56 up_total=44.466 ms gate_total=51.210 ms down_total=43.201 ms up_v=7.094 ms gate_v=6.790 ms down_v=33.580 ms up_u=37.365 ms gate_u=44.412 ms down_u=9.613 ms
[svd-local-stage-profile] attention_total=55.225 ms ffn_total=140.318 ms ffn_svd_total=138.877 ms ffn_svd_v=47.464 ms ffn_svd_u=91.390 ms
[svd-offload-zero-profile] up_finish=0 up_cache=0 up_no_request=27 gate_finish=0 gate_cache=0 gate_no_request=27 down_finish=0 down_cache=0 down_no_request=27 other_finish=0 other_cache=0 other_no_request=0
[svd-local-timeout-profile] up_keep=0 up_drop=0 up_wait=0.000 ms gate_keep=0 gate_drop=0 gate_wait=0.000 ms down_keep=0 down_drop=0 down_wait=0.000 ms other_keep=0 other_drop=0 other_wait=0.000 ms
[svd-offload-client] up_gate_req=0 down_req=0 other_mat_req=0 ffn_req=0 gate_cache_hits=0 gate_cache_checks=0 miss_invalid=0 miss_layer=0 miss_rank=0 miss_hash=0 miss_output=0 miss_data=0 send_up_gate=0.000 ms send_down=0.000 ms send_other=0.000 ms send_ffn=0.000 ms wait_up_gate=0.000 ms wait_down=0.000 ms wait_other=0.000 ms wait_ffn=0.000 ms
[svd-offload-client-stage-profile] rpc_send_total=0.000 ms rpc_wait_total=0.000 ms
[svd-offload-client-debug] finish_fail_up_gate=0 finish_fail_down=0 finish_fail_other=0 finish_fail_ffn=0 cache_take_fail_up=0 cache_take_fail_gate=0 recv_up_sum_abs=0.000000e+00 recv_up_max_abs=0.000000e+00 recv_up_zero=0 recv_gate_sum_abs=0.000000e+00 recv_gate_max_abs=0.000000e+00 recv_gate_zero=0 recv_down_sum_abs=0.000000e+00 recv_down_max_abs=0.000000e+00 recv_down_zero=0 recv_other_sum_abs=0.000000e+00 recv_other_max_abs=0.000000e+00 recv_other_zero=0 recv_ffn_sum_abs=0.000000e+00 recv_ffn_max_abs=0.000000e+00 recv_ffn_zero=0
SUCCEED (one forward pass done)"
4c_balanced_high,7,scheduler,all_0.4,4,"60,61,62,63","20,40,60,80",ok,21.7442,45.9892,0.8814253807067871,"llama_context: graph splits = 1
attach_threadpool: call
threads: decode=4 batch=4
prompt tokens: 4
running one forward pass (llama_decode) ...
Top-5 next-token candidates:
  id=3 logit=0 piece=""$""
  id=4 logit=0 piece=""%""
  id=1 logit=0 piece=""""""
  id=0 logit=0 piece=""!""
  id=2 logit=0 piece=""#""
Autoregressive generation:
Generated text: !
Decode-only throughput: 21.7442 tokens/s (1 tokens in 0.0459892 s of llama_decode)
End-to-end throughput: 21.6024 tokens/s (1 tokens in 0.0462911 s)
[decode-stage-profile] model_load=385.027 ms context_create=56.2899 ms tokenize=0.463306 ms prefill_decode=227.798 ms generation_decode=45.9892 ms generation_total=46.2911 ms program_total=732.572 ms
[svd-local-op-profile] up_ops=56 gate_ops=56 down_ops=56 up_total=32.735 ms gate_total=35.777 ms down_total=26.940 ms up_v=4.602 ms gate_v=4.206 ms down_v=17.657 ms up_u=28.132 ms gate_u=31.569 ms down_u=9.277 ms
[svd-local-stage-profile] attention_total=45.072 ms ffn_total=96.731 ms ffn_svd_total=95.452 ms ffn_svd_v=26.465 ms ffn_svd_u=68.978 ms
[svd-offload-zero-profile] up_finish=0 up_cache=0 up_no_request=27 gate_finish=0 gate_cache=0 gate_no_request=27 down_finish=0 down_cache=0 down_no_request=27 other_finish=0 other_cache=0 other_no_request=0
[svd-local-timeout-profile] up_keep=0 up_drop=0 up_wait=0.000 ms gate_keep=0 gate_drop=0 gate_wait=0.000 ms down_keep=0 down_drop=0 down_wait=0.000 ms other_keep=0 other_drop=0 other_wait=0.000 ms
[svd-offload-client] up_gate_req=0 down_req=0 other_mat_req=0 ffn_req=0 gate_cache_hits=0 gate_cache_checks=0 miss_invalid=0 miss_layer=0 miss_rank=0 miss_hash=0 miss_output=0 miss_data=0 send_up_gate=0.000 ms send_down=0.000 ms send_other=0.000 ms send_ffn=0.000 ms wait_up_gate=0.000 ms wait_down=0.000 ms wait_other=0.000 ms wait_ffn=0.000 ms
[svd-offload-client-stage-profile] rpc_send_total=0.000 ms rpc_wait_total=0.000 ms
[svd-offload-client-debug] finish_fail_up_gate=0 finish_fail_down=0 finish_fail_other=0 finish_fail_ffn=0 cache_take_fail_up=0 cache_take_fail_gate=0 recv_up_sum_abs=0.000000e+00 recv_up_max_abs=0.000000e+00 recv_up_zero=0 recv_gate_sum_abs=0.000000e+00 recv_gate_max_abs=0.000000e+00 recv_gate_zero=0 recv_down_sum_abs=0.000000e+00 recv_down_max_abs=0.000000e+00 recv_down_zero=0 recv_other_sum_abs=0.000000e+00 recv_other_max_abs=0.000000e+00 recv_other_zero=0 recv_ffn_sum_abs=0.000000e+00 recv_ffn_max_abs=0.000000e+00 recv_ffn_zero=0
SUCCEED (one forward pass done)"
4c_balanced_high,8,baseline,all_0.4,4,"60,61,62,63","20,40,60,80",ok,18.7698,53.2772,0.7746267318725586,"llama_context: graph splits = 1
attach_threadpool: call
threads: decode=4 batch=4
prompt tokens: 4
running one forward pass (llama_decode) ...
Top-5 next-token candidates:
  id=11 logit=20.2053 piece="",""
  id=304 logit=18.9277 piece="" in""
  id=3837 logit=18.7558 piece=""，""
  id=1052 logit=18.5616 piece="" there""
  id=358 logit=17.8374 piece="" I""
Autoregressive generation:
Generated text: ,
Decode-only throughput: 18.7698 tokens/s (1 tokens in 0.0532772 s of llama_decode)
End-to-end throughput: 18.6639 tokens/s (1 tokens in 0.0535793 s)
[decode-stage-profile] model_load=388.555 ms context_create=57.8897 ms tokenize=0.447705 ms prefill_decode=111.483 ms generation_decode=53.2772 ms generation_total=53.5793 ms program_total=628.341 ms
[svd-local-op-profile] up_ops=56 gate_ops=56 down_ops=56 up_total=44.360 ms gate_total=43.732 ms down_total=40.182 ms up_v=7.031 ms gate_v=6.716 ms down_v=33.337 ms up_u=37.324 ms gate_u=37.011 ms down_u=6.843 ms
[svd-local-stage-profile] attention_total=1.543 ms ffn_total=129.565 ms ffn_svd_total=128.274 ms ffn_svd_v=47.084 ms ffn_svd_u=81.178 ms
[svd-offload-zero-profile] up_finish=0 up_cache=0 up_no_request=27 gate_finish=0 gate_cache=0 gate_no_request=27 down_finish=0 down_cache=0 down_no_request=27 other_finish=0 other_cache=0 other_no_request=0
[svd-local-timeout-profile] up_keep=0 up_drop=0 up_wait=0.000 ms gate_keep=0 gate_drop=0 gate_wait=0.000 ms down_keep=0 down_drop=0 down_wait=0.000 ms other_keep=0 other_drop=0 other_wait=0.000 ms
[svd-offload-client] up_gate_req=0 down_req=0 other_mat_req=0 ffn_req=0 gate_cache_hits=0 gate_cache_checks=0 miss_invalid=0 miss_layer=0 miss_rank=0 miss_hash=0 miss_output=0 miss_data=0 send_up_gate=0.000 ms send_down=0.000 ms send_other=0.000 ms send_ffn=0.000 ms wait_up_gate=0.000 ms wait_down=0.000 ms wait_other=0.000 ms wait_ffn=0.000 ms
[svd-offload-client-stage-profile] rpc_send_total=0.000 ms rpc_wait_total=0.000 ms
[svd-offload-client-debug] finish_fail_up_gate=0 finish_fail_down=0 finish_fail_other=0 finish_fail_ffn=0 cache_take_fail_up=0 cache_take_fail_gate=0 recv_up_sum_abs=0.000000e+00 recv_up_max_abs=0.000000e+00 recv_up_zero=0 recv_gate_sum_abs=0.000000e+00 recv_gate_max_abs=0.000000e+00 recv_gate_zero=0 recv_down_sum_abs=0.000000e+00 recv_down_max_abs=0.000000e+00 recv_down_zero=0 recv_other_sum_abs=0.000000e+00 recv_other_max_abs=0.000000e+00 recv_other_zero=0 recv_ffn_sum_abs=0.000000e+00 recv_ffn_max_abs=0.000000e+00 recv_ffn_zero=0
SUCCEED (one forward pass done)"
4c_balanced_high,8,scheduler,all_0.4,4,"60,61,62,63","20,40,60,80",ok,21.2762,47.0008,1.1288108825683594,"llama_context: graph splits = 1
attach_threadpool: call
threads: decode=4 batch=4
prompt tokens: 4
running one forward pass (llama_decode) ...
Top-5 next-token candidates:
  id=3 logit=0 piece=""$""
  id=4 logit=0 piece=""%""
  id=1 logit=0 piece=""""""
  id=0 logit=0 piece=""!""
  id=2 logit=0 piece=""#""
Autoregressive generation:
Generated text: !
Decode-only throughput: 21.2762 tokens/s (1 tokens in 0.0470008 s of llama_decode)
End-to-end throughput: 21.1416 tokens/s (1 tokens in 0.0473 s)
[decode-stage-profile] model_load=385.348 ms context_create=61.7699 ms tokenize=0.466587 ms prefill_decode=461.404 ms generation_decode=47.0008 ms generation_total=47.3 ms program_total=972.737 ms
[svd-local-op-profile] up_ops=56 gate_ops=56 down_ops=56 up_total=39.223 ms gate_total=27.173 ms down_total=46.197 ms up_v=4.037 ms gate_v=3.865 ms down_v=27.474 ms up_u=35.180 ms gate_u=23.299 ms down_u=18.715 ms
[svd-local-stage-profile] attention_total=108.074 ms ffn_total=127.857 ms ffn_svd_total=112.593 ms ffn_svd_v=35.376 ms ffn_svd_u=77.194 ms
[svd-offload-zero-profile] up_finish=0 up_cache=0 up_no_request=27 gate_finish=0 gate_cache=0 gate_no_request=27 down_finish=0 down_cache=0 down_no_request=27 other_finish=0 other_cache=0 other_no_request=0
[svd-local-timeout-profile] up_keep=0 up_drop=0 up_wait=0.000 ms gate_keep=0 gate_drop=0 gate_wait=0.000 ms down_keep=0 down_drop=0 down_wait=0.000 ms other_keep=0 other_drop=0 other_wait=0.000 ms
[svd-offload-client] up_gate_req=0 down_req=0 other_mat_req=0 ffn_req=0 gate_cache_hits=0 gate_cache_checks=0 miss_invalid=0 miss_layer=0 miss_rank=0 miss_hash=0 miss_output=0 miss_data=0 send_up_gate=0.000 ms send_down=0.000 ms send_other=0.000 ms send_ffn=0.000 ms wait_up_gate=0.000 ms wait_down=0.000 ms wait_other=0.000 ms wait_ffn=0.000 ms
[svd-offload-client-stage-profile] rpc_send_total=0.000 ms rpc_wait_total=0.000 ms
[svd-offload-client-debug] finish_fail_up_gate=0 finish_fail_down=0 finish_fail_other=0 finish_fail_ffn=0 cache_take_fail_up=0 cache_take_fail_gate=0 recv_up_sum_abs=0.000000e+00 recv_up_max_abs=0.000000e+00 recv_up_zero=0 recv_gate_sum_abs=0.000000e+00 recv_gate_max_abs=0.000000e+00 recv_gate_zero=0 recv_down_sum_abs=0.000000e+00 recv_down_max_abs=0.000000e+00 recv_down_zero=0 recv_other_sum_abs=0.000000e+00 recv_other_max_abs=0.000000e+00 recv_other_zero=0 recv_ffn_sum_abs=0.000000e+00 recv_ffn_max_abs=0.000000e+00 recv_ffn_zero=0
SUCCEED (one forward pass done)"
4c_balanced_high,9,baseline,all_0.4,4,"60,61,62,63","20,40,60,80",ok,16.9518,58.9908,1.0239884853363037,"llama_context: graph splits = 1
attach_threadpool: call
threads: decode=4 batch=4
prompt tokens: 4
running one forward pass (llama_decode) ...
Top-5 next-token candidates:
  id=11 logit=20.2053 piece="",""
  id=304 logit=18.9277 piece="" in""
  id=3837 logit=18.7558 piece=""，""
  id=1052 logit=18.5616 piece="" there""
  id=358 logit=17.8374 piece="" I""
Autoregressive generation:
Generated text: ,
Decode-only throughput: 16.9518 tokens/s (1 tokens in 0.0589908 s of llama_decode)
End-to-end throughput: 16.864 tokens/s (1 tokens in 0.0592979 s)
[decode-stage-profile] model_load=439.211 ms context_create=62.5762 ms tokenize=0.460014 ms prefill_decode=288.251 ms generation_decode=58.9908 ms generation_total=59.2979 ms program_total=866.695 ms
[svd-local-op-profile] up_ops=56 gate_ops=56 down_ops=56 up_total=43.414 ms gate_total=47.094 ms down_total=39.698 ms up_v=6.909 ms gate_v=6.593 ms down_v=33.068 ms up_u=36.498 ms gate_u=40.499 ms down_u=6.626 ms
[svd-local-stage-profile] attention_total=54.289 ms ffn_total=131.477 ms ffn_svd_total=130.206 ms ffn_svd_v=46.570 ms ffn_svd_u=83.623 ms
[svd-offload-zero-profile] up_finish=0 up_cache=0 up_no_request=27 gate_finish=0 gate_cache=0 gate_no_request=27 down_finish=0 down_cache=0 down_no_request=27 other_finish=0 other_cache=0 other_no_request=0
[svd-local-timeout-profile] up_keep=0 up_drop=0 up_wait=0.000 ms gate_keep=0 gate_drop=0 gate_wait=0.000 ms down_keep=0 down_drop=0 down_wait=0.000 ms other_keep=0 other_drop=0 other_wait=0.000 ms
[svd-offload-client] up_gate_req=0 down_req=0 other_mat_req=0 ffn_req=0 gate_cache_hits=0 gate_cache_checks=0 miss_invalid=0 miss_layer=0 miss_rank=0 miss_hash=0 miss_output=0 miss_data=0 send_up_gate=0.000 ms send_down=0.000 ms send_other=0.000 ms send_ffn=0.000 ms wait_up_gate=0.000 ms wait_down=0.000 ms wait_other=0.000 ms wait_ffn=0.000 ms
[svd-offload-client-stage-profile] rpc_send_total=0.000 ms rpc_wait_total=0.000 ms
[svd-offload-client-debug] finish_fail_up_gate=0 finish_fail_down=0 finish_fail_other=0 finish_fail_ffn=0 cache_take_fail_up=0 cache_take_fail_gate=0 recv_up_sum_abs=0.000000e+00 recv_up_max_abs=0.000000e+00 recv_up_zero=0 recv_gate_sum_abs=0.000000e+00 recv_gate_max_abs=0.000000e+00 recv_gate_zero=0 recv_down_sum_abs=0.000000e+00 recv_down_max_abs=0.000000e+00 recv_down_zero=0 recv_other_sum_abs=0.000000e+00 recv_other_max_abs=0.000000e+00 recv_other_zero=0 recv_ffn_sum_abs=0.000000e+00 recv_ffn_max_abs=0.000000e+00 recv_ffn_zero=0
SUCCEED (one forward pass done)"
4c_balanced_high,9,scheduler,all_0.4,4,"60,61,62,63","20,40,60,80",ok,1.88993,529.121,1.268050193786621,"llama_context: graph splits = 1
attach_threadpool: call
threads: decode=4 batch=4
prompt tokens: 4
running one forward pass (llama_decode) ...
Top-5 next-token candidates:
  id=3 logit=0 piece=""$""
  id=4 logit=0 piece=""%""
  id=1 logit=0 piece=""""""
  id=0 logit=0 piece=""!""
  id=2 logit=0 piece=""#""
Autoregressive generation:
Generated text: !
Decode-only throughput: 1.88993 tokens/s (1 tokens in 0.529121 s of llama_decode)
End-to-end throughput: 1.88877 tokens/s (1 tokens in 0.529444 s)
[decode-stage-profile] model_load=392.313 ms context_create=69.2565 ms tokenize=0.925399 ms prefill_decode=104.087 ms generation_decode=529.121 ms generation_total=529.444 ms program_total=1112.79 ms
[svd-local-op-profile] up_ops=56 gate_ops=56 down_ops=56 up_total=48.605 ms gate_total=62.976 ms down_total=64.200 ms up_v=4.626 ms gate_v=19.561 ms down_v=41.002 ms up_u=43.974 ms gate_u=43.410 ms down_u=23.186 ms
[svd-local-stage-profile] attention_total=130.626 ms ffn_total=270.373 ms ffn_svd_total=175.781 ms ffn_svd_v=65.189 ms ffn_svd_u=110.570 ms
[svd-offload-zero-profile] up_finish=0 up_cache=0 up_no_request=27 gate_finish=0 gate_cache=0 gate_no_request=27 down_finish=0 down_cache=0 down_no_request=27 other_finish=0 other_cache=0 other_no_request=0
[svd-local-timeout-profile] up_keep=0 up_drop=0 up_wait=0.000 ms gate_keep=0 gate_drop=0 gate_wait=0.000 ms down_keep=0 down_drop=0 down_wait=0.000 ms other_keep=0 other_drop=0 other_wait=0.000 ms
[svd-offload-client] up_gate_req=0 down_req=0 other_mat_req=0 ffn_req=0 gate_cache_hits=0 gate_cache_checks=0 miss_invalid=0 miss_layer=0 miss_rank=0 miss_hash=0 miss_output=0 miss_data=0 send_up_gate=0.000 ms send_down=0.000 ms send_other=0.000 ms send_ffn=0.000 ms wait_up_gate=0.000 ms wait_down=0.000 ms wait_other=0.000 ms wait_ffn=0.000 ms
[svd-offload-client-stage-profile] rpc_send_total=0.000 ms rpc_wait_total=0.000 ms
[svd-offload-client-debug] finish_fail_up_gate=0 finish_fail_down=0 finish_fail_other=0 finish_fail_ffn=0 cache_take_fail_up=0 cache_take_fail_gate=0 recv_up_sum_abs=0.000000e+00 recv_up_max_abs=0.000000e+00 recv_up_zero=0 recv_gate_sum_abs=0.000000e+00 recv_gate_max_abs=0.000000e+00 recv_gate_zero=0 recv_down_sum_abs=0.000000e+00 recv_down_max_abs=0.000000e+00 recv_down_zero=0 recv_other_sum_abs=0.000000e+00 recv_other_max_abs=0.000000e+00 recv_other_zero=0 recv_ffn_sum_abs=0.000000e+00 recv_ffn_max_abs=0.000000e+00 recv_ffn_zero=0
SUCCEED (one forward pass done)"
4c_balanced_high,10,baseline,all_0.4,4,"60,61,62,63","20,40,60,80",ok,16.5748,60.3327,1.1792066097259521,"llama_context: graph splits = 1
attach_threadpool: call
threads: decode=4 batch=4
prompt tokens: 4
running one forward pass (llama_decode) ...
Top-5 next-token candidates:
  id=11 logit=20.2053 piece="",""
  id=304 logit=18.9277 piece="" in""
  id=3837 logit=18.7558 piece=""，""
  id=1052 logit=18.5616 piece="" there""
  id=358 logit=17.8374 piece="" I""
Autoregressive generation:
Generated text: ,
Decode-only throughput: 16.5748 tokens/s (1 tokens in 0.0603327 s of llama_decode)
End-to-end throughput: 16.4892 tokens/s (1 tokens in 0.0606459 s)
[decode-stage-profile] model_load=562.042 ms context_create=70.0053 ms tokenize=0.892722 ms prefill_decode=290.838 ms generation_decode=60.3327 ms generation_total=60.6459 ms program_total=1005.64 ms
[svd-local-op-profile] up_ops=56 gate_ops=56 down_ops=56 up_total=62.432 ms gate_total=52.987 ms down_total=53.917 ms up_v=12.860 ms gate_v=6.088 ms down_v=33.703 ms up_u=49.567 ms gate_u=46.890 ms down_u=20.206 ms
[svd-local-stage-profile] attention_total=63.440 ms ffn_total=196.122 ms ffn_svd_total=169.336 ms ffn_svd_v=52.651 ms ffn_svd_u=116.663 ms
[svd-offload-zero-profile] up_finish=0 up_cache=0 up_no_request=27 gate_finish=0 gate_cache=0 gate_no_request=27 down_finish=0 down_cache=0 down_no_request=27 other_finish=0 other_cache=0 other_no_request=0
[svd-local-timeout-profile] up_keep=0 up_drop=0 up_wait=0.000 ms gate_keep=0 gate_drop=0 gate_wait=0.000 ms down_keep=0 down_drop=0 down_wait=0.000 ms other_keep=0 other_drop=0 other_wait=0.000 ms
[svd-offload-client] up_gate_req=0 down_req=0 other_mat_req=0 ffn_req=0 gate_cache_hits=0 gate_cache_checks=0 miss_invalid=0 miss_layer=0 miss_rank=0 miss_hash=0 miss_output=0 miss_data=0 send_up_gate=0.000 ms send_down=0.000 ms send_other=0.000 ms send_ffn=0.000 ms wait_up_gate=0.000 ms wait_down=0.000 ms wait_other=0.000 ms wait_ffn=0.000 ms
[svd-offload-client-stage-profile] rpc_send_total=0.000 ms rpc_wait_total=0.000 ms
[svd-offload-client-debug] finish_fail_up_gate=0 finish_fail_down=0 finish_fail_other=0 finish_fail_ffn=0 cache_take_fail_up=0 cache_take_fail_gate=0 recv_up_sum_abs=0.000000e+00 recv_up_max_abs=0.000000e+00 recv_up_zero=0 recv_gate_sum_abs=0.000000e+00 recv_gate_max_abs=0.000000e+00 recv_gate_zero=0 recv_down_sum_abs=0.000000e+00 recv_down_max_abs=0.000000e+00 recv_down_zero=0 recv_other_sum_abs=0.000000e+00 recv_other_max_abs=0.000000e+00 recv_other_zero=0 recv_ffn_sum_abs=0.000000e+00 recv_ffn_max_abs=0.000000e+00 recv_ffn_zero=0
SUCCEED (one forward pass done)"
4c_balanced_high,10,scheduler,all_0.4,4,"60,61,62,63","20,40,60,80",ok,24.2341,41.2642,0.8311164379119873,"llama_context: graph splits = 1
attach_threadpool: call
threads: decode=4 batch=4
prompt tokens: 4
running one forward pass (llama_decode) ...
Top-5 next-token candidates:
  id=3 logit=0 piece=""$""
  id=4 logit=0 piece=""%""
  id=1 logit=0 piece=""""""
  id=0 logit=0 piece=""!""
  id=2 logit=0 piece=""#""
Autoregressive generation:
Generated text: !
Decode-only throughput: 24.2341 tokens/s (1 tokens in 0.0412642 s of llama_decode)
End-to-end throughput: 24.0544 tokens/s (1 tokens in 0.0415725 s)
[decode-stage-profile] model_load=469.52 ms context_create=56.9303 ms tokenize=0.452157 ms prefill_decode=92.0476 ms generation_decode=41.2642 ms generation_total=41.5725 ms program_total=677.501 ms
[svd-local-op-profile] up_ops=56 gate_ops=56 down_ops=56 up_total=35.348 ms gate_total=26.442 ms down_total=19.308 ms up_v=4.054 ms gate_v=3.750 ms down_v=14.670 ms up_u=31.287 ms gate_u=22.681 ms down_u=4.636 ms
[svd-local-stage-profile] attention_total=4.399 ms ffn_total=82.340 ms ffn_svd_total=81.098 ms ffn_svd_v=22.474 ms ffn_svd_u=58.604 ms
[svd-offload-zero-profile] up_finish=0 up_cache=0 up_no_request=27 gate_finish=0 gate_cache=0 gate_no_request=27 down_finish=0 down_cache=0 down_no_request=27 other_finish=0 other_cache=0 other_no_request=0
[svd-local-timeout-profile] up_keep=0 up_drop=0 up_wait=0.000 ms gate_keep=0 gate_drop=0 gate_wait=0.000 ms down_keep=0 down_drop=0 down_wait=0.000 ms other_keep=0 other_drop=0 other_wait=0.000 ms
[svd-offload-client] up_gate_req=0 down_req=0 other_mat_req=0 ffn_req=0 gate_cache_hits=0 gate_cache_checks=0 miss_invalid=0 miss_layer=0 miss_rank=0 miss_hash=0 miss_output=0 miss_data=0 send_up_gate=0.000 ms send_down=0.000 ms send_other=0.000 ms send_ffn=0.000 ms wait_up_gate=0.000 ms wait_down=0.000 ms wait_other=0.000 ms wait_ffn=0.000 ms
[svd-offload-client-stage-profile] rpc_send_total=0.000 ms rpc_wait_total=0.000 ms
[svd-offload-client-debug] finish_fail_up_gate=0 finish_fail_down=0 finish_fail_other=0 finish_fail_ffn=0 cache_take_fail_up=0 cache_take_fail_gate=0 recv_up_sum_abs=0.000000e+00 recv_up_max_abs=0.000000e+00 recv_up_zero=0 recv_gate_sum_abs=0.000000e+00 recv_gate_max_abs=0.000000e+00 recv_gate_zero=0 recv_down_sum_abs=0.000000e+00 recv_down_max_abs=0.000000e+00 recv_down_zero=0 recv_other_sum_abs=0.000000e+00 recv_other_max_abs=0.000000e+00 recv_other_zero=0 recv_ffn_sum_abs=0.000000e+00 recv_ffn_max_abs=0.000000e+00 recv_ffn_zero=0
SUCCEED (one forward pass done)"
