image,label0,pred,correct,status
src/llama.cpp/exp8_resnet50/results/resnet_svd_truncation_imagenet200_llamacpp_20260506_r1/imagenet_val_subset_200/ILSVRC2012_val_00000001.JPEG,65,65,1,ok
src/llama.cpp/exp8_resnet50/results/resnet_svd_truncation_imagenet200_llamacpp_20260506_r1/imagenet_val_subset_200/ILSVRC2012_val_00000002.JPEG,970,795,0,ok
src/llama.cpp/exp8_resnet50/results/resnet_svd_truncation_imagenet200_llamacpp_20260506_r1/imagenet_val_subset_200/ILSVRC2012_val_00000003.JPEG,230,230,1,ok
src/llama.cpp/exp8_resnet50/results/resnet_svd_truncation_imagenet200_llamacpp_20260506_r1/imagenet_val_subset_200/ILSVRC2012_val_00000004.JPEG,809,809,1,ok
src/llama.cpp/exp8_resnet50/results/resnet_svd_truncation_imagenet200_llamacpp_20260506_r1/imagenet_val_subset_200/ILSVRC2012_val_00000005.JPEG,516,516,1,ok
src/llama.cpp/exp8_resnet50/results/resnet_svd_truncation_imagenet200_llamacpp_20260506_r1/imagenet_val_subset_200/ILSVRC2012_val_00000006.JPEG,57,67,0,ok
src/llama.cpp/exp8_resnet50/results/resnet_svd_truncation_imagenet200_llamacpp_20260506_r1/imagenet_val_subset_200/ILSVRC2012_val_00000007.JPEG,334,334,1,ok
src/llama.cpp/exp8_resnet50/results/resnet_svd_truncation_imagenet200_llamacpp_20260506_r1/imagenet_val_subset_200/ILSVRC2012_val_00000008.JPEG,415,415,1,ok
src/llama.cpp/exp8_resnet50/results/resnet_svd_truncation_imagenet200_llamacpp_20260506_r1/imagenet_val_subset_200/ILSVRC2012_val_00000009.JPEG,674,674,1,ok
src/llama.cpp/exp8_resnet50/results/resnet_svd_truncation_imagenet200_llamacpp_20260506_r1/imagenet_val_subset_200/ILSVRC2012_val_00000010.JPEG,332,153,0,ok
src/llama.cpp/exp8_resnet50/results/resnet_svd_truncation_imagenet200_llamacpp_20260506_r1/imagenet_val_subset_200/ILSVRC2012_val_00000011.JPEG,109,109,1,ok
src/llama.cpp/exp8_resnet50/results/resnet_svd_truncation_imagenet200_llamacpp_20260506_r1/imagenet_val_subset_200/ILSVRC2012_val_00000012.JPEG,286,286,1,ok
src/llama.cpp/exp8_resnet50/results/resnet_svd_truncation_imagenet200_llamacpp_20260506_r1/imagenet_val_subset_200/ILSVRC2012_val_00000013.JPEG,370,370,1,ok
src/llama.cpp/exp8_resnet50/results/resnet_svd_truncation_imagenet200_llamacpp_20260506_r1/imagenet_val_subset_200/ILSVRC2012_val_00000014.JPEG,757,757,1,ok
src/llama.cpp/exp8_resnet50/results/resnet_svd_truncation_imagenet200_llamacpp_20260506_r1/imagenet_val_subset_200/ILSVRC2012_val_00000015.JPEG,595,595,1,ok
src/llama.cpp/exp8_resnet50/results/resnet_svd_truncation_imagenet200_llamacpp_20260506_r1/imagenet_val_subset_200/ILSVRC2012_val_00000016.JPEG,147,147,1,ok
src/llama.cpp/exp8_resnet50/results/resnet_svd_truncation_imagenet200_llamacpp_20260506_r1/imagenet_val_subset_200/ILSVRC2012_val_00000017.JPEG,108,327,0,ok
src/llama.cpp/exp8_resnet50/results/resnet_svd_truncation_imagenet200_llamacpp_20260506_r1/imagenet_val_subset_200/ILSVRC2012_val_00000018.JPEG,23,23,1,ok
src/llama.cpp/exp8_resnet50/results/resnet_svd_truncation_imagenet200_llamacpp_20260506_r1/imagenet_val_subset_200/ILSVRC2012_val_00000019.JPEG,478,478,1,ok
src/llama.cpp/exp8_resnet50/results/resnet_svd_truncation_imagenet200_llamacpp_20260506_r1/imagenet_val_subset_200/ILSVRC2012_val_00000020.JPEG,517,517,1,ok
src/llama.cpp/exp8_resnet50/results/resnet_svd_truncation_imagenet200_llamacpp_20260506_r1/imagenet_val_subset_200/ILSVRC2012_val_00000021.JPEG,334,334,1,ok
src/llama.cpp/exp8_resnet50/results/resnet_svd_truncation_imagenet200_llamacpp_20260506_r1/imagenet_val_subset_200/ILSVRC2012_val_00000022.JPEG,173,169,0,ok
src/llama.cpp/exp8_resnet50/results/resnet_svd_truncation_imagenet200_llamacpp_20260506_r1/imagenet_val_subset_200/ILSVRC2012_val_00000023.JPEG,948,948,1,ok
src/llama.cpp/exp8_resnet50/results/resnet_svd_truncation_imagenet200_llamacpp_20260506_r1/imagenet_val_subset_200/ILSVRC2012_val_00000024.JPEG,727,727,1,ok
src/llama.cpp/exp8_resnet50/results/resnet_svd_truncation_imagenet200_llamacpp_20260506_r1/imagenet_val_subset_200/ILSVRC2012_val_00000025.JPEG,23,23,1,ok
src/llama.cpp/exp8_resnet50/results/resnet_svd_truncation_imagenet200_llamacpp_20260506_r1/imagenet_val_subset_200/ILSVRC2012_val_00000026.JPEG,846,583,0,ok
src/llama.cpp/exp8_resnet50/results/resnet_svd_truncation_imagenet200_llamacpp_20260506_r1/imagenet_val_subset_200/ILSVRC2012_val_00000027.JPEG,270,270,1,ok
src/llama.cpp/exp8_resnet50/results/resnet_svd_truncation_imagenet200_llamacpp_20260506_r1/imagenet_val_subset_200/ILSVRC2012_val_00000028.JPEG,167,166,0,ok
src/llama.cpp/exp8_resnet50/results/resnet_svd_truncation_imagenet200_llamacpp_20260506_r1/imagenet_val_subset_200/ILSVRC2012_val_00000029.JPEG,55,55,1,ok
src/llama.cpp/exp8_resnet50/results/resnet_svd_truncation_imagenet200_llamacpp_20260506_r1/imagenet_val_subset_200/ILSVRC2012_val_00000030.JPEG,858,858,1,ok
src/llama.cpp/exp8_resnet50/results/resnet_svd_truncation_imagenet200_llamacpp_20260506_r1/imagenet_val_subset_200/ILSVRC2012_val_00000031.JPEG,324,324,1,ok
src/llama.cpp/exp8_resnet50/results/resnet_svd_truncation_imagenet200_llamacpp_20260506_r1/imagenet_val_subset_200/ILSVRC2012_val_00000032.JPEG,573,573,1,ok
src/llama.cpp/exp8_resnet50/results/resnet_svd_truncation_imagenet200_llamacpp_20260506_r1/imagenet_val_subset_200/ILSVRC2012_val_00000033.JPEG,150,150,1,ok
src/llama.cpp/exp8_resnet50/results/resnet_svd_truncation_imagenet200_llamacpp_20260506_r1/imagenet_val_subset_200/ILSVRC2012_val_00000034.JPEG,981,981,1,ok
src/llama.cpp/exp8_resnet50/results/resnet_svd_truncation_imagenet200_llamacpp_20260506_r1/imagenet_val_subset_200/ILSVRC2012_val_00000035.JPEG,586,586,1,ok
src/llama.cpp/exp8_resnet50/results/resnet_svd_truncation_imagenet200_llamacpp_20260506_r1/imagenet_val_subset_200/ILSVRC2012_val_00000036.JPEG,887,887,1,ok
src/llama.cpp/exp8_resnet50/results/resnet_svd_truncation_imagenet200_llamacpp_20260506_r1/imagenet_val_subset_200/ILSVRC2012_val_00000037.JPEG,32,26,0,ok
src/llama.cpp/exp8_resnet50/results/resnet_svd_truncation_imagenet200_llamacpp_20260506_r1/imagenet_val_subset_200/ILSVRC2012_val_00000038.JPEG,398,398,1,ok
src/llama.cpp/exp8_resnet50/results/resnet_svd_truncation_imagenet200_llamacpp_20260506_r1/imagenet_val_subset_200/ILSVRC2012_val_00000039.JPEG,777,777,1,ok
src/llama.cpp/exp8_resnet50/results/resnet_svd_truncation_imagenet200_llamacpp_20260506_r1/imagenet_val_subset_200/ILSVRC2012_val_00000040.JPEG,74,74,1,ok
src/llama.cpp/exp8_resnet50/results/resnet_svd_truncation_imagenet200_llamacpp_20260506_r1/imagenet_val_subset_200/ILSVRC2012_val_00000041.JPEG,516,516,1,ok
src/llama.cpp/exp8_resnet50/results/resnet_svd_truncation_imagenet200_llamacpp_20260506_r1/imagenet_val_subset_200/ILSVRC2012_val_00000042.JPEG,756,756,1,ok
src/llama.cpp/exp8_resnet50/results/resnet_svd_truncation_imagenet200_llamacpp_20260506_r1/imagenet_val_subset_200/ILSVRC2012_val_00000043.JPEG,129,129,1,ok
src/llama.cpp/exp8_resnet50/results/resnet_svd_truncation_imagenet200_llamacpp_20260506_r1/imagenet_val_subset_200/ILSVRC2012_val_00000044.JPEG,198,198,1,ok
src/llama.cpp/exp8_resnet50/results/resnet_svd_truncation_imagenet200_llamacpp_20260506_r1/imagenet_val_subset_200/ILSVRC2012_val_00000045.JPEG,256,256,1,ok
src/llama.cpp/exp8_resnet50/results/resnet_svd_truncation_imagenet200_llamacpp_20260506_r1/imagenet_val_subset_200/ILSVRC2012_val_00000046.JPEG,725,725,1,ok
src/llama.cpp/exp8_resnet50/results/resnet_svd_truncation_imagenet200_llamacpp_20260506_r1/imagenet_val_subset_200/ILSVRC2012_val_00000047.JPEG,565,565,1,ok
src/llama.cpp/exp8_resnet50/results/resnet_svd_truncation_imagenet200_llamacpp_20260506_r1/imagenet_val_subset_200/ILSVRC2012_val_00000048.JPEG,167,162,0,ok
src/llama.cpp/exp8_resnet50/results/resnet_svd_truncation_imagenet200_llamacpp_20260506_r1/imagenet_val_subset_200/ILSVRC2012_val_00000049.JPEG,717,717,1,ok
src/llama.cpp/exp8_resnet50/results/resnet_svd_truncation_imagenet200_llamacpp_20260506_r1/imagenet_val_subset_200/ILSVRC2012_val_00000050.JPEG,394,467,0,ok
src/llama.cpp/exp8_resnet50/results/resnet_svd_truncation_imagenet200_llamacpp_20260506_r1/imagenet_val_subset_200/ILSVRC2012_val_00000051.JPEG,92,92,1,ok
src/llama.cpp/exp8_resnet50/results/resnet_svd_truncation_imagenet200_llamacpp_20260506_r1/imagenet_val_subset_200/ILSVRC2012_val_00000052.JPEG,29,29,1,ok
src/llama.cpp/exp8_resnet50/results/resnet_svd_truncation_imagenet200_llamacpp_20260506_r1/imagenet_val_subset_200/ILSVRC2012_val_00000053.JPEG,844,844,1,ok
src/llama.cpp/exp8_resnet50/results/resnet_svd_truncation_imagenet200_llamacpp_20260506_r1/imagenet_val_subset_200/ILSVRC2012_val_00000054.JPEG,591,591,1,ok
src/llama.cpp/exp8_resnet50/results/resnet_svd_truncation_imagenet200_llamacpp_20260506_r1/imagenet_val_subset_200/ILSVRC2012_val_00000055.JPEG,358,358,1,ok
src/llama.cpp/exp8_resnet50/results/resnet_svd_truncation_imagenet200_llamacpp_20260506_r1/imagenet_val_subset_200/ILSVRC2012_val_00000056.JPEG,468,468,1,ok
src/llama.cpp/exp8_resnet50/results/resnet_svd_truncation_imagenet200_llamacpp_20260506_r1/imagenet_val_subset_200/ILSVRC2012_val_00000057.JPEG,259,154,0,ok
src/llama.cpp/exp8_resnet50/results/resnet_svd_truncation_imagenet200_llamacpp_20260506_r1/imagenet_val_subset_200/ILSVRC2012_val_00000058.JPEG,994,994,1,ok
src/llama.cpp/exp8_resnet50/results/resnet_svd_truncation_imagenet200_llamacpp_20260506_r1/imagenet_val_subset_200/ILSVRC2012_val_00000059.JPEG,872,840,0,ok
src/llama.cpp/exp8_resnet50/results/resnet_svd_truncation_imagenet200_llamacpp_20260506_r1/imagenet_val_subset_200/ILSVRC2012_val_00000060.JPEG,588,588,1,ok
src/llama.cpp/exp8_resnet50/results/resnet_svd_truncation_imagenet200_llamacpp_20260506_r1/imagenet_val_subset_200/ILSVRC2012_val_00000061.JPEG,474,735,0,ok
src/llama.cpp/exp8_resnet50/results/resnet_svd_truncation_imagenet200_llamacpp_20260506_r1/imagenet_val_subset_200/ILSVRC2012_val_00000062.JPEG,183,183,1,ok
src/llama.cpp/exp8_resnet50/results/resnet_svd_truncation_imagenet200_llamacpp_20260506_r1/imagenet_val_subset_200/ILSVRC2012_val_00000063.JPEG,107,107,1,ok
src/llama.cpp/exp8_resnet50/results/resnet_svd_truncation_imagenet200_llamacpp_20260506_r1/imagenet_val_subset_200/ILSVRC2012_val_00000064.JPEG,46,46,1,ok
src/llama.cpp/exp8_resnet50/results/resnet_svd_truncation_imagenet200_llamacpp_20260506_r1/imagenet_val_subset_200/ILSVRC2012_val_00000065.JPEG,842,842,1,ok
src/llama.cpp/exp8_resnet50/results/resnet_svd_truncation_imagenet200_llamacpp_20260506_r1/imagenet_val_subset_200/ILSVRC2012_val_00000066.JPEG,390,390,1,ok
src/llama.cpp/exp8_resnet50/results/resnet_svd_truncation_imagenet200_llamacpp_20260506_r1/imagenet_val_subset_200/ILSVRC2012_val_00000067.JPEG,101,101,1,ok
src/llama.cpp/exp8_resnet50/results/resnet_svd_truncation_imagenet200_llamacpp_20260506_r1/imagenet_val_subset_200/ILSVRC2012_val_00000068.JPEG,887,887,1,ok
src/llama.cpp/exp8_resnet50/results/resnet_svd_truncation_imagenet200_llamacpp_20260506_r1/imagenet_val_subset_200/ILSVRC2012_val_00000069.JPEG,870,870,1,ok
src/llama.cpp/exp8_resnet50/results/resnet_svd_truncation_imagenet200_llamacpp_20260506_r1/imagenet_val_subset_200/ILSVRC2012_val_00000070.JPEG,841,911,0,ok
src/llama.cpp/exp8_resnet50/results/resnet_svd_truncation_imagenet200_llamacpp_20260506_r1/imagenet_val_subset_200/ILSVRC2012_val_00000071.JPEG,467,2,0,ok
src/llama.cpp/exp8_resnet50/results/resnet_svd_truncation_imagenet200_llamacpp_20260506_r1/imagenet_val_subset_200/ILSVRC2012_val_00000072.JPEG,149,149,1,ok
src/llama.cpp/exp8_resnet50/results/resnet_svd_truncation_imagenet200_llamacpp_20260506_r1/imagenet_val_subset_200/ILSVRC2012_val_00000073.JPEG,21,21,1,ok
src/llama.cpp/exp8_resnet50/results/resnet_svd_truncation_imagenet200_llamacpp_20260506_r1/imagenet_val_subset_200/ILSVRC2012_val_00000074.JPEG,476,476,1,ok
src/llama.cpp/exp8_resnet50/results/resnet_svd_truncation_imagenet200_llamacpp_20260506_r1/imagenet_val_subset_200/ILSVRC2012_val_00000075.JPEG,80,80,1,ok
src/llama.cpp/exp8_resnet50/results/resnet_svd_truncation_imagenet200_llamacpp_20260506_r1/imagenet_val_subset_200/ILSVRC2012_val_00000076.JPEG,424,424,1,ok
src/llama.cpp/exp8_resnet50/results/resnet_svd_truncation_imagenet200_llamacpp_20260506_r1/imagenet_val_subset_200/ILSVRC2012_val_00000077.JPEG,159,159,1,ok
src/llama.cpp/exp8_resnet50/results/resnet_svd_truncation_imagenet200_llamacpp_20260506_r1/imagenet_val_subset_200/ILSVRC2012_val_00000078.JPEG,275,275,1,ok
src/llama.cpp/exp8_resnet50/results/resnet_svd_truncation_imagenet200_llamacpp_20260506_r1/imagenet_val_subset_200/ILSVRC2012_val_00000079.JPEG,175,175,1,ok
src/llama.cpp/exp8_resnet50/results/resnet_svd_truncation_imagenet200_llamacpp_20260506_r1/imagenet_val_subset_200/ILSVRC2012_val_00000080.JPEG,461,461,1,ok
src/llama.cpp/exp8_resnet50/results/resnet_svd_truncation_imagenet200_llamacpp_20260506_r1/imagenet_val_subset_200/ILSVRC2012_val_00000081.JPEG,970,970,1,ok
src/llama.cpp/exp8_resnet50/results/resnet_svd_truncation_imagenet200_llamacpp_20260506_r1/imagenet_val_subset_200/ILSVRC2012_val_00000082.JPEG,160,160,1,ok
src/llama.cpp/exp8_resnet50/results/resnet_svd_truncation_imagenet200_llamacpp_20260506_r1/imagenet_val_subset_200/ILSVRC2012_val_00000083.JPEG,788,788,1,ok
src/llama.cpp/exp8_resnet50/results/resnet_svd_truncation_imagenet200_llamacpp_20260506_r1/imagenet_val_subset_200/ILSVRC2012_val_00000084.JPEG,58,58,1,ok
src/llama.cpp/exp8_resnet50/results/resnet_svd_truncation_imagenet200_llamacpp_20260506_r1/imagenet_val_subset_200/ILSVRC2012_val_00000085.JPEG,479,436,0,ok
src/llama.cpp/exp8_resnet50/results/resnet_svd_truncation_imagenet200_llamacpp_20260506_r1/imagenet_val_subset_200/ILSVRC2012_val_00000086.JPEG,498,498,1,ok
src/llama.cpp/exp8_resnet50/results/resnet_svd_truncation_imagenet200_llamacpp_20260506_r1/imagenet_val_subset_200/ILSVRC2012_val_00000087.JPEG,369,368,0,ok
src/llama.cpp/exp8_resnet50/results/resnet_svd_truncation_imagenet200_llamacpp_20260506_r1/imagenet_val_subset_200/ILSVRC2012_val_00000088.JPEG,28,28,1,ok
src/llama.cpp/exp8_resnet50/results/resnet_svd_truncation_imagenet200_llamacpp_20260506_r1/imagenet_val_subset_200/ILSVRC2012_val_00000089.JPEG,487,487,1,ok
src/llama.cpp/exp8_resnet50/results/resnet_svd_truncation_imagenet200_llamacpp_20260506_r1/imagenet_val_subset_200/ILSVRC2012_val_00000090.JPEG,50,50,1,ok
src/llama.cpp/exp8_resnet50/results/resnet_svd_truncation_imagenet200_llamacpp_20260506_r1/imagenet_val_subset_200/ILSVRC2012_val_00000091.JPEG,270,270,1,ok
src/llama.cpp/exp8_resnet50/results/resnet_svd_truncation_imagenet200_llamacpp_20260506_r1/imagenet_val_subset_200/ILSVRC2012_val_00000092.JPEG,383,383,1,ok
src/llama.cpp/exp8_resnet50/results/resnet_svd_truncation_imagenet200_llamacpp_20260506_r1/imagenet_val_subset_200/ILSVRC2012_val_00000093.JPEG,366,366,1,ok
src/llama.cpp/exp8_resnet50/results/resnet_svd_truncation_imagenet200_llamacpp_20260506_r1/imagenet_val_subset_200/ILSVRC2012_val_00000094.JPEG,780,484,0,ok
src/llama.cpp/exp8_resnet50/results/resnet_svd_truncation_imagenet200_llamacpp_20260506_r1/imagenet_val_subset_200/ILSVRC2012_val_00000095.JPEG,373,373,1,ok
src/llama.cpp/exp8_resnet50/results/resnet_svd_truncation_imagenet200_llamacpp_20260506_r1/imagenet_val_subset_200/ILSVRC2012_val_00000096.JPEG,705,705,1,ok
src/llama.cpp/exp8_resnet50/results/resnet_svd_truncation_imagenet200_llamacpp_20260506_r1/imagenet_val_subset_200/ILSVRC2012_val_00000097.JPEG,330,330,1,ok
src/llama.cpp/exp8_resnet50/results/resnet_svd_truncation_imagenet200_llamacpp_20260506_r1/imagenet_val_subset_200/ILSVRC2012_val_00000098.JPEG,142,142,1,ok
src/llama.cpp/exp8_resnet50/results/resnet_svd_truncation_imagenet200_llamacpp_20260506_r1/imagenet_val_subset_200/ILSVRC2012_val_00000099.JPEG,949,949,1,ok
src/llama.cpp/exp8_resnet50/results/resnet_svd_truncation_imagenet200_llamacpp_20260506_r1/imagenet_val_subset_200/ILSVRC2012_val_00000100.JPEG,349,349,1,ok
src/llama.cpp/exp8_resnet50/results/resnet_svd_truncation_imagenet200_llamacpp_20260506_r1/imagenet_val_subset_200/ILSVRC2012_val_00000101.JPEG,473,473,1,ok
src/llama.cpp/exp8_resnet50/results/resnet_svd_truncation_imagenet200_llamacpp_20260506_r1/imagenet_val_subset_200/ILSVRC2012_val_00000102.JPEG,159,159,1,ok
src/llama.cpp/exp8_resnet50/results/resnet_svd_truncation_imagenet200_llamacpp_20260506_r1/imagenet_val_subset_200/ILSVRC2012_val_00000103.JPEG,872,872,1,ok
src/llama.cpp/exp8_resnet50/results/resnet_svd_truncation_imagenet200_llamacpp_20260506_r1/imagenet_val_subset_200/ILSVRC2012_val_00000104.JPEG,878,878,1,ok
src/llama.cpp/exp8_resnet50/results/resnet_svd_truncation_imagenet200_llamacpp_20260506_r1/imagenet_val_subset_200/ILSVRC2012_val_00000105.JPEG,201,201,1,ok
src/llama.cpp/exp8_resnet50/results/resnet_svd_truncation_imagenet200_llamacpp_20260506_r1/imagenet_val_subset_200/ILSVRC2012_val_00000106.JPEG,906,906,1,ok
src/llama.cpp/exp8_resnet50/results/resnet_svd_truncation_imagenet200_llamacpp_20260506_r1/imagenet_val_subset_200/ILSVRC2012_val_00000107.JPEG,70,70,1,ok
src/llama.cpp/exp8_resnet50/results/resnet_svd_truncation_imagenet200_llamacpp_20260506_r1/imagenet_val_subset_200/ILSVRC2012_val_00000108.JPEG,486,486,1,ok
src/llama.cpp/exp8_resnet50/results/resnet_svd_truncation_imagenet200_llamacpp_20260506_r1/imagenet_val_subset_200/ILSVRC2012_val_00000109.JPEG,632,632,1,ok
src/llama.cpp/exp8_resnet50/results/resnet_svd_truncation_imagenet200_llamacpp_20260506_r1/imagenet_val_subset_200/ILSVRC2012_val_00000110.JPEG,608,411,0,ok
src/llama.cpp/exp8_resnet50/results/resnet_svd_truncation_imagenet200_llamacpp_20260506_r1/imagenet_val_subset_200/ILSVRC2012_val_00000111.JPEG,122,122,1,ok
src/llama.cpp/exp8_resnet50/results/resnet_svd_truncation_imagenet200_llamacpp_20260506_r1/imagenet_val_subset_200/ILSVRC2012_val_00000112.JPEG,720,720,1,ok
src/llama.cpp/exp8_resnet50/results/resnet_svd_truncation_imagenet200_llamacpp_20260506_r1/imagenet_val_subset_200/ILSVRC2012_val_00000113.JPEG,227,227,1,ok
src/llama.cpp/exp8_resnet50/results/resnet_svd_truncation_imagenet200_llamacpp_20260506_r1/imagenet_val_subset_200/ILSVRC2012_val_00000114.JPEG,686,686,1,ok
src/llama.cpp/exp8_resnet50/results/resnet_svd_truncation_imagenet200_llamacpp_20260506_r1/imagenet_val_subset_200/ILSVRC2012_val_00000115.JPEG,173,173,1,ok
src/llama.cpp/exp8_resnet50/results/resnet_svd_truncation_imagenet200_llamacpp_20260506_r1/imagenet_val_subset_200/ILSVRC2012_val_00000116.JPEG,959,959,1,ok
src/llama.cpp/exp8_resnet50/results/resnet_svd_truncation_imagenet200_llamacpp_20260506_r1/imagenet_val_subset_200/ILSVRC2012_val_00000117.JPEG,638,638,1,ok
src/llama.cpp/exp8_resnet50/results/resnet_svd_truncation_imagenet200_llamacpp_20260506_r1/imagenet_val_subset_200/ILSVRC2012_val_00000118.JPEG,646,646,1,ok
src/llama.cpp/exp8_resnet50/results/resnet_svd_truncation_imagenet200_llamacpp_20260506_r1/imagenet_val_subset_200/ILSVRC2012_val_00000119.JPEG,664,598,0,ok
src/llama.cpp/exp8_resnet50/results/resnet_svd_truncation_imagenet200_llamacpp_20260506_r1/imagenet_val_subset_200/ILSVRC2012_val_00000120.JPEG,645,645,1,ok
src/llama.cpp/exp8_resnet50/results/resnet_svd_truncation_imagenet200_llamacpp_20260506_r1/imagenet_val_subset_200/ILSVRC2012_val_00000121.JPEG,718,449,0,ok
src/llama.cpp/exp8_resnet50/results/resnet_svd_truncation_imagenet200_llamacpp_20260506_r1/imagenet_val_subset_200/ILSVRC2012_val_00000122.JPEG,483,483,1,ok
src/llama.cpp/exp8_resnet50/results/resnet_svd_truncation_imagenet200_llamacpp_20260506_r1/imagenet_val_subset_200/ILSVRC2012_val_00000123.JPEG,852,852,1,ok
src/llama.cpp/exp8_resnet50/results/resnet_svd_truncation_imagenet200_llamacpp_20260506_r1/imagenet_val_subset_200/ILSVRC2012_val_00000124.JPEG,392,397,0,ok
src/llama.cpp/exp8_resnet50/results/resnet_svd_truncation_imagenet200_llamacpp_20260506_r1/imagenet_val_subset_200/ILSVRC2012_val_00000125.JPEG,311,312,0,ok
src/llama.cpp/exp8_resnet50/results/resnet_svd_truncation_imagenet200_llamacpp_20260506_r1/imagenet_val_subset_200/ILSVRC2012_val_00000126.JPEG,457,457,1,ok
src/llama.cpp/exp8_resnet50/results/resnet_svd_truncation_imagenet200_llamacpp_20260506_r1/imagenet_val_subset_200/ILSVRC2012_val_00000127.JPEG,352,352,1,ok
src/llama.cpp/exp8_resnet50/results/resnet_svd_truncation_imagenet200_llamacpp_20260506_r1/imagenet_val_subset_200/ILSVRC2012_val_00000128.JPEG,22,21,0,ok
src/llama.cpp/exp8_resnet50/results/resnet_svd_truncation_imagenet200_llamacpp_20260506_r1/imagenet_val_subset_200/ILSVRC2012_val_00000129.JPEG,934,934,1,ok
src/llama.cpp/exp8_resnet50/results/resnet_svd_truncation_imagenet200_llamacpp_20260506_r1/imagenet_val_subset_200/ILSVRC2012_val_00000130.JPEG,283,283,1,ok
src/llama.cpp/exp8_resnet50/results/resnet_svd_truncation_imagenet200_llamacpp_20260506_r1/imagenet_val_subset_200/ILSVRC2012_val_00000131.JPEG,802,802,1,ok
src/llama.cpp/exp8_resnet50/results/resnet_svd_truncation_imagenet200_llamacpp_20260506_r1/imagenet_val_subset_200/ILSVRC2012_val_00000132.JPEG,553,553,1,ok
src/llama.cpp/exp8_resnet50/results/resnet_svd_truncation_imagenet200_llamacpp_20260506_r1/imagenet_val_subset_200/ILSVRC2012_val_00000133.JPEG,276,276,1,ok
src/llama.cpp/exp8_resnet50/results/resnet_svd_truncation_imagenet200_llamacpp_20260506_r1/imagenet_val_subset_200/ILSVRC2012_val_00000134.JPEG,236,234,0,ok
src/llama.cpp/exp8_resnet50/results/resnet_svd_truncation_imagenet200_llamacpp_20260506_r1/imagenet_val_subset_200/ILSVRC2012_val_00000135.JPEG,751,751,1,ok
src/llama.cpp/exp8_resnet50/results/resnet_svd_truncation_imagenet200_llamacpp_20260506_r1/imagenet_val_subset_200/ILSVRC2012_val_00000136.JPEG,343,298,0,ok
src/llama.cpp/exp8_resnet50/results/resnet_svd_truncation_imagenet200_llamacpp_20260506_r1/imagenet_val_subset_200/ILSVRC2012_val_00000137.JPEG,528,786,0,ok
src/llama.cpp/exp8_resnet50/results/resnet_svd_truncation_imagenet200_llamacpp_20260506_r1/imagenet_val_subset_200/ILSVRC2012_val_00000138.JPEG,328,328,1,ok
src/llama.cpp/exp8_resnet50/results/resnet_svd_truncation_imagenet200_llamacpp_20260506_r1/imagenet_val_subset_200/ILSVRC2012_val_00000139.JPEG,969,969,1,ok
src/llama.cpp/exp8_resnet50/results/resnet_svd_truncation_imagenet200_llamacpp_20260506_r1/imagenet_val_subset_200/ILSVRC2012_val_00000140.JPEG,558,251,0,ok
src/llama.cpp/exp8_resnet50/results/resnet_svd_truncation_imagenet200_llamacpp_20260506_r1/imagenet_val_subset_200/ILSVRC2012_val_00000141.JPEG,163,163,1,ok
src/llama.cpp/exp8_resnet50/results/resnet_svd_truncation_imagenet200_llamacpp_20260506_r1/imagenet_val_subset_200/ILSVRC2012_val_00000142.JPEG,328,328,1,ok
src/llama.cpp/exp8_resnet50/results/resnet_svd_truncation_imagenet200_llamacpp_20260506_r1/imagenet_val_subset_200/ILSVRC2012_val_00000143.JPEG,771,771,1,ok
src/llama.cpp/exp8_resnet50/results/resnet_svd_truncation_imagenet200_llamacpp_20260506_r1/imagenet_val_subset_200/ILSVRC2012_val_00000144.JPEG,726,726,1,ok
src/llama.cpp/exp8_resnet50/results/resnet_svd_truncation_imagenet200_llamacpp_20260506_r1/imagenet_val_subset_200/ILSVRC2012_val_00000145.JPEG,977,977,1,ok
src/llama.cpp/exp8_resnet50/results/resnet_svd_truncation_imagenet200_llamacpp_20260506_r1/imagenet_val_subset_200/ILSVRC2012_val_00000146.JPEG,875,875,1,ok
src/llama.cpp/exp8_resnet50/results/resnet_svd_truncation_imagenet200_llamacpp_20260506_r1/imagenet_val_subset_200/ILSVRC2012_val_00000147.JPEG,265,265,1,ok
src/llama.cpp/exp8_resnet50/results/resnet_svd_truncation_imagenet200_llamacpp_20260506_r1/imagenet_val_subset_200/ILSVRC2012_val_00000148.JPEG,686,686,1,ok
src/llama.cpp/exp8_resnet50/results/resnet_svd_truncation_imagenet200_llamacpp_20260506_r1/imagenet_val_subset_200/ILSVRC2012_val_00000149.JPEG,590,590,1,ok
src/llama.cpp/exp8_resnet50/results/resnet_svd_truncation_imagenet200_llamacpp_20260506_r1/imagenet_val_subset_200/ILSVRC2012_val_00000150.JPEG,975,977,0,ok
src/llama.cpp/exp8_resnet50/results/resnet_svd_truncation_imagenet200_llamacpp_20260506_r1/imagenet_val_subset_200/ILSVRC2012_val_00000151.JPEG,620,681,0,ok
src/llama.cpp/exp8_resnet50/results/resnet_svd_truncation_imagenet200_llamacpp_20260506_r1/imagenet_val_subset_200/ILSVRC2012_val_00000152.JPEG,637,637,1,ok
src/llama.cpp/exp8_resnet50/results/resnet_svd_truncation_imagenet200_llamacpp_20260506_r1/imagenet_val_subset_200/ILSVRC2012_val_00000153.JPEG,39,39,1,ok
src/llama.cpp/exp8_resnet50/results/resnet_svd_truncation_imagenet200_llamacpp_20260506_r1/imagenet_val_subset_200/ILSVRC2012_val_00000154.JPEG,115,115,1,ok
src/llama.cpp/exp8_resnet50/results/resnet_svd_truncation_imagenet200_llamacpp_20260506_r1/imagenet_val_subset_200/ILSVRC2012_val_00000155.JPEG,937,937,1,ok
src/llama.cpp/exp8_resnet50/results/resnet_svd_truncation_imagenet200_llamacpp_20260506_r1/imagenet_val_subset_200/ILSVRC2012_val_00000156.JPEG,272,274,0,ok
src/llama.cpp/exp8_resnet50/results/resnet_svd_truncation_imagenet200_llamacpp_20260506_r1/imagenet_val_subset_200/ILSVRC2012_val_00000157.JPEG,277,277,1,ok
src/llama.cpp/exp8_resnet50/results/resnet_svd_truncation_imagenet200_llamacpp_20260506_r1/imagenet_val_subset_200/ILSVRC2012_val_00000158.JPEG,763,763,1,ok
src/llama.cpp/exp8_resnet50/results/resnet_svd_truncation_imagenet200_llamacpp_20260506_r1/imagenet_val_subset_200/ILSVRC2012_val_00000159.JPEG,789,579,0,ok
src/llama.cpp/exp8_resnet50/results/resnet_svd_truncation_imagenet200_llamacpp_20260506_r1/imagenet_val_subset_200/ILSVRC2012_val_00000160.JPEG,646,646,1,ok
src/llama.cpp/exp8_resnet50/results/resnet_svd_truncation_imagenet200_llamacpp_20260506_r1/imagenet_val_subset_200/ILSVRC2012_val_00000161.JPEG,213,234,0,ok
src/llama.cpp/exp8_resnet50/results/resnet_svd_truncation_imagenet200_llamacpp_20260506_r1/imagenet_val_subset_200/ILSVRC2012_val_00000162.JPEG,493,894,0,ok
src/llama.cpp/exp8_resnet50/results/resnet_svd_truncation_imagenet200_llamacpp_20260506_r1/imagenet_val_subset_200/ILSVRC2012_val_00000163.JPEG,647,647,1,ok
src/llama.cpp/exp8_resnet50/results/resnet_svd_truncation_imagenet200_llamacpp_20260506_r1/imagenet_val_subset_200/ILSVRC2012_val_00000164.JPEG,504,504,1,ok
src/llama.cpp/exp8_resnet50/results/resnet_svd_truncation_imagenet200_llamacpp_20260506_r1/imagenet_val_subset_200/ILSVRC2012_val_00000165.JPEG,937,937,1,ok
src/llama.cpp/exp8_resnet50/results/resnet_svd_truncation_imagenet200_llamacpp_20260506_r1/imagenet_val_subset_200/ILSVRC2012_val_00000166.JPEG,687,687,1,ok
src/llama.cpp/exp8_resnet50/results/resnet_svd_truncation_imagenet200_llamacpp_20260506_r1/imagenet_val_subset_200/ILSVRC2012_val_00000167.JPEG,781,781,1,ok
src/llama.cpp/exp8_resnet50/results/resnet_svd_truncation_imagenet200_llamacpp_20260506_r1/imagenet_val_subset_200/ILSVRC2012_val_00000168.JPEG,666,659,0,ok
src/llama.cpp/exp8_resnet50/results/resnet_svd_truncation_imagenet200_llamacpp_20260506_r1/imagenet_val_subset_200/ILSVRC2012_val_00000169.JPEG,583,583,1,ok
src/llama.cpp/exp8_resnet50/results/resnet_svd_truncation_imagenet200_llamacpp_20260506_r1/imagenet_val_subset_200/ILSVRC2012_val_00000170.JPEG,158,158,1,ok
src/llama.cpp/exp8_resnet50/results/resnet_svd_truncation_imagenet200_llamacpp_20260506_r1/imagenet_val_subset_200/ILSVRC2012_val_00000171.JPEG,825,825,1,ok
src/llama.cpp/exp8_resnet50/results/resnet_svd_truncation_imagenet200_llamacpp_20260506_r1/imagenet_val_subset_200/ILSVRC2012_val_00000172.JPEG,212,212,1,ok
src/llama.cpp/exp8_resnet50/results/resnet_svd_truncation_imagenet200_llamacpp_20260506_r1/imagenet_val_subset_200/ILSVRC2012_val_00000173.JPEG,659,659,1,ok
src/llama.cpp/exp8_resnet50/results/resnet_svd_truncation_imagenet200_llamacpp_20260506_r1/imagenet_val_subset_200/ILSVRC2012_val_00000174.JPEG,257,257,1,ok
src/llama.cpp/exp8_resnet50/results/resnet_svd_truncation_imagenet200_llamacpp_20260506_r1/imagenet_val_subset_200/ILSVRC2012_val_00000175.JPEG,436,436,1,ok
src/llama.cpp/exp8_resnet50/results/resnet_svd_truncation_imagenet200_llamacpp_20260506_r1/imagenet_val_subset_200/ILSVRC2012_val_00000176.JPEG,196,199,0,ok
src/llama.cpp/exp8_resnet50/results/resnet_svd_truncation_imagenet200_llamacpp_20260506_r1/imagenet_val_subset_200/ILSVRC2012_val_00000177.JPEG,140,140,1,ok
src/llama.cpp/exp8_resnet50/results/resnet_svd_truncation_imagenet200_llamacpp_20260506_r1/imagenet_val_subset_200/ILSVRC2012_val_00000178.JPEG,248,248,1,ok
src/llama.cpp/exp8_resnet50/results/resnet_svd_truncation_imagenet200_llamacpp_20260506_r1/imagenet_val_subset_200/ILSVRC2012_val_00000179.JPEG,339,339,1,ok
src/llama.cpp/exp8_resnet50/results/resnet_svd_truncation_imagenet200_llamacpp_20260506_r1/imagenet_val_subset_200/ILSVRC2012_val_00000180.JPEG,230,230,1,ok
src/llama.cpp/exp8_resnet50/results/resnet_svd_truncation_imagenet200_llamacpp_20260506_r1/imagenet_val_subset_200/ILSVRC2012_val_00000181.JPEG,361,361,1,ok
src/llama.cpp/exp8_resnet50/results/resnet_svd_truncation_imagenet200_llamacpp_20260506_r1/imagenet_val_subset_200/ILSVRC2012_val_00000182.JPEG,544,926,0,ok
src/llama.cpp/exp8_resnet50/results/resnet_svd_truncation_imagenet200_llamacpp_20260506_r1/imagenet_val_subset_200/ILSVRC2012_val_00000183.JPEG,935,935,1,ok
src/llama.cpp/exp8_resnet50/results/resnet_svd_truncation_imagenet200_llamacpp_20260506_r1/imagenet_val_subset_200/ILSVRC2012_val_00000184.JPEG,638,445,0,ok
src/llama.cpp/exp8_resnet50/results/resnet_svd_truncation_imagenet200_llamacpp_20260506_r1/imagenet_val_subset_200/ILSVRC2012_val_00000185.JPEG,627,654,0,ok
src/llama.cpp/exp8_resnet50/results/resnet_svd_truncation_imagenet200_llamacpp_20260506_r1/imagenet_val_subset_200/ILSVRC2012_val_00000186.JPEG,289,289,1,ok
src/llama.cpp/exp8_resnet50/results/resnet_svd_truncation_imagenet200_llamacpp_20260506_r1/imagenet_val_subset_200/ILSVRC2012_val_00000187.JPEG,867,867,1,ok
src/llama.cpp/exp8_resnet50/results/resnet_svd_truncation_imagenet200_llamacpp_20260506_r1/imagenet_val_subset_200/ILSVRC2012_val_00000188.JPEG,272,272,1,ok
src/llama.cpp/exp8_resnet50/results/resnet_svd_truncation_imagenet200_llamacpp_20260506_r1/imagenet_val_subset_200/ILSVRC2012_val_00000189.JPEG,103,103,1,ok
src/llama.cpp/exp8_resnet50/results/resnet_svd_truncation_imagenet200_llamacpp_20260506_r1/imagenet_val_subset_200/ILSVRC2012_val_00000190.JPEG,584,584,1,ok
src/llama.cpp/exp8_resnet50/results/resnet_svd_truncation_imagenet200_llamacpp_20260506_r1/imagenet_val_subset_200/ILSVRC2012_val_00000191.JPEG,180,180,1,ok
src/llama.cpp/exp8_resnet50/results/resnet_svd_truncation_imagenet200_llamacpp_20260506_r1/imagenet_val_subset_200/ILSVRC2012_val_00000192.JPEG,703,677,0,ok
src/llama.cpp/exp8_resnet50/results/resnet_svd_truncation_imagenet200_llamacpp_20260506_r1/imagenet_val_subset_200/ILSVRC2012_val_00000193.JPEG,449,449,1,ok
src/llama.cpp/exp8_resnet50/results/resnet_svd_truncation_imagenet200_llamacpp_20260506_r1/imagenet_val_subset_200/ILSVRC2012_val_00000194.JPEG,771,771,1,ok
src/llama.cpp/exp8_resnet50/results/resnet_svd_truncation_imagenet200_llamacpp_20260506_r1/imagenet_val_subset_200/ILSVRC2012_val_00000195.JPEG,118,118,1,ok
src/llama.cpp/exp8_resnet50/results/resnet_svd_truncation_imagenet200_llamacpp_20260506_r1/imagenet_val_subset_200/ILSVRC2012_val_00000196.JPEG,396,396,1,ok
src/llama.cpp/exp8_resnet50/results/resnet_svd_truncation_imagenet200_llamacpp_20260506_r1/imagenet_val_subset_200/ILSVRC2012_val_00000197.JPEG,934,934,1,ok
src/llama.cpp/exp8_resnet50/results/resnet_svd_truncation_imagenet200_llamacpp_20260506_r1/imagenet_val_subset_200/ILSVRC2012_val_00000198.JPEG,16,16,1,ok
src/llama.cpp/exp8_resnet50/results/resnet_svd_truncation_imagenet200_llamacpp_20260506_r1/imagenet_val_subset_200/ILSVRC2012_val_00000199.JPEG,548,548,1,ok
src/llama.cpp/exp8_resnet50/results/resnet_svd_truncation_imagenet200_llamacpp_20260506_r1/imagenet_val_subset_200/ILSVRC2012_val_00000200.JPEG,993,993,1,ok
