config_id,occupied_count,loads,timeout_ms,rate_policy,group_a,group_b,tokens,baseline_tok_s,raw_svd_tok_s,schedule_tok_s,speedup_vs_baseline,selected_policy,baseline_ppl,schedule_ppl,ppl_source,ppl_le_40,throughput_ge_baseline,constraints_ok,raw_status,baseline_status
2occ_cfg1,2,"50,100,0,0,0,0,0,0",10,mod4_1_0.25,"62,63,64,65,66,67","60,61",8,26.7534,25.8803,26.7534,1.0,baseline_guard_no_svd,15.1424,15.1424,calibrated_from_ctx128_rate_ppl_and_timeout_ppl_logs,True,True,True,ok,ok
2occ_cfg1,2,"50,100,0,0,0,0,0,0",20,mod4_1_0.25,"62,63,64,65,66,67","60,61",8,26.7534,25.7781,26.7534,1.0,baseline_guard_no_svd,15.1424,15.1424,calibrated_from_ctx128_rate_ppl_and_timeout_ppl_logs,True,True,True,ok,ok
2occ_cfg1,2,"50,100,0,0,0,0,0,0",30,mod4_1_0.25,"62,63,64,65,66,67","60,61",8,26.7534,26.7434,26.7534,1.0,baseline_guard_no_svd,15.1424,15.1424,calibrated_from_ctx128_rate_ppl_and_timeout_ppl_logs,True,True,True,ok,ok
2occ_cfg1,2,"50,100,0,0,0,0,0,0",40,mod4_1_0.25,"62,63,64,65,66,67","60,61",8,26.7534,26.2717,26.7534,1.0,baseline_guard_no_svd,15.1424,15.1424,calibrated_from_ctx128_rate_ppl_and_timeout_ppl_logs,True,True,True,ok,ok
2occ_cfg1,2,"50,100,0,0,0,0,0,0",50,mod4_1_0.25,"62,63,64,65,66,67","60,61",8,26.7534,3.92356,26.7534,1.0,baseline_guard_no_svd,15.1424,15.1424,calibrated_from_ctx128_rate_ppl_and_timeout_ppl_logs,True,True,True,ok,ok
2occ_cfg1,2,"50,100,0,0,0,0,0,0",60,mod4_1_0.25,"62,63,64,65,66,67","60,61",8,26.7534,25.8365,26.7534,1.0,baseline_guard_no_svd,15.1424,15.1424,calibrated_from_ctx128_rate_ppl_and_timeout_ppl_logs,True,True,True,ok,ok
2occ_cfg1,2,"50,100,0,0,0,0,0,0",70,mod4_1_0.25,"62,63,64,65,66,67","60,61",8,26.7534,20.1203,26.7534,1.0,baseline_guard_no_svd,15.1424,15.1424,calibrated_from_ctx128_rate_ppl_and_timeout_ppl_logs,True,True,True,ok,ok
2occ_cfg1,2,"50,100,0,0,0,0,0,0",80,mod4_1_0.25,"62,63,64,65,66,67","60,61",8,26.7534,26.8784,26.8784,1.0046723033334082,svd_timeout,15.1424,19.1549,calibrated_from_ctx128_rate_ppl_and_timeout_ppl_logs,True,True,True,ok,ok
2occ_cfg1,2,"50,100,0,0,0,0,0,0",90,mod4_1_0.25,"62,63,64,65,66,67","60,61",8,26.7534,27.5196,27.5196,1.0286393505124583,svd_timeout,15.1424,18.129900000000003,calibrated_from_ctx128_rate_ppl_and_timeout_ppl_logs,True,True,True,ok,ok
2occ_cfg1,2,"50,100,0,0,0,0,0,0",100,mod4_1_0.25,"62,63,64,65,66,67","60,61",8,26.7534,27.9169,27.9169,1.0434897994273624,svd_timeout,15.1424,17.1049,calibrated_from_ctx128_rate_ppl_and_timeout_ppl_logs,True,True,True,ok,ok
2occ_cfg2,2,"50,100,0,0,0,0,0,0",10,mod4_1_0.2,"62,63,64,65,66,67","60,61",8,28.0212,27.4161,28.0212,1.0,baseline_guard_no_svd,15.1424,15.1424,calibrated_from_ctx128_rate_ppl_and_timeout_ppl_logs,True,True,True,ok,ok
2occ_cfg2,2,"50,100,0,0,0,0,0,0",20,mod4_1_0.2,"62,63,64,65,66,67","60,61",8,28.0212,26.027,28.0212,1.0,baseline_guard_no_svd,15.1424,15.1424,calibrated_from_ctx128_rate_ppl_and_timeout_ppl_logs,True,True,True,ok,ok
2occ_cfg2,2,"50,100,0,0,0,0,0,0",30,mod4_1_0.2,"62,63,64,65,66,67","60,61",8,28.0212,4.05866,28.0212,1.0,baseline_guard_no_svd,15.1424,15.1424,calibrated_from_ctx128_rate_ppl_and_timeout_ppl_logs,True,True,True,ok,ok
2occ_cfg2,2,"50,100,0,0,0,0,0,0",40,mod4_1_0.2,"62,63,64,65,66,67","60,61",8,28.0212,27.9793,28.0212,1.0,baseline_guard_no_svd,15.1424,15.1424,calibrated_from_ctx128_rate_ppl_and_timeout_ppl_logs,True,True,True,ok,ok
2occ_cfg2,2,"50,100,0,0,0,0,0,0",50,mod4_1_0.2,"62,63,64,65,66,67","60,61",8,28.0212,26.3462,28.0212,1.0,baseline_guard_no_svd,15.1424,15.1424,calibrated_from_ctx128_rate_ppl_and_timeout_ppl_logs,True,True,True,ok,ok
2occ_cfg2,2,"50,100,0,0,0,0,0,0",60,mod4_1_0.2,"62,63,64,65,66,67","60,61",8,28.0212,27.373,28.0212,1.0,baseline_guard_no_svd,15.1424,15.1424,calibrated_from_ctx128_rate_ppl_and_timeout_ppl_logs,True,True,True,ok,ok
2occ_cfg2,2,"50,100,0,0,0,0,0,0",70,mod4_1_0.2,"62,63,64,65,66,67","60,61",8,28.0212,16.8489,28.0212,1.0,baseline_guard_no_svd,15.1424,15.1424,calibrated_from_ctx128_rate_ppl_and_timeout_ppl_logs,True,True,True,ok,ok
2occ_cfg2,2,"50,100,0,0,0,0,0,0",80,mod4_1_0.2,"62,63,64,65,66,67","60,61",8,28.0212,25.1608,28.0212,1.0,baseline_guard_no_svd,15.1424,15.1424,calibrated_from_ctx128_rate_ppl_and_timeout_ppl_logs,True,True,True,ok,ok
2occ_cfg2,2,"50,100,0,0,0,0,0,0",90,mod4_1_0.2,"62,63,64,65,66,67","60,61",8,28.0212,26.268,28.0212,1.0,baseline_guard_no_svd,15.1424,15.1424,calibrated_from_ctx128_rate_ppl_and_timeout_ppl_logs,True,True,True,ok,ok
2occ_cfg2,2,"50,100,0,0,0,0,0,0",100,mod4_1_0.2,"62,63,64,65,66,67","60,61",8,28.0212,26.1257,28.0212,1.0,baseline_guard_no_svd,15.1424,15.1424,calibrated_from_ctx128_rate_ppl_and_timeout_ppl_logs,True,True,True,ok,ok
2occ_cfg3,2,"50,100,0,0,0,0,0,0",10,mod3_1_0.2,"62,63,64,65,66,67","60,61",8,27.8607,27.1851,27.8607,1.0,baseline_guard_no_svd,15.1424,15.1424,calibrated_from_ctx128_rate_ppl_and_timeout_ppl_logs,True,True,True,ok,ok
2occ_cfg3,2,"50,100,0,0,0,0,0,0",20,mod3_1_0.2,"62,63,64,65,66,67","60,61",8,27.8607,26.6984,27.8607,1.0,baseline_guard_no_svd,15.1424,15.1424,calibrated_from_ctx128_rate_ppl_and_timeout_ppl_logs,True,True,True,ok,ok
2occ_cfg3,2,"50,100,0,0,0,0,0,0",30,mod3_1_0.2,"62,63,64,65,66,67","60,61",8,27.8607,27.8026,27.8607,1.0,baseline_guard_no_svd,15.1424,15.1424,calibrated_from_ctx128_rate_ppl_and_timeout_ppl_logs,True,True,True,ok,ok
2occ_cfg3,2,"50,100,0,0,0,0,0,0",40,mod3_1_0.2,"62,63,64,65,66,67","60,61",8,27.8607,26.2317,27.8607,1.0,baseline_guard_no_svd,15.1424,15.1424,calibrated_from_ctx128_rate_ppl_and_timeout_ppl_logs,True,True,True,ok,ok
2occ_cfg3,2,"50,100,0,0,0,0,0,0",50,mod3_1_0.2,"62,63,64,65,66,67","60,61",8,27.8607,29.2698,29.2698,1.0505766186779226,svd_timeout,15.1424,22.311542857142857,calibrated_from_ctx128_rate_ppl_and_timeout_ppl_logs,True,True,True,ok,ok
2occ_cfg3,2,"50,100,0,0,0,0,0,0",60,mod3_1_0.2,"62,63,64,65,66,67","60,61",8,27.8607,2.87987,27.8607,1.0,baseline_guard_no_svd,15.1424,15.1424,calibrated_from_ctx128_rate_ppl_and_timeout_ppl_logs,True,True,True,ok,ok
2occ_cfg3,2,"50,100,0,0,0,0,0,0",70,mod3_1_0.2,"62,63,64,65,66,67","60,61",8,27.8607,26.3088,27.8607,1.0,baseline_guard_no_svd,15.1424,15.1424,calibrated_from_ctx128_rate_ppl_and_timeout_ppl_logs,True,True,True,ok,ok
2occ_cfg3,2,"50,100,0,0,0,0,0,0",80,mod3_1_0.2,"62,63,64,65,66,67","60,61",8,27.8607,1.58341,27.8607,1.0,baseline_guard_no_svd,15.1424,15.1424,calibrated_from_ctx128_rate_ppl_and_timeout_ppl_logs,True,True,True,ok,ok
2occ_cfg3,2,"50,100,0,0,0,0,0,0",90,mod3_1_0.2,"62,63,64,65,66,67","60,61",8,27.8607,26.4578,27.8607,1.0,baseline_guard_no_svd,15.1424,15.1424,calibrated_from_ctx128_rate_ppl_and_timeout_ppl_logs,True,True,True,ok,ok
2occ_cfg3,2,"50,100,0,0,0,0,0,0",100,mod3_1_0.2,"62,63,64,65,66,67","60,61",8,27.8607,26.5193,27.8607,1.0,baseline_guard_no_svd,15.1424,15.1424,calibrated_from_ctx128_rate_ppl_and_timeout_ppl_logs,True,True,True,ok,ok
2occ_cfg4,2,"50,100,0,0,0,0,0,0",10,mod3_1_0.25,"62,63,64,65,66,67","60,61",8,26.4654,27.0893,27.0893,1.0235741760940702,svd_timeout,15.1424,29.52632857142857,calibrated_from_ctx128_rate_ppl_and_timeout_ppl_logs,True,True,True,ok,ok
2occ_cfg4,2,"50,100,0,0,0,0,0,0",20,mod3_1_0.25,"62,63,64,65,66,67","60,61",8,26.4654,26.8319,26.8319,1.0138482698164397,svd_timeout,15.1424,28.20847142857143,calibrated_from_ctx128_rate_ppl_and_timeout_ppl_logs,True,True,True,ok,ok
2occ_cfg4,2,"50,100,0,0,0,0,0,0",30,mod3_1_0.25,"62,63,64,65,66,67","60,61",8,26.4654,28.3661,28.3661,1.0718182986087497,svd_timeout,15.1424,26.89061428571429,calibrated_from_ctx128_rate_ppl_and_timeout_ppl_logs,True,True,True,ok,ok
2occ_cfg4,2,"50,100,0,0,0,0,0,0",40,mod3_1_0.25,"62,63,64,65,66,67","60,61",8,26.4654,27.714,27.714,1.047178580335079,svd_timeout,15.1424,25.572757142857142,calibrated_from_ctx128_rate_ppl_and_timeout_ppl_logs,True,True,True,ok,ok
2occ_cfg4,2,"50,100,0,0,0,0,0,0",50,mod3_1_0.25,"62,63,64,65,66,67","60,61",8,26.4654,28.1749,28.1749,1.0645937714903233,svd_timeout,15.1424,24.2549,calibrated_from_ctx128_rate_ppl_and_timeout_ppl_logs,True,True,True,ok,ok
2occ_cfg4,2,"50,100,0,0,0,0,0,0",60,mod3_1_0.25,"62,63,64,65,66,67","60,61",8,26.4654,1.0316,26.4654,1.0,baseline_guard_no_svd,15.1424,15.1424,calibrated_from_ctx128_rate_ppl_and_timeout_ppl_logs,True,True,True,ok,ok
2occ_cfg4,2,"50,100,0,0,0,0,0,0",70,mod3_1_0.25,"62,63,64,65,66,67","60,61",8,26.4654,27.1929,27.1929,1.0274887211226735,svd_timeout,15.1424,21.619185714285717,calibrated_from_ctx128_rate_ppl_and_timeout_ppl_logs,True,True,True,ok,ok
2occ_cfg4,2,"50,100,0,0,0,0,0,0",80,mod3_1_0.25,"62,63,64,65,66,67","60,61",8,26.4654,26.0734,26.4654,1.0,baseline_guard_no_svd,15.1424,15.1424,calibrated_from_ctx128_rate_ppl_and_timeout_ppl_logs,True,True,True,ok,ok
2occ_cfg4,2,"50,100,0,0,0,0,0,0",90,mod3_1_0.25,"62,63,64,65,66,67","60,61",8,26.4654,27.7493,27.7493,1.0485123973187636,svd_timeout,15.1424,18.98347142857143,calibrated_from_ctx128_rate_ppl_and_timeout_ppl_logs,True,True,True,ok,ok
2occ_cfg4,2,"50,100,0,0,0,0,0,0",100,mod3_1_0.25,"62,63,64,65,66,67","60,61",8,26.4654,27.6515,27.6515,1.0448170063554678,svd_timeout,15.1424,17.665614285714287,calibrated_from_ctx128_rate_ppl_and_timeout_ppl_logs,True,True,True,ok,ok
2occ_cfg5,2,"50,100,0,0,0,0,0,0",10,odd_0.25,"62,63,64,65,66,67","60,61",8,27.7406,17.1613,27.7406,1.0,baseline_guard_no_svd,15.1424,15.1424,calibrated_from_ctx128_rate_ppl_and_timeout_ppl_logs,True,True,True,ok,ok
2occ_cfg5,2,"50,100,0,0,0,0,0,0",20,odd_0.25,"62,63,64,65,66,67","60,61",8,27.7406,25.4228,27.7406,1.0,baseline_guard_no_svd,15.1424,15.1424,calibrated_from_ctx128_rate_ppl_and_timeout_ppl_logs,True,True,True,ok,ok
2occ_cfg5,2,"50,100,0,0,0,0,0,0",30,odd_0.25,"62,63,64,65,66,67","60,61",8,27.7406,25.743,27.7406,1.0,baseline_guard_no_svd,15.1424,15.1424,calibrated_from_ctx128_rate_ppl_and_timeout_ppl_logs,True,True,True,ok,ok
2occ_cfg5,2,"50,100,0,0,0,0,0,0",40,odd_0.25,"62,63,64,65,66,67","60,61",8,27.7406,3.42281,27.7406,1.0,baseline_guard_no_svd,15.1424,15.1424,calibrated_from_ctx128_rate_ppl_and_timeout_ppl_logs,True,True,True,ok,ok
2occ_cfg5,2,"50,100,0,0,0,0,0,0",50,odd_0.25,"62,63,64,65,66,67","60,61",8,27.7406,26.0229,27.7406,1.0,baseline_guard_no_svd,15.1424,15.1424,calibrated_from_ctx128_rate_ppl_and_timeout_ppl_logs,True,True,True,ok,ok
2occ_cfg5,2,"50,100,0,0,0,0,0,0",60,odd_0.25,"62,63,64,65,66,67","60,61",8,27.7406,26.8931,27.7406,1.0,baseline_guard_no_svd,15.1424,15.1424,calibrated_from_ctx128_rate_ppl_and_timeout_ppl_logs,True,True,True,ok,ok
2occ_cfg5,2,"50,100,0,0,0,0,0,0",70,odd_0.25,"62,63,64,65,66,67","60,61",8,27.7406,27.4004,27.7406,1.0,baseline_guard_no_svd,15.1424,15.1424,calibrated_from_ctx128_rate_ppl_and_timeout_ppl_logs,True,True,True,ok,ok
2occ_cfg5,2,"50,100,0,0,0,0,0,0",80,odd_0.25,"62,63,64,65,66,67","60,61",8,27.7406,29.1269,29.1269,1.0499736847797092,svd_timeout,15.1424,23.1674,calibrated_from_ctx128_rate_ppl_and_timeout_ppl_logs,True,True,True,ok,ok
2occ_cfg5,2,"50,100,0,0,0,0,0,0",90,odd_0.25,"62,63,64,65,66,67","60,61",8,27.7406,26.977,27.7406,1.0,baseline_guard_no_svd,15.1424,15.1424,calibrated_from_ctx128_rate_ppl_and_timeout_ppl_logs,True,True,True,ok,ok
2occ_cfg5,2,"50,100,0,0,0,0,0,0",100,odd_0.25,"62,63,64,65,66,67","60,61",8,27.7406,27.7434,27.7434,1.0001009350915264,svd_timeout,15.1424,19.067400000000003,calibrated_from_ctx128_rate_ppl_and_timeout_ppl_logs,True,True,True,ok,ok
2occ_cfg6,2,"50,100,0,0,0,0,0,0",10,mod3_1_0.1,"62,63,64,65,66,67","60,61",8,1.93282,28.0187,28.0187,14.496280046771039,svd_timeout,15.1424,20.683828571428574,calibrated_from_ctx128_rate_ppl_and_timeout_ppl_logs,True,True,True,ok,ok
2occ_cfg6,2,"50,100,0,0,0,0,0,0",20,mod3_1_0.1,"62,63,64,65,66,67","60,61",8,1.93282,3.77005,3.77005,1.9505437650686561,svd_timeout,15.1424,20.1644,calibrated_from_ctx128_rate_ppl_and_timeout_ppl_logs,True,True,True,ok,ok
2occ_cfg6,2,"50,100,0,0,0,0,0,0",30,mod3_1_0.1,"62,63,64,65,66,67","60,61",8,1.93282,26.184,26.184,13.547045249945675,svd_timeout,15.1424,19.64497142857143,calibrated_from_ctx128_rate_ppl_and_timeout_ppl_logs,True,True,True,ok,ok
2occ_cfg6,2,"50,100,0,0,0,0,0,0",40,mod3_1_0.1,"62,63,64,65,66,67","60,61",8,1.93282,25.2948,25.2948,13.086992063409939,svd_timeout,15.1424,19.125542857142857,calibrated_from_ctx128_rate_ppl_and_timeout_ppl_logs,True,True,True,ok,ok
2occ_cfg6,2,"50,100,0,0,0,0,0,0",50,mod3_1_0.1,"62,63,64,65,66,67","60,61",8,1.93282,27.2898,27.2898,14.119162674227296,svd_timeout,15.1424,18.606114285714288,calibrated_from_ctx128_rate_ppl_and_timeout_ppl_logs,True,True,True,ok,ok
2occ_cfg6,2,"50,100,0,0,0,0,0,0",60,mod3_1_0.1,"62,63,64,65,66,67","60,61",8,1.93282,26.1317,26.1317,13.519986341200939,svd_timeout,15.1424,18.086685714285714,calibrated_from_ctx128_rate_ppl_and_timeout_ppl_logs,True,True,True,ok,ok
2occ_cfg6,2,"50,100,0,0,0,0,0,0",70,mod3_1_0.1,"62,63,64,65,66,67","60,61",8,1.93282,27.6317,27.6317,14.29605446963504,svd_timeout,15.1424,17.567257142857144,calibrated_from_ctx128_rate_ppl_and_timeout_ppl_logs,True,True,True,ok,ok
2occ_cfg6,2,"50,100,0,0,0,0,0,0",80,mod3_1_0.1,"62,63,64,65,66,67","60,61",8,1.93282,27.5429,27.5429,14.250111236431742,svd_timeout,15.1424,17.04782857142857,calibrated_from_ctx128_rate_ppl_and_timeout_ppl_logs,True,True,True,ok,ok
2occ_cfg6,2,"50,100,0,0,0,0,0,0",90,mod3_1_0.1,"62,63,64,65,66,67","60,61",8,1.93282,27.9812,27.9812,14.476878343560188,svd_timeout,15.1424,16.5284,calibrated_from_ctx128_rate_ppl_and_timeout_ppl_logs,True,True,True,ok,ok
2occ_cfg6,2,"50,100,0,0,0,0,0,0",100,mod3_1_0.1,"62,63,64,65,66,67","60,61",8,1.93282,27.5253,27.5253,14.24100537039145,svd_timeout,15.1424,16.008971428571428,calibrated_from_ctx128_rate_ppl_and_timeout_ppl_logs,True,True,True,ok,ok
4occ_cfg1,4,"30,70,80,100,0,0,0,0",10,odd_0.05,"64,65,66,67,60,61","62,63",8,26.6422,2.04841,26.6422,1.0,baseline_guard_no_svd,15.1424,15.1424,calibrated_from_ctx128_rate_ppl_and_timeout_ppl_logs,True,True,True,ok,ok
4occ_cfg1,4,"30,70,80,100,0,0,0,0",20,odd_0.05,"64,65,66,67,60,61","62,63",8,26.6422,24.38,26.6422,1.0,baseline_guard_no_svd,15.1424,15.1424,calibrated_from_ctx128_rate_ppl_and_timeout_ppl_logs,True,True,True,ok,ok
4occ_cfg1,4,"30,70,80,100,0,0,0,0",30,odd_0.05,"64,65,66,67,60,61","62,63",8,26.6422,28.5023,28.5023,1.0698178078386922,svd_timeout,15.1424,18.5934,calibrated_from_ctx128_rate_ppl_and_timeout_ppl_logs,True,True,True,ok,ok
4occ_cfg1,4,"30,70,80,100,0,0,0,0",40,odd_0.05,"64,65,66,67,60,61","62,63",8,26.6422,0.218962,26.6422,1.0,baseline_guard_no_svd,15.1424,15.1424,calibrated_from_ctx128_rate_ppl_and_timeout_ppl_logs,True,True,True,ok,ok
4occ_cfg1,4,"30,70,80,100,0,0,0,0",50,odd_0.05,"64,65,66,67,60,61","62,63",8,26.6422,1.6349,26.6422,1.0,baseline_guard_no_svd,15.1424,15.1424,calibrated_from_ctx128_rate_ppl_and_timeout_ppl_logs,True,True,True,ok,ok
4occ_cfg1,4,"30,70,80,100,0,0,0,0",60,odd_0.05,"64,65,66,67,60,61","62,63",8,26.6422,1.34459,26.6422,1.0,baseline_guard_no_svd,15.1424,15.1424,calibrated_from_ctx128_rate_ppl_and_timeout_ppl_logs,True,True,True,ok,ok
4occ_cfg1,4,"30,70,80,100,0,0,0,0",70,odd_0.05,"64,65,66,67,60,61","62,63",8,26.6422,26.1672,26.6422,1.0,baseline_guard_no_svd,15.1424,15.1424,calibrated_from_ctx128_rate_ppl_and_timeout_ppl_logs,True,True,True,ok,ok
4occ_cfg1,4,"30,70,80,100,0,0,0,0",80,odd_0.05,"64,65,66,67,60,61","62,63",8,26.6422,0.452657,26.6422,1.0,baseline_guard_no_svd,15.1424,15.1424,calibrated_from_ctx128_rate_ppl_and_timeout_ppl_logs,True,True,True,ok,ok
4occ_cfg1,4,"30,70,80,100,0,0,0,0",90,odd_0.05,"64,65,66,67,60,61","62,63",8,26.6422,28.6369,28.6369,1.0748699431728612,svd_timeout,15.1424,16.1814,calibrated_from_ctx128_rate_ppl_and_timeout_ppl_logs,True,True,True,ok,ok
4occ_cfg1,4,"30,70,80,100,0,0,0,0",100,odd_0.05,"64,65,66,67,60,61","62,63",8,26.6422,1.55427,26.6422,1.0,baseline_guard_no_svd,15.1424,15.1424,calibrated_from_ctx128_rate_ppl_and_timeout_ppl_logs,True,True,True,ok,ok
4occ_cfg2,4,"30,70,80,100,0,0,0,0",10,mod4_1_0.1,"64,65,66,67,60,61","62,63",8,26.492,25.5711,26.492,1.0,baseline_guard_no_svd,15.1424,15.1424,calibrated_from_ctx128_rate_ppl_and_timeout_ppl_logs,True,True,True,ok,ok
4occ_cfg2,4,"30,70,80,100,0,0,0,0",20,mod4_1_0.1,"64,65,66,67,60,61","62,63",8,26.492,3.41632,26.492,1.0,baseline_guard_no_svd,15.1424,15.1424,calibrated_from_ctx128_rate_ppl_and_timeout_ppl_logs,True,True,True,ok,ok
4occ_cfg2,4,"30,70,80,100,0,0,0,0",30,mod4_1_0.1,"64,65,66,67,60,61","62,63",8,26.492,26.3244,26.492,1.0,baseline_guard_no_svd,15.1424,15.1424,calibrated_from_ctx128_rate_ppl_and_timeout_ppl_logs,True,True,True,ok,ok
4occ_cfg2,4,"30,70,80,100,0,0,0,0",40,mod4_1_0.1,"64,65,66,67,60,61","62,63",8,26.492,26.4693,26.492,1.0,baseline_guard_no_svd,15.1424,15.1424,calibrated_from_ctx128_rate_ppl_and_timeout_ppl_logs,True,True,True,ok,ok
4occ_cfg2,4,"30,70,80,100,0,0,0,0",50,mod4_1_0.1,"64,65,66,67,60,61","62,63",8,26.492,26.3068,26.492,1.0,baseline_guard_no_svd,15.1424,15.1424,calibrated_from_ctx128_rate_ppl_and_timeout_ppl_logs,True,True,True,ok,ok
4occ_cfg2,4,"30,70,80,100,0,0,0,0",60,mod4_1_0.1,"64,65,66,67,60,61","62,63",8,26.492,5.48519,26.492,1.0,baseline_guard_no_svd,15.1424,15.1424,calibrated_from_ctx128_rate_ppl_and_timeout_ppl_logs,True,True,True,ok,ok
4occ_cfg2,4,"30,70,80,100,0,0,0,0",70,mod4_1_0.1,"64,65,66,67,60,61","62,63",8,26.492,25.749,26.492,1.0,baseline_guard_no_svd,15.1424,15.1424,calibrated_from_ctx128_rate_ppl_and_timeout_ppl_logs,True,True,True,ok,ok
4occ_cfg2,4,"30,70,80,100,0,0,0,0",80,mod4_1_0.1,"64,65,66,67,60,61","62,63",8,26.492,1.45706,26.492,1.0,baseline_guard_no_svd,15.1424,15.1424,calibrated_from_ctx128_rate_ppl_and_timeout_ppl_logs,True,True,True,ok,ok
4occ_cfg2,4,"30,70,80,100,0,0,0,0",90,mod4_1_0.1,"64,65,66,67,60,61","62,63",8,26.492,25.9139,26.492,1.0,baseline_guard_no_svd,15.1424,15.1424,calibrated_from_ctx128_rate_ppl_and_timeout_ppl_logs,True,True,True,ok,ok
4occ_cfg2,4,"30,70,80,100,0,0,0,0",100,mod4_1_0.1,"64,65,66,67,60,61","62,63",8,26.492,0.716723,26.492,1.0,baseline_guard_no_svd,15.1424,15.1424,calibrated_from_ctx128_rate_ppl_and_timeout_ppl_logs,True,True,True,ok,ok
4occ_cfg3,4,"30,70,80,100,0,0,0,0",10,mod3_1_0.1,"64,65,66,67,60,61","62,63",8,2.93704,0.469129,2.93704,1.0,baseline_guard_no_svd,15.1424,15.1424,calibrated_from_ctx128_rate_ppl_and_timeout_ppl_logs,True,True,True,ok,ok
4occ_cfg3,4,"30,70,80,100,0,0,0,0",20,mod3_1_0.1,"64,65,66,67,60,61","62,63",8,2.93704,26.3684,26.3684,8.977882493939477,svd_timeout,15.1424,20.1644,calibrated_from_ctx128_rate_ppl_and_timeout_ppl_logs,True,True,True,ok,ok
4occ_cfg3,4,"30,70,80,100,0,0,0,0",30,mod3_1_0.1,"64,65,66,67,60,61","62,63",8,2.93704,26.9869,26.9869,9.188468662326695,svd_timeout,15.1424,19.64497142857143,calibrated_from_ctx128_rate_ppl_and_timeout_ppl_logs,True,True,True,ok,ok
4occ_cfg3,4,"30,70,80,100,0,0,0,0",40,mod3_1_0.1,"64,65,66,67,60,61","62,63",8,2.93704,26.4427,26.4427,9.003180072453898,svd_timeout,15.1424,19.125542857142857,calibrated_from_ctx128_rate_ppl_and_timeout_ppl_logs,True,True,True,ok,ok
4occ_cfg3,4,"30,70,80,100,0,0,0,0",50,mod3_1_0.1,"64,65,66,67,60,61","62,63",8,2.93704,26.8605,26.8605,9.145432135755726,svd_timeout,15.1424,18.606114285714288,calibrated_from_ctx128_rate_ppl_and_timeout_ppl_logs,True,True,True,ok,ok
4occ_cfg3,4,"30,70,80,100,0,0,0,0",60,mod3_1_0.1,"64,65,66,67,60,61","62,63",8,2.93704,0.679018,2.93704,1.0,baseline_guard_no_svd,15.1424,15.1424,calibrated_from_ctx128_rate_ppl_and_timeout_ppl_logs,True,True,True,ok,ok
4occ_cfg3,4,"30,70,80,100,0,0,0,0",70,mod3_1_0.1,"64,65,66,67,60,61","62,63",8,2.93704,25.3196,25.3196,8.620788276632256,svd_timeout,15.1424,17.567257142857144,calibrated_from_ctx128_rate_ppl_and_timeout_ppl_logs,True,True,True,ok,ok
4occ_cfg3,4,"30,70,80,100,0,0,0,0",80,mod3_1_0.1,"64,65,66,67,60,61","62,63",8,2.93704,25.3213,25.3213,8.621367090676328,svd_timeout,15.1424,17.04782857142857,calibrated_from_ctx128_rate_ppl_and_timeout_ppl_logs,True,True,True,ok,ok
4occ_cfg3,4,"30,70,80,100,0,0,0,0",90,mod3_1_0.1,"64,65,66,67,60,61","62,63",8,2.93704,26.4183,26.4183,8.994872388527224,svd_timeout,15.1424,16.5284,calibrated_from_ctx128_rate_ppl_and_timeout_ppl_logs,True,True,True,ok,ok
4occ_cfg3,4,"30,70,80,100,0,0,0,0",100,mod3_1_0.1,"64,65,66,67,60,61","62,63",8,2.93704,1.92229,2.93704,1.0,baseline_guard_no_svd,15.1424,15.1424,calibrated_from_ctx128_rate_ppl_and_timeout_ppl_logs,True,True,True,ok,ok
4occ_cfg4,4,"30,70,80,100,0,0,0,0",10,mod4_1_0.15,"64,65,66,67,60,61","62,63",8,26.1097,26.457,26.457,1.0133015699146295,svd_timeout,15.1424,21.6899,calibrated_from_ctx128_rate_ppl_and_timeout_ppl_logs,True,True,True,ok,ok
4occ_cfg4,4,"30,70,80,100,0,0,0,0",20,mod4_1_0.15,"64,65,66,67,60,61","62,63",8,26.1097,24.7893,26.1097,1.0,baseline_guard_no_svd,15.1424,15.1424,calibrated_from_ctx128_rate_ppl_and_timeout_ppl_logs,True,True,True,ok,ok
4occ_cfg4,4,"30,70,80,100,0,0,0,0",30,mod4_1_0.15,"64,65,66,67,60,61","62,63",8,26.1097,1.34451,26.1097,1.0,baseline_guard_no_svd,15.1424,15.1424,calibrated_from_ctx128_rate_ppl_and_timeout_ppl_logs,True,True,True,ok,ok
4occ_cfg4,4,"30,70,80,100,0,0,0,0",40,mod4_1_0.15,"64,65,66,67,60,61","62,63",8,26.1097,24.9746,26.1097,1.0,baseline_guard_no_svd,15.1424,15.1424,calibrated_from_ctx128_rate_ppl_and_timeout_ppl_logs,True,True,True,ok,ok
4occ_cfg4,4,"30,70,80,100,0,0,0,0",50,mod4_1_0.15,"64,65,66,67,60,61","62,63",8,26.1097,19.159,26.1097,1.0,baseline_guard_no_svd,15.1424,15.1424,calibrated_from_ctx128_rate_ppl_and_timeout_ppl_logs,True,True,True,ok,ok
4occ_cfg4,4,"30,70,80,100,0,0,0,0",60,mod4_1_0.15,"64,65,66,67,60,61","62,63",8,26.1097,30.0778,30.0778,1.1519780005132192,svd_timeout,15.1424,18.6449,calibrated_from_ctx128_rate_ppl_and_timeout_ppl_logs,True,True,True,ok,ok
4occ_cfg4,4,"30,70,80,100,0,0,0,0",70,mod4_1_0.15,"64,65,66,67,60,61","62,63",8,26.1097,29.4088,29.4088,1.1263553392034378,svd_timeout,15.1424,18.035899999999998,calibrated_from_ctx128_rate_ppl_and_timeout_ppl_logs,True,True,True,ok,ok
4occ_cfg4,4,"30,70,80,100,0,0,0,0",80,mod4_1_0.15,"64,65,66,67,60,61","62,63",8,26.1097,28.523,28.523,1.0924292504318318,svd_timeout,15.1424,17.4269,calibrated_from_ctx128_rate_ppl_and_timeout_ppl_logs,True,True,True,ok,ok
4occ_cfg4,4,"30,70,80,100,0,0,0,0",90,mod4_1_0.15,"64,65,66,67,60,61","62,63",8,26.1097,3.71916,26.1097,1.0,baseline_guard_no_svd,15.1424,15.1424,calibrated_from_ctx128_rate_ppl_and_timeout_ppl_logs,True,True,True,ok,ok
4occ_cfg4,4,"30,70,80,100,0,0,0,0",100,mod4_1_0.15,"64,65,66,67,60,61","62,63",8,26.1097,28.3162,28.3162,1.0845088223916781,svd_timeout,15.1424,16.2089,calibrated_from_ctx128_rate_ppl_and_timeout_ppl_logs,True,True,True,ok,ok
4occ_cfg5,4,"30,70,80,100,0,0,0,0",10,mod3_1_0.15,"64,65,66,67,60,61","62,63",8,0.640141,30.2093,30.2093,47.191634343058794,svd_timeout,15.1424,23.560614285714287,calibrated_from_ctx128_rate_ppl_and_timeout_ppl_logs,True,True,True,ok,ok
4occ_cfg5,4,"30,70,80,100,0,0,0,0",20,mod3_1_0.15,"64,65,66,67,60,61","62,63",8,0.640141,30.52,30.52,47.67699616178311,svd_timeout,15.1424,22.777614285714286,calibrated_from_ctx128_rate_ppl_and_timeout_ppl_logs,True,True,True,ok,ok
4occ_cfg5,4,"30,70,80,100,0,0,0,0",30,mod3_1_0.15,"64,65,66,67,60,61","62,63",8,0.640141,27.3806,27.3806,42.772764125403626,svd_timeout,15.1424,21.994614285714285,calibrated_from_ctx128_rate_ppl_and_timeout_ppl_logs,True,True,True,ok,ok
4occ_cfg5,4,"30,70,80,100,0,0,0,0",40,mod3_1_0.15,"64,65,66,67,60,61","62,63",8,0.640141,1.02936,1.02936,1.608020732932276,svd_timeout,15.1424,21.211614285714283,calibrated_from_ctx128_rate_ppl_and_timeout_ppl_logs,True,True,True,ok,ok
4occ_cfg5,4,"30,70,80,100,0,0,0,0",50,mod3_1_0.15,"64,65,66,67,60,61","62,63",8,0.640141,28.0089,28.0089,43.75426663813129,svd_timeout,15.1424,20.428614285714286,calibrated_from_ctx128_rate_ppl_and_timeout_ppl_logs,True,True,True,ok,ok
4occ_cfg5,4,"30,70,80,100,0,0,0,0",60,mod3_1_0.15,"64,65,66,67,60,61","62,63",8,0.640141,0.820672,0.820672,1.2820175555073023,svd_timeout,15.1424,19.645614285714284,calibrated_from_ctx128_rate_ppl_and_timeout_ppl_logs,True,True,True,ok,ok
4occ_cfg5,4,"30,70,80,100,0,0,0,0",70,mod3_1_0.15,"64,65,66,67,60,61","62,63",8,0.640141,13.1524,13.1524,20.54609843768795,svd_timeout,15.1424,18.862614285714287,calibrated_from_ctx128_rate_ppl_and_timeout_ppl_logs,True,True,True,ok,ok
4occ_cfg5,4,"30,70,80,100,0,0,0,0",80,mod3_1_0.15,"64,65,66,67,60,61","62,63",8,0.640141,30.8904,30.8904,48.25561868400868,svd_timeout,15.1424,18.079614285714285,calibrated_from_ctx128_rate_ppl_and_timeout_ppl_logs,True,True,True,ok,ok
4occ_cfg5,4,"30,70,80,100,0,0,0,0",90,mod3_1_0.15,"64,65,66,67,60,61","62,63",8,0.640141,2.10897,2.10897,3.2945397967010392,svd_timeout,15.1424,17.296614285714284,calibrated_from_ctx128_rate_ppl_and_timeout_ppl_logs,True,True,True,ok,ok
4occ_cfg5,4,"30,70,80,100,0,0,0,0",100,mod3_1_0.15,"64,65,66,67,60,61","62,63",8,0.640141,27.3012,27.3012,42.64872895190279,svd_timeout,15.1424,16.513614285714286,calibrated_from_ctx128_rate_ppl_and_timeout_ppl_logs,True,True,True,ok,ok
4occ_cfg6,4,"30,70,80,100,0,0,0,0",10,mod4_1_0.25,"64,65,66,67,60,61","62,63",8,30.0483,1.88992,30.0483,1.0,baseline_guard_no_svd,15.1424,15.1424,calibrated_from_ctx128_rate_ppl_and_timeout_ppl_logs,True,True,True,ok,ok
4occ_cfg6,4,"30,70,80,100,0,0,0,0",20,mod4_1_0.25,"64,65,66,67,60,61","62,63",8,30.0483,2.55322,30.0483,1.0,baseline_guard_no_svd,15.1424,15.1424,calibrated_from_ctx128_rate_ppl_and_timeout_ppl_logs,True,True,True,ok,ok
4occ_cfg6,4,"30,70,80,100,0,0,0,0",30,mod4_1_0.25,"64,65,66,67,60,61","62,63",8,30.0483,30.9764,30.9764,1.0308869386953672,svd_timeout,15.1424,24.279900000000005,calibrated_from_ctx128_rate_ppl_and_timeout_ppl_logs,True,True,True,ok,ok
4occ_cfg6,4,"30,70,80,100,0,0,0,0",40,mod4_1_0.25,"64,65,66,67,60,61","62,63",8,30.0483,29.3196,30.0483,1.0,baseline_guard_no_svd,15.1424,15.1424,calibrated_from_ctx128_rate_ppl_and_timeout_ppl_logs,True,True,True,ok,ok
4occ_cfg6,4,"30,70,80,100,0,0,0,0",50,mod4_1_0.25,"64,65,66,67,60,61","62,63",8,30.0483,26.2545,30.0483,1.0,baseline_guard_no_svd,15.1424,15.1424,calibrated_from_ctx128_rate_ppl_and_timeout_ppl_logs,True,True,True,ok,ok
4occ_cfg6,4,"30,70,80,100,0,0,0,0",60,mod4_1_0.25,"64,65,66,67,60,61","62,63",8,30.0483,2.35206,30.0483,1.0,baseline_guard_no_svd,15.1424,15.1424,calibrated_from_ctx128_rate_ppl_and_timeout_ppl_logs,True,True,True,ok,ok
4occ_cfg6,4,"30,70,80,100,0,0,0,0",70,mod4_1_0.25,"64,65,66,67,60,61","62,63",8,30.0483,3.94021,30.0483,1.0,baseline_guard_no_svd,15.1424,15.1424,calibrated_from_ctx128_rate_ppl_and_timeout_ppl_logs,True,True,True,ok,ok
4occ_cfg6,4,"30,70,80,100,0,0,0,0",80,mod4_1_0.25,"64,65,66,67,60,61","62,63",8,30.0483,27.9467,30.0483,1.0,baseline_guard_no_svd,15.1424,15.1424,calibrated_from_ctx128_rate_ppl_and_timeout_ppl_logs,True,True,True,ok,ok
4occ_cfg6,4,"30,70,80,100,0,0,0,0",90,mod4_1_0.25,"64,65,66,67,60,61","62,63",8,30.0483,27.9146,30.0483,1.0,baseline_guard_no_svd,15.1424,15.1424,calibrated_from_ctx128_rate_ppl_and_timeout_ppl_logs,True,True,True,ok,ok
4occ_cfg6,4,"30,70,80,100,0,0,0,0",100,mod4_1_0.25,"64,65,66,67,60,61","62,63",8,30.0483,3.86674,30.0483,1.0,baseline_guard_no_svd,15.1424,15.1424,calibrated_from_ctx128_rate_ppl_and_timeout_ppl_logs,True,True,True,ok,ok
6occ_cfg1,6,"30,40,60,70,90,100,0,0",10,mod4_1_0.05,"66,67,60,61,62,63","64,65",8,30.0089,27.9353,30.0089,1.0,baseline_guard_no_svd,15.1424,15.1424,calibrated_from_ctx128_rate_ppl_and_timeout_ppl_logs,True,True,True,ok,ok
6occ_cfg1,6,"30,40,60,70,90,100,0,0",20,mod4_1_0.05,"66,67,60,61,62,63","64,65",8,30.0089,0.274526,30.0089,1.0,baseline_guard_no_svd,15.1424,15.1424,calibrated_from_ctx128_rate_ppl_and_timeout_ppl_logs,True,True,True,ok,ok
6occ_cfg1,6,"30,40,60,70,90,100,0,0",30,mod4_1_0.05,"66,67,60,61,62,63","64,65",8,30.0089,30.4812,30.4812,1.0157386641962884,svd_timeout,15.1424,16.8679,calibrated_from_ctx128_rate_ppl_and_timeout_ppl_logs,True,True,True,ok,ok
6occ_cfg1,6,"30,40,60,70,90,100,0,0",40,mod4_1_0.05,"66,67,60,61,62,63","64,65",8,30.0089,0.972714,30.0089,1.0,baseline_guard_no_svd,15.1424,15.1424,calibrated_from_ctx128_rate_ppl_and_timeout_ppl_logs,True,True,True,ok,ok
6occ_cfg1,6,"30,40,60,70,90,100,0,0",50,mod4_1_0.05,"66,67,60,61,62,63","64,65",8,30.0089,26.2848,30.0089,1.0,baseline_guard_no_svd,15.1424,15.1424,calibrated_from_ctx128_rate_ppl_and_timeout_ppl_logs,True,True,True,ok,ok
6occ_cfg1,6,"30,40,60,70,90,100,0,0",60,mod4_1_0.05,"66,67,60,61,62,63","64,65",8,30.0089,28.4676,30.0089,1.0,baseline_guard_no_svd,15.1424,15.1424,calibrated_from_ctx128_rate_ppl_and_timeout_ppl_logs,True,True,True,ok,ok
6occ_cfg1,6,"30,40,60,70,90,100,0,0",70,mod4_1_0.05,"66,67,60,61,62,63","64,65",8,30.0089,24.592,30.0089,1.0,baseline_guard_no_svd,15.1424,15.1424,calibrated_from_ctx128_rate_ppl_and_timeout_ppl_logs,True,True,True,ok,ok
6occ_cfg1,6,"30,40,60,70,90,100,0,0",80,mod4_1_0.05,"66,67,60,61,62,63","64,65",8,30.0089,24.404,30.0089,1.0,baseline_guard_no_svd,15.1424,15.1424,calibrated_from_ctx128_rate_ppl_and_timeout_ppl_logs,True,True,True,ok,ok
6occ_cfg1,6,"30,40,60,70,90,100,0,0",90,mod4_1_0.05,"66,67,60,61,62,63","64,65",8,30.0089,2.15186,30.0089,1.0,baseline_guard_no_svd,15.1424,15.1424,calibrated_from_ctx128_rate_ppl_and_timeout_ppl_logs,True,True,True,ok,ok
6occ_cfg1,6,"30,40,60,70,90,100,0,0",100,mod4_1_0.05,"66,67,60,61,62,63","64,65",8,30.0089,28.2278,30.0089,1.0,baseline_guard_no_svd,15.1424,15.1424,calibrated_from_ctx128_rate_ppl_and_timeout_ppl_logs,True,True,True,ok,ok
6occ_cfg2,6,"30,40,60,70,90,100,0,0",10,mod3_1_0.05,"66,67,60,61,62,63","64,65",8,27.8934,0.901213,27.8934,1.0,baseline_guard_no_svd,15.1424,15.1424,calibrated_from_ctx128_rate_ppl_and_timeout_ppl_logs,True,True,True,ok,ok
6occ_cfg2,6,"30,40,60,70,90,100,0,0",20,mod3_1_0.05,"66,67,60,61,62,63","64,65",8,27.8934,28.915,28.915,1.0366251514695233,svd_timeout,15.1424,17.61932857142857,calibrated_from_ctx128_rate_ppl_and_timeout_ppl_logs,True,True,True,ok,ok
6occ_cfg2,6,"30,40,60,70,90,100,0,0",30,mod3_1_0.05,"66,67,60,61,62,63","64,65",8,27.8934,24.9389,27.8934,1.0,baseline_guard_no_svd,15.1424,15.1424,calibrated_from_ctx128_rate_ppl_and_timeout_ppl_logs,True,True,True,ok,ok
6occ_cfg2,6,"30,40,60,70,90,100,0,0",40,mod3_1_0.05,"66,67,60,61,62,63","64,65",8,27.8934,24.9308,27.8934,1.0,baseline_guard_no_svd,15.1424,15.1424,calibrated_from_ctx128_rate_ppl_and_timeout_ppl_logs,True,True,True,ok,ok
6occ_cfg2,6,"30,40,60,70,90,100,0,0",50,mod3_1_0.05,"66,67,60,61,62,63","64,65",8,27.8934,12.9107,27.8934,1.0,baseline_guard_no_svd,15.1424,15.1424,calibrated_from_ctx128_rate_ppl_and_timeout_ppl_logs,True,True,True,ok,ok
6occ_cfg2,6,"30,40,60,70,90,100,0,0",60,mod3_1_0.05,"66,67,60,61,62,63","64,65",8,27.8934,26.0932,27.8934,1.0,baseline_guard_no_svd,15.1424,15.1424,calibrated_from_ctx128_rate_ppl_and_timeout_ppl_logs,True,True,True,ok,ok
6occ_cfg2,6,"30,40,60,70,90,100,0,0",70,mod3_1_0.05,"66,67,60,61,62,63","64,65",8,27.8934,25.4257,27.8934,1.0,baseline_guard_no_svd,15.1424,15.1424,calibrated_from_ctx128_rate_ppl_and_timeout_ppl_logs,True,True,True,ok,ok
6occ_cfg2,6,"30,40,60,70,90,100,0,0",80,mod3_1_0.05,"66,67,60,61,62,63","64,65",8,27.8934,1.31305,27.8934,1.0,baseline_guard_no_svd,15.1424,15.1424,calibrated_from_ctx128_rate_ppl_and_timeout_ppl_logs,True,True,True,ok,ok
6occ_cfg2,6,"30,40,60,70,90,100,0,0",90,mod3_1_0.05,"66,67,60,61,62,63","64,65",8,27.8934,26.1627,27.8934,1.0,baseline_guard_no_svd,15.1424,15.1424,calibrated_from_ctx128_rate_ppl_and_timeout_ppl_logs,True,True,True,ok,ok
6occ_cfg2,6,"30,40,60,70,90,100,0,0",100,mod3_1_0.05,"66,67,60,61,62,63","64,65",8,27.8934,1.38031,27.8934,1.0,baseline_guard_no_svd,15.1424,15.1424,calibrated_from_ctx128_rate_ppl_and_timeout_ppl_logs,True,True,True,ok,ok
6occ_cfg3,6,"55,65,85,95,100,100,0,0",10,mod4_1_0.1,"66,67,60,61,62,63","64,65",8,1.6469,25.9191,25.9191,15.738114032424555,svd_timeout,15.1424,19.4524,calibrated_from_ctx128_rate_ppl_and_timeout_ppl_logs,True,True,True,ok,ok
6occ_cfg3,6,"55,65,85,95,100,100,0,0",20,mod4_1_0.1,"66,67,60,61,62,63","64,65",8,1.6469,27.3097,27.3097,16.58248831137288,svd_timeout,15.1424,19.0484,calibrated_from_ctx128_rate_ppl_and_timeout_ppl_logs,True,True,True,ok,ok
6occ_cfg3,6,"55,65,85,95,100,100,0,0",30,mod4_1_0.1,"66,67,60,61,62,63","64,65",8,1.6469,26.7604,26.7604,16.24895257756998,svd_timeout,15.1424,18.6444,calibrated_from_ctx128_rate_ppl_and_timeout_ppl_logs,True,True,True,ok,ok
6occ_cfg3,6,"55,65,85,95,100,100,0,0",40,mod4_1_0.1,"66,67,60,61,62,63","64,65",8,1.6469,27.0924,27.0924,16.450543445260795,svd_timeout,15.1424,18.2404,calibrated_from_ctx128_rate_ppl_and_timeout_ppl_logs,True,True,True,ok,ok
6occ_cfg3,6,"55,65,85,95,100,100,0,0",50,mod4_1_0.1,"66,67,60,61,62,63","64,65",8,1.6469,26.9256,26.9256,16.34926225028842,svd_timeout,15.1424,17.8364,calibrated_from_ctx128_rate_ppl_and_timeout_ppl_logs,True,True,True,ok,ok
6occ_cfg3,6,"55,65,85,95,100,100,0,0",60,mod4_1_0.1,"66,67,60,61,62,63","64,65",8,1.6469,13.1013,13.1013,7.955127815896533,svd_timeout,15.1424,17.4324,calibrated_from_ctx128_rate_ppl_and_timeout_ppl_logs,True,True,True,ok,ok
6occ_cfg3,6,"55,65,85,95,100,100,0,0",70,mod4_1_0.1,"66,67,60,61,62,63","64,65",8,1.6469,27.5285,27.5285,16.715343979598032,svd_timeout,15.1424,17.0284,calibrated_from_ctx128_rate_ppl_and_timeout_ppl_logs,True,True,True,ok,ok
6occ_cfg3,6,"55,65,85,95,100,100,0,0",80,mod4_1_0.1,"66,67,60,61,62,63","64,65",8,1.6469,26.0287,26.0287,15.804663306818872,svd_timeout,15.1424,16.6244,calibrated_from_ctx128_rate_ppl_and_timeout_ppl_logs,True,True,True,ok,ok
6occ_cfg3,6,"55,65,85,95,100,100,0,0",90,mod4_1_0.1,"66,67,60,61,62,63","64,65",8,1.6469,27.114,27.114,16.46365899568887,svd_timeout,15.1424,16.2204,calibrated_from_ctx128_rate_ppl_and_timeout_ppl_logs,True,True,True,ok,ok
6occ_cfg3,6,"55,65,85,95,100,100,0,0",100,mod4_1_0.1,"66,67,60,61,62,63","64,65",8,1.6469,12.9431,12.9431,7.859068553039043,svd_timeout,15.1424,15.8164,calibrated_from_ctx128_rate_ppl_and_timeout_ppl_logs,True,True,True,ok,ok
6occ_cfg4,6,"30,40,60,70,90,100,0,0",10,mod3_1_0.1,"66,67,60,61,62,63","64,65",8,1.03114,25.8549,25.8549,25.0740927517117,svd_timeout,15.1424,20.683828571428574,calibrated_from_ctx128_rate_ppl_and_timeout_ppl_logs,True,True,True,ok,ok
6occ_cfg4,6,"30,40,60,70,90,100,0,0",20,mod3_1_0.1,"66,67,60,61,62,63","64,65",8,1.03114,0.943728,1.03114,1.0,baseline_guard_no_svd,15.1424,15.1424,calibrated_from_ctx128_rate_ppl_and_timeout_ppl_logs,True,True,True,ok,ok
6occ_cfg4,6,"30,40,60,70,90,100,0,0",30,mod3_1_0.1,"66,67,60,61,62,63","64,65",8,1.03114,24.6705,24.6705,23.92546114009737,svd_timeout,15.1424,19.64497142857143,calibrated_from_ctx128_rate_ppl_and_timeout_ppl_logs,True,True,True,ok,ok
6occ_cfg4,6,"30,40,60,70,90,100,0,0",40,mod3_1_0.1,"66,67,60,61,62,63","64,65",8,1.03114,26.4692,26.4692,25.66984114669201,svd_timeout,15.1424,19.125542857142857,calibrated_from_ctx128_rate_ppl_and_timeout_ppl_logs,True,True,True,ok,ok
6occ_cfg4,6,"30,40,60,70,90,100,0,0",50,mod3_1_0.1,"66,67,60,61,62,63","64,65",8,1.03114,26.1119,26.1119,25.323331458385866,svd_timeout,15.1424,18.606114285714288,calibrated_from_ctx128_rate_ppl_and_timeout_ppl_logs,True,True,True,ok,ok
6occ_cfg4,6,"30,40,60,70,90,100,0,0",60,mod3_1_0.1,"66,67,60,61,62,63","64,65",8,1.03114,24.639,24.639,23.89491242702252,svd_timeout,15.1424,18.086685714285714,calibrated_from_ctx128_rate_ppl_and_timeout_ppl_logs,True,True,True,ok,ok
6occ_cfg4,6,"30,40,60,70,90,100,0,0",70,mod3_1_0.1,"66,67,60,61,62,63","64,65",8,1.03114,24.8219,24.8219,24.07228892293966,svd_timeout,15.1424,17.567257142857144,calibrated_from_ctx128_rate_ppl_and_timeout_ppl_logs,True,True,True,ok,ok
6occ_cfg4,6,"30,40,60,70,90,100,0,0",80,mod3_1_0.1,"66,67,60,61,62,63","64,65",8,1.03114,1.40713,1.40713,1.3646352580638905,svd_timeout,15.1424,17.04782857142857,calibrated_from_ctx128_rate_ppl_and_timeout_ppl_logs,True,True,True,ok,ok
6occ_cfg4,6,"30,40,60,70,90,100,0,0",90,mod3_1_0.1,"66,67,60,61,62,63","64,65",8,1.03114,29.6997,29.6997,28.802781387590436,svd_timeout,15.1424,16.5284,calibrated_from_ctx128_rate_ppl_and_timeout_ppl_logs,True,True,True,ok,ok
6occ_cfg4,6,"30,40,60,70,90,100,0,0",100,mod3_1_0.1,"66,67,60,61,62,63","64,65",8,1.03114,1.43257,1.43257,1.3893069806233878,svd_timeout,15.1424,16.008971428571428,calibrated_from_ctx128_rate_ppl_and_timeout_ppl_logs,True,True,True,ok,ok
6occ_cfg5,6,"30,40,60,70,90,100,0,0",10,mod4_1_0.15,"66,67,60,61,62,63","64,65",8,3.86165,30.3884,30.3884,7.869278676213535,svd_timeout,15.1424,21.6899,calibrated_from_ctx128_rate_ppl_and_timeout_ppl_logs,True,True,True,ok,ok
6occ_cfg5,6,"30,40,60,70,90,100,0,0",20,mod4_1_0.15,"66,67,60,61,62,63","64,65",8,3.86165,30.2467,30.2467,7.8325845169810835,svd_timeout,15.1424,21.0809,calibrated_from_ctx128_rate_ppl_and_timeout_ppl_logs,True,True,True,ok,ok
6occ_cfg5,6,"30,40,60,70,90,100,0,0",30,mod4_1_0.15,"66,67,60,61,62,63","64,65",8,3.86165,29.1349,29.1349,7.544676498387994,svd_timeout,15.1424,20.471899999999998,calibrated_from_ctx128_rate_ppl_and_timeout_ppl_logs,True,True,True,ok,ok
6occ_cfg5,6,"30,40,60,70,90,100,0,0",40,mod4_1_0.15,"66,67,60,61,62,63","64,65",8,3.86165,11.4301,11.4301,2.9599005606411763,svd_timeout,15.1424,19.8629,calibrated_from_ctx128_rate_ppl_and_timeout_ppl_logs,True,True,True,ok,ok
6occ_cfg5,6,"30,40,60,70,90,100,0,0",50,mod4_1_0.15,"66,67,60,61,62,63","64,65",8,3.86165,3.363,3.86165,1.0,baseline_guard_no_svd,15.1424,15.1424,calibrated_from_ctx128_rate_ppl_and_timeout_ppl_logs,True,True,True,ok,ok
6occ_cfg5,6,"30,40,60,70,90,100,0,0",60,mod4_1_0.15,"66,67,60,61,62,63","64,65",8,3.86165,29.7667,29.7667,7.708285318451957,svd_timeout,15.1424,18.6449,calibrated_from_ctx128_rate_ppl_and_timeout_ppl_logs,True,True,True,ok,ok
6occ_cfg5,6,"30,40,60,70,90,100,0,0",70,mod4_1_0.15,"66,67,60,61,62,63","64,65",8,3.86165,29.5661,29.5661,7.656338611733326,svd_timeout,15.1424,18.035899999999998,calibrated_from_ctx128_rate_ppl_and_timeout_ppl_logs,True,True,True,ok,ok
6occ_cfg5,6,"30,40,60,70,90,100,0,0",80,mod4_1_0.15,"66,67,60,61,62,63","64,65",8,3.86165,30.0073,30.0073,7.770590291714682,svd_timeout,15.1424,17.4269,calibrated_from_ctx128_rate_ppl_and_timeout_ppl_logs,True,True,True,ok,ok
6occ_cfg5,6,"30,40,60,70,90,100,0,0",90,mod4_1_0.15,"66,67,60,61,62,63","64,65",8,3.86165,30.0808,30.0808,7.789623606489454,svd_timeout,15.1424,16.8179,calibrated_from_ctx128_rate_ppl_and_timeout_ppl_logs,True,True,True,ok,ok
6occ_cfg5,6,"30,40,60,70,90,100,0,0",100,mod4_1_0.15,"66,67,60,61,62,63","64,65",8,3.86165,28.9448,28.9448,7.4954488366371885,svd_timeout,15.1424,16.2089,calibrated_from_ctx128_rate_ppl_and_timeout_ppl_logs,True,True,True,ok,ok
6occ_cfg6,6,"55,65,85,95,100,100,0,0",10,mod3_1_0.15,"66,67,60,61,62,63","64,65",8,26.0519,28.3034,28.3034,1.0864236389668316,svd_timeout,15.1424,23.560614285714287,calibrated_from_ctx128_rate_ppl_and_timeout_ppl_logs,True,True,True,ok,ok
6occ_cfg6,6,"55,65,85,95,100,100,0,0",20,mod3_1_0.15,"66,67,60,61,62,63","64,65",8,26.0519,25.7991,26.0519,1.0,baseline_guard_no_svd,15.1424,15.1424,calibrated_from_ctx128_rate_ppl_and_timeout_ppl_logs,True,True,True,ok,ok
6occ_cfg6,6,"55,65,85,95,100,100,0,0",30,mod3_1_0.15,"66,67,60,61,62,63","64,65",8,26.0519,27.3765,27.3765,1.050844660082374,svd_timeout,15.1424,21.994614285714285,calibrated_from_ctx128_rate_ppl_and_timeout_ppl_logs,True,True,True,ok,ok
6occ_cfg6,6,"55,65,85,95,100,100,0,0",40,mod3_1_0.15,"66,67,60,61,62,63","64,65",8,26.0519,28.2353,28.2353,1.0838096261693004,svd_timeout,15.1424,21.211614285714283,calibrated_from_ctx128_rate_ppl_and_timeout_ppl_logs,True,True,True,ok,ok
6occ_cfg6,6,"55,65,85,95,100,100,0,0",50,mod3_1_0.15,"66,67,60,61,62,63","64,65",8,26.0519,28.6569,28.6569,1.0999927068659099,svd_timeout,15.1424,20.428614285714286,calibrated_from_ctx128_rate_ppl_and_timeout_ppl_logs,True,True,True,ok,ok
6occ_cfg6,6,"55,65,85,95,100,100,0,0",60,mod3_1_0.15,"66,67,60,61,62,63","64,65",8,26.0519,29.2997,29.2997,1.1246665310399626,svd_timeout,15.1424,19.645614285714284,calibrated_from_ctx128_rate_ppl_and_timeout_ppl_logs,True,True,True,ok,ok
6occ_cfg6,6,"55,65,85,95,100,100,0,0",70,mod3_1_0.15,"66,67,60,61,62,63","64,65",8,26.0519,3.7625,26.0519,1.0,baseline_guard_no_svd,15.1424,15.1424,calibrated_from_ctx128_rate_ppl_and_timeout_ppl_logs,True,True,True,ok,ok
6occ_cfg6,6,"55,65,85,95,100,100,0,0",80,mod3_1_0.15,"66,67,60,61,62,63","64,65",8,26.0519,28.3559,28.3559,1.088438847070655,svd_timeout,15.1424,18.079614285714285,calibrated_from_ctx128_rate_ppl_and_timeout_ppl_logs,True,True,True,ok,ok
6occ_cfg6,6,"55,65,85,95,100,100,0,0",90,mod3_1_0.15,"66,67,60,61,62,63","64,65",8,26.0519,27.1014,27.1014,1.040284969618339,svd_timeout,15.1424,17.296614285714284,calibrated_from_ctx128_rate_ppl_and_timeout_ppl_logs,True,True,True,ok,ok
6occ_cfg6,6,"55,65,85,95,100,100,0,0",100,mod3_1_0.15,"66,67,60,61,62,63","64,65",8,26.0519,26.9374,26.9374,1.0339898433511567,svd_timeout,15.1424,16.513614285714286,calibrated_from_ctx128_rate_ppl_and_timeout_ppl_logs,True,True,True,ok,ok
8occ_cfg1,8,"20,30,40,50,90,90,100,100",10,mod4_1_0.05,"60,61,62,63,64,65","66,67",8,23.4099,22.8724,23.4099,1.0,baseline_guard_no_svd,15.1424,15.1424,calibrated_from_ctx128_rate_ppl_and_timeout_ppl_logs,True,True,True,ok,ok
8occ_cfg1,8,"20,30,40,50,90,90,100,100",20,mod4_1_0.05,"60,61,62,63,64,65","66,67",8,23.4099,23.6953,23.6953,1.012191423286729,svd_timeout,15.1424,17.0689,calibrated_from_ctx128_rate_ppl_and_timeout_ppl_logs,True,True,True,ok,ok
8occ_cfg1,8,"20,30,40,50,90,90,100,100",30,mod4_1_0.05,"60,61,62,63,64,65","66,67",8,23.4099,24.8681,24.8681,1.0622898859029726,svd_timeout,15.1424,16.8679,calibrated_from_ctx128_rate_ppl_and_timeout_ppl_logs,True,True,True,ok,ok
8occ_cfg1,8,"20,30,40,50,90,90,100,100",40,mod4_1_0.05,"60,61,62,63,64,65","66,67",8,23.4099,22.9456,23.4099,1.0,baseline_guard_no_svd,15.1424,15.1424,calibrated_from_ctx128_rate_ppl_and_timeout_ppl_logs,True,True,True,ok,ok
8occ_cfg1,8,"20,30,40,50,90,90,100,100",50,mod4_1_0.05,"60,61,62,63,64,65","66,67",8,23.4099,25.5565,25.5565,1.09169624816851,svd_timeout,15.1424,16.4659,calibrated_from_ctx128_rate_ppl_and_timeout_ppl_logs,True,True,True,ok,ok
8occ_cfg1,8,"20,30,40,50,90,90,100,100",60,mod4_1_0.05,"60,61,62,63,64,65","66,67",8,23.4099,24.6489,24.6489,1.0529263260415465,svd_timeout,15.1424,16.2649,calibrated_from_ctx128_rate_ppl_and_timeout_ppl_logs,True,True,True,ok,ok
8occ_cfg1,8,"20,30,40,50,90,90,100,100",70,mod4_1_0.05,"60,61,62,63,64,65","66,67",8,23.4099,25.0763,25.0763,1.0711835590925207,svd_timeout,15.1424,16.0639,calibrated_from_ctx128_rate_ppl_and_timeout_ppl_logs,True,True,True,ok,ok
8occ_cfg1,8,"20,30,40,50,90,90,100,100",80,mod4_1_0.05,"60,61,62,63,64,65","66,67",8,23.4099,26.2475,26.2475,1.121213674556491,svd_timeout,15.1424,15.8629,calibrated_from_ctx128_rate_ppl_and_timeout_ppl_logs,True,True,True,ok,ok
8occ_cfg1,8,"20,30,40,50,90,90,100,100",90,mod4_1_0.05,"60,61,62,63,64,65","66,67",8,23.4099,25.9794,25.9794,1.1097612548537157,svd_timeout,15.1424,15.6619,calibrated_from_ctx128_rate_ppl_and_timeout_ppl_logs,True,True,True,ok,ok
8occ_cfg1,8,"20,30,40,50,90,90,100,100",100,mod4_1_0.05,"60,61,62,63,64,65","66,67",8,23.4099,25.0455,25.0455,1.069867876411262,svd_timeout,15.1424,15.4609,calibrated_from_ctx128_rate_ppl_and_timeout_ppl_logs,True,True,True,ok,ok
8occ_cfg2,8,"20,30,40,50,90,90,100,100",10,mod3_1_0.05,"60,61,62,63,64,65","66,67",8,23.5745,24.867,24.867,1.0548261893147257,svd_timeout,15.1424,17.877757142857142,calibrated_from_ctx128_rate_ppl_and_timeout_ppl_logs,True,True,True,ok,ok
8occ_cfg2,8,"20,30,40,50,90,90,100,100",20,mod3_1_0.05,"60,61,62,63,64,65","66,67",8,23.5745,23.6568,23.6568,1.003491060255785,svd_timeout,15.1424,17.61932857142857,calibrated_from_ctx128_rate_ppl_and_timeout_ppl_logs,True,True,True,ok,ok
8occ_cfg2,8,"20,30,40,50,90,90,100,100",30,mod3_1_0.05,"60,61,62,63,64,65","66,67",8,23.5745,23.9119,23.9119,1.0143120744872638,svd_timeout,15.1424,17.3609,calibrated_from_ctx128_rate_ppl_and_timeout_ppl_logs,True,True,True,ok,ok
8occ_cfg2,8,"20,30,40,50,90,90,100,100",40,mod3_1_0.05,"60,61,62,63,64,65","66,67",8,23.5745,25.8357,25.8357,1.0959171986680523,svd_timeout,15.1424,17.10247142857143,calibrated_from_ctx128_rate_ppl_and_timeout_ppl_logs,True,True,True,ok,ok
8occ_cfg2,8,"20,30,40,50,90,90,100,100",50,mod3_1_0.05,"60,61,62,63,64,65","66,67",8,23.5745,27.2082,27.2082,1.1541368851937475,svd_timeout,15.1424,16.844042857142856,calibrated_from_ctx128_rate_ppl_and_timeout_ppl_logs,True,True,True,ok,ok
8occ_cfg2,8,"20,30,40,50,90,90,100,100",60,mod3_1_0.05,"60,61,62,63,64,65","66,67",8,23.5745,27.3015,27.3015,1.1580945513160406,svd_timeout,15.1424,16.585614285714286,calibrated_from_ctx128_rate_ppl_and_timeout_ppl_logs,True,True,True,ok,ok
8occ_cfg2,8,"20,30,40,50,90,90,100,100",70,mod3_1_0.05,"60,61,62,63,64,65","66,67",8,23.5745,24.9738,24.9738,1.0593565080913698,svd_timeout,15.1424,16.327185714285715,calibrated_from_ctx128_rate_ppl_and_timeout_ppl_logs,True,True,True,ok,ok
8occ_cfg2,8,"20,30,40,50,90,90,100,100",80,mod3_1_0.05,"60,61,62,63,64,65","66,67",8,23.5745,24.6411,24.6411,1.0452438015652505,svd_timeout,15.1424,16.068757142857145,calibrated_from_ctx128_rate_ppl_and_timeout_ppl_logs,True,True,True,ok,ok
8occ_cfg2,8,"20,30,40,50,90,90,100,100",90,mod3_1_0.05,"60,61,62,63,64,65","66,67",8,23.5745,24.1592,24.1592,1.024802222740673,svd_timeout,15.1424,15.810328571428572,calibrated_from_ctx128_rate_ppl_and_timeout_ppl_logs,True,True,True,ok,ok
8occ_cfg2,8,"20,30,40,50,90,90,100,100",100,mod3_1_0.05,"60,61,62,63,64,65","66,67",8,23.5745,24.3279,24.3279,1.0319582599843051,svd_timeout,15.1424,15.5519,calibrated_from_ctx128_rate_ppl_and_timeout_ppl_logs,True,True,True,ok,ok
8occ_cfg3,8,"20,30,40,50,90,90,100,100",10,odd_0.05,"60,61,62,63,64,65","66,67",8,12.284,25.4005,25.4005,2.0677710843373496,svd_timeout,15.1424,19.397399999999998,calibrated_from_ctx128_rate_ppl_and_timeout_ppl_logs,True,True,True,ok,ok
8occ_cfg3,8,"20,30,40,50,90,90,100,100",20,odd_0.05,"60,61,62,63,64,65","66,67",8,12.284,27.6323,27.6323,2.2494545750569848,svd_timeout,15.1424,18.9954,calibrated_from_ctx128_rate_ppl_and_timeout_ppl_logs,True,True,True,ok,ok
8occ_cfg3,8,"20,30,40,50,90,90,100,100",30,odd_0.05,"60,61,62,63,64,65","66,67",8,12.284,25.1143,25.1143,2.0444724845327253,svd_timeout,15.1424,18.5934,calibrated_from_ctx128_rate_ppl_and_timeout_ppl_logs,True,True,True,ok,ok
8occ_cfg3,8,"20,30,40,50,90,90,100,100",40,odd_0.05,"60,61,62,63,64,65","66,67",8,12.284,25.586,25.586,2.082872028655161,svd_timeout,15.1424,18.191399999999998,calibrated_from_ctx128_rate_ppl_and_timeout_ppl_logs,True,True,True,ok,ok
8occ_cfg3,8,"20,30,40,50,90,90,100,100",50,odd_0.05,"60,61,62,63,64,65","66,67",8,12.284,24.8244,24.8244,2.0208726799088246,svd_timeout,15.1424,17.7894,calibrated_from_ctx128_rate_ppl_and_timeout_ppl_logs,True,True,True,ok,ok
8occ_cfg3,8,"20,30,40,50,90,90,100,100",60,odd_0.05,"60,61,62,63,64,65","66,67",8,12.284,26.0706,26.0706,2.122321719309671,svd_timeout,15.1424,17.3874,calibrated_from_ctx128_rate_ppl_and_timeout_ppl_logs,True,True,True,ok,ok
8occ_cfg3,8,"20,30,40,50,90,90,100,100",70,odd_0.05,"60,61,62,63,64,65","66,67",8,12.284,25.1827,25.1827,2.0500407033539565,svd_timeout,15.1424,16.9854,calibrated_from_ctx128_rate_ppl_and_timeout_ppl_logs,True,True,True,ok,ok
8occ_cfg3,8,"20,30,40,50,90,90,100,100",80,odd_0.05,"60,61,62,63,64,65","66,67",8,12.284,25.5235,25.5235,2.077784109410615,svd_timeout,15.1424,16.5834,calibrated_from_ctx128_rate_ppl_and_timeout_ppl_logs,True,True,True,ok,ok
8occ_cfg3,8,"20,30,40,50,90,90,100,100",90,odd_0.05,"60,61,62,63,64,65","66,67",8,12.284,26.4969,26.4969,2.1570253988928685,svd_timeout,15.1424,16.1814,calibrated_from_ctx128_rate_ppl_and_timeout_ppl_logs,True,True,True,ok,ok
8occ_cfg3,8,"20,30,40,50,90,90,100,100",100,odd_0.05,"60,61,62,63,64,65","66,67",8,12.284,25.0262,25.0262,2.0373005535656135,svd_timeout,15.1424,15.779399999999999,calibrated_from_ctx128_rate_ppl_and_timeout_ppl_logs,True,True,True,ok,ok
8occ_cfg4,8,"20,30,40,50,90,90,100,100",10,mod4_1_0.1,"60,61,62,63,64,65","66,67",8,25.8475,24.3752,25.8475,1.0,baseline_guard_no_svd,15.1424,15.1424,calibrated_from_ctx128_rate_ppl_and_timeout_ppl_logs,True,True,True,ok,ok
8occ_cfg4,8,"20,30,40,50,90,90,100,100",20,mod4_1_0.1,"60,61,62,63,64,65","66,67",8,25.8475,27.2265,27.2265,1.0533513879485443,svd_timeout,15.1424,19.0484,calibrated_from_ctx128_rate_ppl_and_timeout_ppl_logs,True,True,True,ok,ok
8occ_cfg4,8,"20,30,40,50,90,90,100,100",30,mod4_1_0.1,"60,61,62,63,64,65","66,67",8,25.8475,24.1273,25.8475,1.0,baseline_guard_no_svd,15.1424,15.1424,calibrated_from_ctx128_rate_ppl_and_timeout_ppl_logs,True,True,True,ok,ok
8occ_cfg4,8,"20,30,40,50,90,90,100,100",40,mod4_1_0.1,"60,61,62,63,64,65","66,67",8,25.8475,27.8352,27.8352,1.0769010542605668,svd_timeout,15.1424,18.2404,calibrated_from_ctx128_rate_ppl_and_timeout_ppl_logs,True,True,True,ok,ok
8occ_cfg4,8,"20,30,40,50,90,90,100,100",50,mod4_1_0.1,"60,61,62,63,64,65","66,67",8,25.8475,24.4238,25.8475,1.0,baseline_guard_no_svd,15.1424,15.1424,calibrated_from_ctx128_rate_ppl_and_timeout_ppl_logs,True,True,True,ok,ok
8occ_cfg4,8,"20,30,40,50,90,90,100,100",60,mod4_1_0.1,"60,61,62,63,64,65","66,67",8,25.8475,24.7898,25.8475,1.0,baseline_guard_no_svd,15.1424,15.1424,calibrated_from_ctx128_rate_ppl_and_timeout_ppl_logs,True,True,True,ok,ok
8occ_cfg4,8,"20,30,40,50,90,90,100,100",70,mod4_1_0.1,"60,61,62,63,64,65","66,67",8,25.8475,28.1825,28.1825,1.0903375568236773,svd_timeout,15.1424,17.0284,calibrated_from_ctx128_rate_ppl_and_timeout_ppl_logs,True,True,True,ok,ok
8occ_cfg4,8,"20,30,40,50,90,90,100,100",80,mod4_1_0.1,"60,61,62,63,64,65","66,67",8,25.8475,27.5869,27.5869,1.0672947093529355,svd_timeout,15.1424,16.6244,calibrated_from_ctx128_rate_ppl_and_timeout_ppl_logs,True,True,True,ok,ok
8occ_cfg4,8,"20,30,40,50,90,90,100,100",90,mod4_1_0.1,"60,61,62,63,64,65","66,67",8,25.8475,25.8435,25.8475,1.0,baseline_guard_no_svd,15.1424,15.1424,calibrated_from_ctx128_rate_ppl_and_timeout_ppl_logs,True,True,True,ok,ok
8occ_cfg4,8,"20,30,40,50,90,90,100,100",100,mod4_1_0.1,"60,61,62,63,64,65","66,67",8,25.8475,25.4933,25.8475,1.0,baseline_guard_no_svd,15.1424,15.1424,calibrated_from_ctx128_rate_ppl_and_timeout_ppl_logs,True,True,True,ok,ok
8occ_cfg5,8,"20,30,40,50,90,90,100,100",10,mod3_1_0.1,"60,61,62,63,64,65","66,67",8,25.3999,25.3472,25.3999,1.0,baseline_guard_no_svd,15.1424,15.1424,calibrated_from_ctx128_rate_ppl_and_timeout_ppl_logs,True,True,True,ok,ok
8occ_cfg5,8,"20,30,40,50,90,90,100,100",20,mod3_1_0.1,"60,61,62,63,64,65","66,67",8,25.3999,25.9629,25.9629,1.022165441596227,svd_timeout,15.1424,20.1644,calibrated_from_ctx128_rate_ppl_and_timeout_ppl_logs,True,True,True,ok,ok
8occ_cfg5,8,"20,30,40,50,90,90,100,100",30,mod3_1_0.1,"60,61,62,63,64,65","66,67",8,25.3999,28.4553,28.4553,1.120291812172489,svd_timeout,15.1424,19.64497142857143,calibrated_from_ctx128_rate_ppl_and_timeout_ppl_logs,True,True,True,ok,ok
8occ_cfg5,8,"20,30,40,50,90,90,100,100",40,mod3_1_0.1,"60,61,62,63,64,65","66,67",8,25.3999,25.1799,25.3999,1.0,baseline_guard_no_svd,15.1424,15.1424,calibrated_from_ctx128_rate_ppl_and_timeout_ppl_logs,True,True,True,ok,ok
8occ_cfg5,8,"20,30,40,50,90,90,100,100",50,mod3_1_0.1,"60,61,62,63,64,65","66,67",8,25.3999,26.0537,26.0537,1.0257402588199167,svd_timeout,15.1424,18.606114285714288,calibrated_from_ctx128_rate_ppl_and_timeout_ppl_logs,True,True,True,ok,ok
8occ_cfg5,8,"20,30,40,50,90,90,100,100",60,mod3_1_0.1,"60,61,62,63,64,65","66,67",8,25.3999,25.4288,25.4288,1.0011377997551172,svd_timeout,15.1424,18.086685714285714,calibrated_from_ctx128_rate_ppl_and_timeout_ppl_logs,True,True,True,ok,ok
8occ_cfg5,8,"20,30,40,50,90,90,100,100",70,mod3_1_0.1,"60,61,62,63,64,65","66,67",8,25.3999,25.6029,25.6029,1.0079921574494388,svd_timeout,15.1424,17.567257142857144,calibrated_from_ctx128_rate_ppl_and_timeout_ppl_logs,True,True,True,ok,ok
8occ_cfg5,8,"20,30,40,50,90,90,100,100",80,mod3_1_0.1,"60,61,62,63,64,65","66,67",8,25.3999,24.8886,25.3999,1.0,baseline_guard_no_svd,15.1424,15.1424,calibrated_from_ctx128_rate_ppl_and_timeout_ppl_logs,True,True,True,ok,ok
8occ_cfg5,8,"20,30,40,50,90,90,100,100",90,mod3_1_0.1,"60,61,62,63,64,65","66,67",8,25.3999,25.1728,25.3999,1.0,baseline_guard_no_svd,15.1424,15.1424,calibrated_from_ctx128_rate_ppl_and_timeout_ppl_logs,True,True,True,ok,ok
8occ_cfg5,8,"20,30,40,50,90,90,100,100",100,mod3_1_0.1,"60,61,62,63,64,65","66,67",8,25.3999,27.7695,27.7695,1.093291705872858,svd_timeout,15.1424,16.008971428571428,calibrated_from_ctx128_rate_ppl_and_timeout_ppl_logs,True,True,True,ok,ok
8occ_cfg6,8,"20,30,40,50,90,90,100,100",10,mod4_1_0.15,"60,61,62,63,64,65","66,67",8,25.0238,26.5793,26.5793,1.0621608228966024,svd_timeout,15.1424,21.6899,calibrated_from_ctx128_rate_ppl_and_timeout_ppl_logs,True,True,True,ok,ok
8occ_cfg6,8,"20,30,40,50,90,90,100,100",20,mod4_1_0.15,"60,61,62,63,64,65","66,67",8,25.0238,23.4556,25.0238,1.0,baseline_guard_no_svd,15.1424,15.1424,calibrated_from_ctx128_rate_ppl_and_timeout_ppl_logs,True,True,True,ok,ok
8occ_cfg6,8,"20,30,40,50,90,90,100,100",30,mod4_1_0.15,"60,61,62,63,64,65","66,67",8,25.0238,24.6178,25.0238,1.0,baseline_guard_no_svd,15.1424,15.1424,calibrated_from_ctx128_rate_ppl_and_timeout_ppl_logs,True,True,True,ok,ok
8occ_cfg6,8,"20,30,40,50,90,90,100,100",40,mod4_1_0.15,"60,61,62,63,64,65","66,67",8,25.0238,24.8845,25.0238,1.0,baseline_guard_no_svd,15.1424,15.1424,calibrated_from_ctx128_rate_ppl_and_timeout_ppl_logs,True,True,True,ok,ok
8occ_cfg6,8,"20,30,40,50,90,90,100,100",50,mod4_1_0.15,"60,61,62,63,64,65","66,67",8,25.0238,24.8219,25.0238,1.0,baseline_guard_no_svd,15.1424,15.1424,calibrated_from_ctx128_rate_ppl_and_timeout_ppl_logs,True,True,True,ok,ok
8occ_cfg6,8,"20,30,40,50,90,90,100,100",60,mod4_1_0.15,"60,61,62,63,64,65","66,67",8,25.0238,27.8599,27.8599,1.1133361040289644,svd_timeout,15.1424,18.6449,calibrated_from_ctx128_rate_ppl_and_timeout_ppl_logs,True,True,True,ok,ok
8occ_cfg6,8,"20,30,40,50,90,90,100,100",70,mod4_1_0.15,"60,61,62,63,64,65","66,67",8,25.0238,27.8484,27.8484,1.112876541532461,svd_timeout,15.1424,18.035899999999998,calibrated_from_ctx128_rate_ppl_and_timeout_ppl_logs,True,True,True,ok,ok
8occ_cfg6,8,"20,30,40,50,90,90,100,100",80,mod4_1_0.15,"60,61,62,63,64,65","66,67",8,25.0238,25.4031,25.4031,1.0151575699933661,svd_timeout,15.1424,17.4269,calibrated_from_ctx128_rate_ppl_and_timeout_ppl_logs,True,True,True,ok,ok
8occ_cfg6,8,"20,30,40,50,90,90,100,100",90,mod4_1_0.15,"60,61,62,63,64,65","66,67",8,25.0238,24.023,25.0238,1.0,baseline_guard_no_svd,15.1424,15.1424,calibrated_from_ctx128_rate_ppl_and_timeout_ppl_logs,True,True,True,ok,ok
8occ_cfg6,8,"20,30,40,50,90,90,100,100",100,mod4_1_0.15,"60,61,62,63,64,65","66,67",8,25.0238,25.872,25.872,1.0338957312638368,svd_timeout,15.1424,16.2089,calibrated_from_ctx128_rate_ppl_and_timeout_ppl_logs,True,True,True,ok,ok
