scope,layer,matrix,rate,rank_total,rank_keep,rank_truncated,loss,relative_loss,loss_definition
matrix,0,down,0.0,1536,1536,0,0.0,0.0,spectral_norm_discarded_residual
matrix,0,down,0.1,1536,1382,154,1.6335287525458855,0.23845089215794307,spectral_norm_discarded_residual
matrix,0,down,0.2,1536,1228,308,1.9096067403974382,0.27875079040324396,spectral_norm_discarded_residual
matrix,0,down,0.3,1536,1075,461,2.116348790620808,0.3089295223328125,spectral_norm_discarded_residual
matrix,0,down,0.4,1536,921,615,2.304259926480472,0.33635945151056096,spectral_norm_discarded_residual
matrix,0,down,0.5,1536,768,768,2.4794515135372857,0.36193267155162645,spectral_norm_discarded_residual
matrix,0,down,0.6,1536,614,922,2.6486594428821024,0.3866324398597061,spectral_norm_discarded_residual
matrix,0,down,0.7,1536,460,1076,2.81622417961325,0.41109234661401384,spectral_norm_discarded_residual
matrix,0,down,0.8,1536,307,1229,2.990517047407131,0.43653437801838607,spectral_norm_discarded_residual
matrix,0,down,0.85,1536,230,1306,3.0874895258057142,0.45068972970893395,spectral_norm_discarded_residual
matrix,0,down,0.9,1536,153,1383,3.199382618046357,0.46702308633305795,spectral_norm_discarded_residual
matrix,0,gate,0.0,1536,1536,0,0.0,0.0,spectral_norm_discarded_residual
matrix,0,gate,0.1,1536,1382,154,0.7451987219039354,0.06326257658083241,spectral_norm_discarded_residual
matrix,0,gate,0.2,1536,1228,308,1.3877369688947545,0.11780993940039797,spectral_norm_discarded_residual
matrix,0,gate,0.3,1536,1075,461,1.8147750735053103,0.15406272674661864,spectral_norm_discarded_residual
matrix,0,gate,0.4,1536,921,615,2.1622937050355913,0.18356482248865158,spectral_norm_discarded_residual
matrix,0,gate,0.5,1536,768,768,2.5172922401073574,0.21370191391264362,spectral_norm_discarded_residual
matrix,0,gate,0.6,1536,614,922,2.8677748751678296,0.2434556344827969,spectral_norm_discarded_residual
matrix,0,gate,0.7,1536,460,1076,3.247965371365617,0.2757313613111606,spectral_norm_discarded_residual
matrix,0,gate,0.8,1536,307,1229,3.6813741835379226,0.31252498073767465,spectral_norm_discarded_residual
matrix,0,gate,0.85,1536,230,1306,3.94489097116732,0.33489586043423,spectral_norm_discarded_residual
matrix,0,gate,0.9,1536,153,1383,4.262431994878828,0.3618530501604555,spectral_norm_discarded_residual
matrix,0,up,0.0,1536,1536,0,0.0,0.0,spectral_norm_discarded_residual
matrix,0,up,0.1,1536,1382,154,0.8215560972836239,0.16587394235616426,spectral_norm_discarded_residual
matrix,0,up,0.2,1536,1228,308,1.3603862608050399,0.2746649108356523,spectral_norm_discarded_residual
matrix,0,up,0.3,1536,1075,461,1.6750348603026226,0.33819313955682717,spectral_norm_discarded_residual
matrix,0,up,0.4,1536,921,615,1.94214519730752,0.3921232908752588,spectral_norm_discarded_residual
matrix,0,up,0.5,1536,768,768,2.219859537064531,0.4481944131475479,spectral_norm_discarded_residual
matrix,0,up,0.6,1536,614,922,2.4968027194687625,0.5041098370923515,spectral_norm_discarded_residual
matrix,0,up,0.7,1536,460,1076,2.785592249887821,0.5624170641705498,spectral_norm_discarded_residual
matrix,0,up,0.8,1536,307,1229,3.1178452937200447,0.6294996680517796,spectral_norm_discarded_residual
matrix,0,up,0.85,1536,230,1306,3.311614572043144,0.6686221019418481,spectral_norm_discarded_residual
matrix,0,up,0.9,1536,153,1383,3.5289770491236263,0.7125080533855191,spectral_norm_discarded_residual
matrix,1,down,0.0,1536,1536,0,0.0,0.0,spectral_norm_discarded_residual
matrix,1,down,0.1,1536,1382,154,1.6891093014866172,0.21818213591638796,spectral_norm_discarded_residual
matrix,1,down,0.2,1536,1228,308,1.9209830856695422,0.24813325716799692,spectral_norm_discarded_residual
matrix,1,down,0.3,1536,1075,461,2.119418835881068,0.2737651897997198,spectral_norm_discarded_residual
matrix,1,down,0.4,1536,921,615,2.311505943349509,0.29857706867137096,spectral_norm_discarded_residual
matrix,1,down,0.5,1536,768,768,2.499028788840875,0.3227993821275906,spectral_norm_discarded_residual
matrix,1,down,0.6,1536,614,922,2.688443696374269,0.3472660931116982,spectral_norm_discarded_residual
matrix,1,down,0.7,1536,460,1076,2.890884545984301,0.3734153641658397,spectral_norm_discarded_residual
matrix,1,down,0.8,1536,307,1229,3.1109731403742087,0.40184419323721055,spectral_norm_discarded_residual
matrix,1,down,0.85,1536,230,1306,3.2409100302747724,0.4186281326471032,spectral_norm_discarded_residual
matrix,1,down,0.9,1536,153,1383,3.389471206892437,0.4378177699311831,spectral_norm_discarded_residual
matrix,1,gate,0.0,1536,1536,0,0.0,0.0,spectral_norm_discarded_residual
matrix,1,gate,0.1,1536,1382,154,1.9129547146887438,0.13679149244110522,spectral_norm_discarded_residual
matrix,1,gate,0.2,1536,1228,308,2.1522168056408355,0.15390063687333055,spectral_norm_discarded_residual
matrix,1,gate,0.3,1536,1075,461,2.3703064136357703,0.16949578020550127,spectral_norm_discarded_residual
matrix,1,gate,0.4,1536,921,615,2.5826256199631326,0.1846782938763262,spectral_norm_discarded_residual
matrix,1,gate,0.5,1536,768,768,2.79774287794336,0.20006089051753395,spectral_norm_discarded_residual
matrix,1,gate,0.6,1536,614,922,3.026035312373916,0.2163856171715311,spectral_norm_discarded_residual
matrix,1,gate,0.7,1536,460,1076,3.277729659657312,0.23438376691314042,spectral_norm_discarded_residual
matrix,1,gate,0.8,1536,307,1229,3.573224053723508,0.2555139687218497,spectral_norm_discarded_residual
matrix,1,gate,0.85,1536,230,1306,3.756641982059688,0.26862981091346383,spectral_norm_discarded_residual
matrix,1,gate,0.9,1536,153,1383,4.0024483030240905,0.28620691989466046,spectral_norm_discarded_residual
matrix,1,up,0.0,1536,1536,0,0.0,0.0,spectral_norm_discarded_residual
matrix,1,up,0.1,1536,1382,154,1.7770075905112166,0.17833497144108312,spectral_norm_discarded_residual
matrix,1,up,0.2,1536,1228,308,1.9966249976343764,0.20037509340590048,spectral_norm_discarded_residual
matrix,1,up,0.3,1536,1075,461,2.188169719061108,0.21959792768512792,spectral_norm_discarded_residual
matrix,1,up,0.4,1536,921,615,2.381576551048874,0.23900763760602142,spectral_norm_discarded_residual
matrix,1,up,0.5,1536,768,768,2.5702582391996964,0.2579431467436904,spectral_norm_discarded_residual
matrix,1,up,0.6,1536,614,922,2.7722543144270153,0.2782148464816254,spectral_norm_discarded_residual
matrix,1,up,0.7,1536,460,1076,2.987347830932738,0.2998009648122596,spectral_norm_discarded_residual
matrix,1,up,0.8,1536,307,1229,3.2341724882951604,0.3245715220438241,spectral_norm_discarded_residual
matrix,1,up,0.85,1536,230,1306,3.3791855512185203,0.33912458336619117,spectral_norm_discarded_residual
matrix,1,up,0.9,1536,153,1383,3.55735162197209,0.3570047777498669,spectral_norm_discarded_residual
matrix,2,down,0.0,1536,1536,0,0.0,0.0,spectral_norm_discarded_residual
matrix,2,down,0.1,1536,1382,154,1.661329122822372,0.24644188576506545,spectral_norm_discarded_residual
matrix,2,down,0.2,1536,1228,308,1.8803409306810763,0.27893014001406174,spectral_norm_discarded_residual
matrix,2,down,0.3,1536,1075,461,2.0706260793088704,0.30715707603577697,spectral_norm_discarded_residual
matrix,2,down,0.4,1536,921,615,2.2477246906349997,0.33342791854495996,spectral_norm_discarded_residual
matrix,2,down,0.5,1536,768,768,2.4219473196673835,0.3592721372803458,spectral_norm_discarded_residual
matrix,2,down,0.6,1536,614,922,2.597443248746702,0.3853052375927778,spectral_norm_discarded_residual
matrix,2,down,0.7,1536,460,1076,2.7800936559436193,0.4123996345831194,spectral_norm_discarded_residual
matrix,2,down,0.8,1536,307,1229,2.9769338149046574,0.4415989421148156,spectral_norm_discarded_residual
matrix,2,down,0.85,1536,230,1306,3.0907212305136,0.4584781895160539,spectral_norm_discarded_residual
matrix,2,down,0.9,1536,153,1383,3.22595370727188,0.4785386014664403,spectral_norm_discarded_residual
matrix,2,gate,0.0,1536,1536,0,0.0,0.0,spectral_norm_discarded_residual
matrix,2,gate,0.1,1536,1382,154,1.9414921701170527,0.13384456735724573,spectral_norm_discarded_residual
matrix,2,gate,0.2,1536,1228,308,2.2002205209738444,0.1516810462864361,spectral_norm_discarded_residual
matrix,2,gate,0.3,1536,1075,461,2.429293124352752,0.1674730870500099,spectral_norm_discarded_residual
matrix,2,gate,0.4,1536,921,615,2.6477083012642497,0.18253041527823202,spectral_norm_discarded_residual
matrix,2,gate,0.5,1536,768,768,2.870814399233508,0.19791113100661853,spectral_norm_discarded_residual
matrix,2,gate,0.6,1536,614,922,3.10669153463382,0.21417226953864663,spectral_norm_discarded_residual
matrix,2,gate,0.7,1536,460,1076,3.360453109945825,0.2316663438297012,spectral_norm_discarded_residual
matrix,2,gate,0.8,1536,307,1229,3.6644661129043197,0.25262470229143197,spectral_norm_discarded_residual
matrix,2,gate,0.85,1536,230,1306,3.857308374607161,0.26591905880910643,spectral_norm_discarded_residual
matrix,2,gate,0.9,1536,153,1383,4.130666016030915,0.2847640666918596,spectral_norm_discarded_residual
matrix,2,up,0.0,1536,1536,0,0.0,0.0,spectral_norm_discarded_residual
matrix,2,up,0.1,1536,1382,154,1.6677956334361714,0.24616726298405373,spectral_norm_discarded_residual
matrix,2,up,0.2,1536,1228,308,1.877134078524631,0.2770656962402864,spectral_norm_discarded_residual
matrix,2,up,0.3,1536,1075,461,2.060209033887851,0.30408762853173843,spectral_norm_discarded_residual
matrix,2,up,0.4,1536,921,615,2.237412586203323,0.33024293952429523,spectral_norm_discarded_residual
matrix,2,up,0.5,1536,768,768,2.414146924687814,0.35632899437886295,spectral_norm_discarded_residual
matrix,2,up,0.6,1536,614,922,2.5999361978200004,0.38375156099424523,spectral_norm_discarded_residual
matrix,2,up,0.7,1536,460,1076,2.79430899212924,0.41244105856481145,spectral_norm_discarded_residual
matrix,2,up,0.8,1536,307,1229,3.0121949006035327,0.44460110063267755,spectral_norm_discarded_residual
matrix,2,up,0.85,1536,230,1306,3.1420512173079325,0.46376794183518866,spectral_norm_discarded_residual
matrix,2,up,0.9,1536,153,1383,3.29012954777943,0.48562435912554597,spectral_norm_discarded_residual
matrix,3,down,0.0,1536,1536,0,0.0,0.0,spectral_norm_discarded_residual
matrix,3,down,0.1,1536,1382,154,1.556369239425075,0.2332239308209006,spectral_norm_discarded_residual
matrix,3,down,0.2,1536,1228,308,1.7743596118091225,0.2658900682905026,spectral_norm_discarded_residual
matrix,3,down,0.3,1536,1075,461,1.9609583505032473,0.29385212910618796,spectral_norm_discarded_residual
matrix,3,down,0.4,1536,921,615,2.1416351926878785,0.3209267861189243,spectral_norm_discarded_residual
matrix,3,down,0.5,1536,768,768,2.312444338849328,0.3465227562003239,spectral_norm_discarded_residual
matrix,3,down,0.6,1536,614,922,2.488851780300546,0.3729576380259947,spectral_norm_discarded_residual
matrix,3,down,0.7,1536,460,1076,2.6752201394049395,0.40088517616406794,spectral_norm_discarded_residual
matrix,3,down,0.8,1536,307,1229,2.881927011277243,0.4318604665800873,spectral_norm_discarded_residual
matrix,3,down,0.85,1536,230,1306,2.998257870058594,0.44929279528042837,spectral_norm_discarded_residual
matrix,3,down,0.9,1536,153,1383,3.139473442390826,0.4704541302889592,spectral_norm_discarded_residual
matrix,3,gate,0.0,1536,1536,0,0.0,0.0,spectral_norm_discarded_residual
matrix,3,gate,0.1,1536,1382,154,2.0425959441464214,0.15120598237138996,spectral_norm_discarded_residual
matrix,3,gate,0.2,1536,1228,308,2.307509155809017,0.17081654829236648,spectral_norm_discarded_residual
matrix,3,gate,0.3,1536,1075,461,2.5396853988479,0.18800371495281118,spectral_norm_discarded_residual
matrix,3,gate,0.4,1536,921,615,2.7655987180859953,0.2047272600396749,spectral_norm_discarded_residual
matrix,3,gate,0.5,1536,768,768,2.9895414324985894,0.2213049283860312,spectral_norm_discarded_residual
matrix,3,gate,0.6,1536,614,922,3.225791814151509,0.23879368877734466,spectral_norm_discarded_residual
matrix,3,gate,0.7,1536,460,1076,3.4871593203252185,0.258141778958475,spectral_norm_discarded_residual
matrix,3,gate,0.8,1536,307,1229,3.7883000723342892,0.2804341385267395,spectral_norm_discarded_residual
matrix,3,gate,0.85,1536,230,1306,3.9775241433314736,0.2944417114025387,spectral_norm_discarded_residual
matrix,3,gate,0.9,1536,153,1383,4.243603628620287,0.3141386123374819,spectral_norm_discarded_residual
matrix,3,up,0.0,1536,1536,0,0.0,0.0,spectral_norm_discarded_residual
matrix,3,up,0.1,1536,1382,154,1.6378854595433903,0.3736720914837336,spectral_norm_discarded_residual
matrix,3,up,0.2,1536,1228,308,1.8482337731906606,0.4216615854026578,spectral_norm_discarded_residual
matrix,3,up,0.3,1536,1075,461,2.0265389285341673,0.46234065727018303,spectral_norm_discarded_residual
matrix,3,up,0.4,1536,921,615,2.1989766274188502,0.5016811100579164,spectral_norm_discarded_residual
matrix,3,up,0.5,1536,768,768,2.368470442303128,0.5403499363377599,spectral_norm_discarded_residual
matrix,3,up,0.6,1536,614,922,2.543204748452774,0.5802143439814419,spectral_norm_discarded_residual
matrix,3,up,0.7,1536,460,1076,2.726459135985229,0.6220225484952747,spectral_norm_discarded_residual
matrix,3,up,0.8,1536,307,1229,2.92728613660313,0.667839821559178,spectral_norm_discarded_residual
matrix,3,up,0.85,1536,230,1306,3.0375880489839275,0.6930044300205526,spectral_norm_discarded_residual
matrix,3,up,0.9,1536,153,1383,3.1643687726124012,0.7219285638066112,spectral_norm_discarded_residual
matrix,4,down,0.0,1536,1536,0,0.0,0.0,spectral_norm_discarded_residual
matrix,4,down,0.1,1536,1382,154,1.50286632933231,0.1910324203815517,spectral_norm_discarded_residual
matrix,4,down,0.2,1536,1228,308,1.7300149392502249,0.21990574590092948,spectral_norm_discarded_residual
matrix,4,down,0.3,1536,1075,461,1.9239439969814418,0.24455646603328288,spectral_norm_discarded_residual
matrix,4,down,0.4,1536,921,615,2.103247768746471,0.2673481360808996,spectral_norm_discarded_residual
matrix,4,down,0.5,1536,768,768,2.281746374104786,0.2900374597757619,spectral_norm_discarded_residual
matrix,4,down,0.6,1536,614,922,2.4661045758720457,0.31347160878383556,spectral_norm_discarded_residual
matrix,4,down,0.7,1536,460,1076,2.665744998023399,0.3388483121573895,spectral_norm_discarded_residual
matrix,4,down,0.8,1536,307,1229,2.892020511154553,0.3676106565541305,spectral_norm_discarded_residual
matrix,4,down,0.85,1536,230,1306,3.035331907956687,0.3858272620266449,spectral_norm_discarded_residual
matrix,4,down,0.9,1536,153,1383,3.253382381163404,0.4135441047351565,spectral_norm_discarded_residual
matrix,4,gate,0.0,1536,1536,0,0.0,0.0,spectral_norm_discarded_residual
matrix,4,gate,0.1,1536,1382,154,1.9549100750080433,0.15230059289464645,spectral_norm_discarded_residual
matrix,4,gate,0.2,1536,1228,308,2.2080631485569544,0.17202291346964405,spectral_norm_discarded_residual
matrix,4,gate,0.3,1536,1075,461,2.4304694099615913,0.1893498513725389,spectral_norm_discarded_residual
matrix,4,gate,0.4,1536,921,615,2.649113594874154,0.20638369831049233,spectral_norm_discarded_residual
matrix,4,gate,0.5,1536,768,768,2.8633159539996926,0.2230714972590538,spectral_norm_discarded_residual
matrix,4,gate,0.6,1536,614,922,3.0940054986583485,0.24104375842608716,spectral_norm_discarded_residual
matrix,4,gate,0.7,1536,460,1076,3.34503390724315,0.26060055336495797,spectral_norm_discarded_residual
matrix,4,gate,0.8,1536,307,1229,3.635660609897754,0.2832423207235564,spectral_norm_discarded_residual
matrix,4,gate,0.85,1536,230,1306,3.816839987685233,0.29735740816930634,spectral_norm_discarded_residual
matrix,4,gate,0.9,1536,153,1383,4.063073844829322,0.31654067542707326,spectral_norm_discarded_residual
matrix,4,up,0.0,1536,1536,0,0.0,0.0,spectral_norm_discarded_residual
matrix,4,up,0.1,1536,1382,154,1.6704757031353883,0.3513125096537796,spectral_norm_discarded_residual
matrix,4,up,0.2,1536,1228,308,1.8839209458958601,0.3962015096955624,spectral_norm_discarded_residual
matrix,4,up,0.3,1536,1075,461,2.0663025689573393,0.4345576172355862,spectral_norm_discarded_residual
matrix,4,up,0.4,1536,921,615,2.241354636363427,0.47137226889743744,spectral_norm_discarded_residual
matrix,4,up,0.5,1536,768,768,2.4092343189199035,0.5066785187806874,spectral_norm_discarded_residual
matrix,4,up,0.6,1536,614,922,2.5819224791899975,0.5429960245415382,spectral_norm_discarded_residual
matrix,4,up,0.7,1536,460,1076,2.76140837346726,0.5807431404365172,spectral_norm_discarded_residual
matrix,4,up,0.8,1536,307,1229,2.9565907852341904,0.6217913417299665,spectral_norm_discarded_residual
matrix,4,up,0.85,1536,230,1306,3.0636426770065275,0.6443050895750475,spectral_norm_discarded_residual
matrix,4,up,0.9,1536,153,1383,3.1830279009901705,0.6694126218633355,spectral_norm_discarded_residual
matrix,5,down,0.0,1536,1536,0,0.0,0.0,spectral_norm_discarded_residual
matrix,5,down,0.1,1536,1382,154,1.4134364286726244,0.21698966619460086,spectral_norm_discarded_residual
matrix,5,down,0.2,1536,1228,308,1.7043669138470499,0.26165308902934203,spectral_norm_discarded_residual
matrix,5,down,0.3,1536,1075,461,1.9218280768175706,0.2950375584020302,spectral_norm_discarded_residual
matrix,5,down,0.4,1536,921,615,2.1175680201872673,0.32508740295897853,spectral_norm_discarded_residual
matrix,5,down,0.5,1536,768,768,2.3058367840515936,0.35399027782272835,spectral_norm_discarded_residual
matrix,5,down,0.6,1536,614,922,2.497200543482514,0.38336829400960065,spectral_norm_discarded_residual
matrix,5,down,0.7,1536,460,1076,2.700172713594179,0.41452842441651616,spectral_norm_discarded_residual
matrix,5,down,0.8,1536,307,1229,2.925481312252823,0.44911762604026756,spectral_norm_discarded_residual
matrix,5,down,0.85,1536,230,1306,3.0620559141093953,0.47008445317613595,spectral_norm_discarded_residual
matrix,5,down,0.9,1536,153,1383,3.2293651191724297,0.4957696328003839,spectral_norm_discarded_residual
matrix,5,gate,0.0,1536,1536,0,0.0,0.0,spectral_norm_discarded_residual
matrix,5,gate,0.1,1536,1382,154,1.9243844207077296,0.11663468358926027,spectral_norm_discarded_residual
matrix,5,gate,0.2,1536,1228,308,2.185983148038011,0.1324898757541913,spectral_norm_discarded_residual
matrix,5,gate,0.3,1536,1075,461,2.41389147415222,0.14630313220006955,spectral_norm_discarded_residual
matrix,5,gate,0.4,1536,921,615,2.634524258373332,0.15967542658165831,spectral_norm_discarded_residual
matrix,5,gate,0.5,1536,768,768,2.8520775915243313,0.17286107904423845,spectral_norm_discarded_residual
matrix,5,gate,0.6,1536,614,922,3.084139880030847,0.18692610228060555,spectral_norm_discarded_residual
matrix,5,gate,0.7,1536,460,1076,3.3373856619925735,0.20227503221974832,spectral_norm_discarded_residual
matrix,5,gate,0.8,1536,307,1229,3.632845546639627,0.22018250943080098,spectral_norm_discarded_residual
matrix,5,gate,0.85,1536,230,1306,3.822998939069309,0.2317074836099745,spectral_norm_discarded_residual
matrix,5,gate,0.9,1536,153,1383,4.103586320271925,0.24871355582379476,spectral_norm_discarded_residual
matrix,5,up,0.0,1536,1536,0,0.0,0.0,spectral_norm_discarded_residual
matrix,5,up,0.1,1536,1382,154,1.7134069877101885,0.38525994038131295,spectral_norm_discarded_residual
matrix,5,up,0.2,1536,1228,308,1.9204273160046483,0.43180850701406076,spectral_norm_discarded_residual
matrix,5,up,0.3,1536,1075,461,2.102953367263413,0.4728495300344958,spectral_norm_discarded_residual
matrix,5,up,0.4,1536,921,615,2.2754941987429786,0.5116453741777457,spectral_norm_discarded_residual
matrix,5,up,0.5,1536,768,768,2.4446782220019845,0.5496864392497063,spectral_norm_discarded_residual
matrix,5,up,0.6,1536,614,922,2.6165479584512403,0.5883313875268706,spectral_norm_discarded_residual
matrix,5,up,0.7,1536,460,1076,2.7983014738033423,0.6291987056777224,spectral_norm_discarded_residual
matrix,5,up,0.8,1536,307,1229,2.9927304572268554,0.6729161056296431,spectral_norm_discarded_residual
matrix,5,up,0.85,1536,230,1306,3.1017892731085714,0.6974380045164902,spectral_norm_discarded_residual
matrix,5,up,0.9,1536,153,1383,3.2238454827200873,0.7248823702599404,spectral_norm_discarded_residual
matrix,6,down,0.0,1536,1536,0,0.0,0.0,spectral_norm_discarded_residual
matrix,6,down,0.1,1536,1382,154,1.5757602374295077,0.21663801996675916,spectral_norm_discarded_residual
matrix,6,down,0.2,1536,1228,308,1.8501077501759675,0.2543557517208942,spectral_norm_discarded_residual
matrix,6,down,0.3,1536,1075,461,2.065467182711948,0.2839637085264719,spectral_norm_discarded_residual
matrix,6,down,0.4,1536,921,615,2.2604365431557,0.3107684058385585,spectral_norm_discarded_residual
matrix,6,down,0.5,1536,768,768,2.4501286258951325,0.33684757463080933,spectral_norm_discarded_residual
matrix,6,down,0.6,1536,614,922,2.6424007477214158,0.3632814512941789,spectral_norm_discarded_residual
matrix,6,down,0.7,1536,460,1076,2.843005691243362,0.3908609375179402,spectral_norm_discarded_residual
matrix,6,down,0.8,1536,307,1229,3.075274370624566,0.4227936044340192,spectral_norm_discarded_residual
matrix,6,down,0.85,1536,230,1306,3.2116099550143673,0.44153723709567205,spectral_norm_discarded_residual
matrix,6,down,0.9,1536,153,1383,3.402917670089156,0.467838525587235,spectral_norm_discarded_residual
matrix,6,gate,0.0,1536,1536,0,0.0,0.0,spectral_norm_discarded_residual
matrix,6,gate,0.1,1536,1382,154,1.7669355027187177,0.1416790586643624,spectral_norm_discarded_residual
matrix,6,gate,0.2,1536,1228,308,2.008401434762397,0.16104064028339868,spectral_norm_discarded_residual
matrix,6,gate,0.3,1536,1075,461,2.2200218035531623,0.1780091004215013,spectral_norm_discarded_residual
matrix,6,gate,0.4,1536,921,615,2.4229923525877854,0.1942839878067892,spectral_norm_discarded_residual
matrix,6,gate,0.5,1536,768,768,2.627602521013448,0.21069034560032512,spectral_norm_discarded_residual
matrix,6,gate,0.6,1536,614,922,2.8408512550233267,0.22778937374787164,spectral_norm_discarded_residual
matrix,6,gate,0.7,1536,460,1076,3.0750019220698905,0.246564391874875,spectral_norm_discarded_residual
matrix,6,gate,0.8,1536,307,1229,3.344616691127068,0.2681830455400797,spectral_norm_discarded_residual
matrix,6,gate,0.85,1536,230,1306,3.5139368224297023,0.2817597249259273,spectral_norm_discarded_residual
matrix,6,gate,0.9,1536,153,1383,3.7468078512167375,0.30043213718884454,spectral_norm_discarded_residual
matrix,6,up,0.0,1536,1536,0,0.0,0.0,spectral_norm_discarded_residual
matrix,6,up,0.1,1536,1382,154,1.768245616390132,0.347673284550373,spectral_norm_discarded_residual
matrix,6,up,0.2,1536,1228,308,2.004569343832772,0.3941393669631241,spectral_norm_discarded_residual
matrix,6,up,0.3,1536,1075,461,2.2024008315246246,0.43303708709644406,spectral_norm_discarded_residual
matrix,6,up,0.4,1536,921,615,2.3882971518926914,0.4695881090184656,spectral_norm_discarded_residual
matrix,6,up,0.5,1536,768,768,2.5680352934827937,0.5049283069334952,spectral_norm_discarded_residual
matrix,6,up,0.6,1536,614,922,2.747501661613376,0.5402150686231221,spectral_norm_discarded_residual
matrix,6,up,0.7,1536,460,1076,2.933339925180025,0.5767546753895497,spectral_norm_discarded_residual
matrix,6,up,0.8,1536,307,1229,3.1336745517044218,0.616144563857138,spectral_norm_discarded_residual
matrix,6,up,0.85,1536,230,1306,3.245171748250886,0.6380671950697665,spectral_norm_discarded_residual
matrix,6,up,0.9,1536,153,1383,3.368290199677324,0.6622748028813846,spectral_norm_discarded_residual
matrix,7,down,0.0,1536,1536,0,0.0,0.0,spectral_norm_discarded_residual
matrix,7,down,0.1,1536,1382,154,1.6598828237097782,0.21579496246986413,spectral_norm_discarded_residual
matrix,7,down,0.2,1536,1228,308,1.9106461724699566,0.2483957380556844,spectral_norm_discarded_residual
matrix,7,down,0.3,1536,1075,461,2.118230754076637,0.2753830086974875,spectral_norm_discarded_residual
matrix,7,down,0.4,1536,921,615,2.3120744050333273,0.30058387395478964,spectral_norm_discarded_residual
matrix,7,down,0.5,1536,768,768,2.500872593806458,0.32512879813782314,spectral_norm_discarded_residual
matrix,7,down,0.6,1536,614,922,2.693458437134926,0.35016614067770857,spectral_norm_discarded_residual
matrix,7,down,0.7,1536,460,1076,2.8971873474512315,0.37665215036933014,spectral_norm_discarded_residual
matrix,7,down,0.8,1536,307,1229,3.1297175876316956,0.40688250984778046,spectral_norm_discarded_residual
matrix,7,down,0.85,1536,230,1306,3.272228044384131,0.4254097445580735,spectral_norm_discarded_residual
matrix,7,down,0.9,1536,153,1383,3.4463478494892126,0.4480463887062033,spectral_norm_discarded_residual
matrix,7,gate,0.0,1536,1536,0,0.0,0.0,spectral_norm_discarded_residual
matrix,7,gate,0.1,1536,1382,154,1.7007785666469033,0.14776761474693584,spectral_norm_discarded_residual
matrix,7,gate,0.2,1536,1228,308,1.9439496319740848,0.16889488492985608,spectral_norm_discarded_residual
matrix,7,gate,0.3,1536,1075,461,2.152364791894296,0.1870024808641271,spectral_norm_discarded_residual
matrix,7,gate,0.4,1536,921,615,2.3520682577134524,0.20435318446510883,spectral_norm_discarded_residual
matrix,7,gate,0.5,1536,768,768,2.557433790880227,0.222195821703368,spectral_norm_discarded_residual
matrix,7,gate,0.6,1536,614,922,2.77079249606626,0.2407329243980424,spectral_norm_discarded_residual
matrix,7,gate,0.7,1536,460,1076,3.0062064885737696,0.2611862419745154,spectral_norm_discarded_residual
matrix,7,gate,0.8,1536,307,1229,3.277447165940461,0.28475226561969713,spectral_norm_discarded_residual
matrix,7,gate,0.85,1536,230,1306,3.4517284062678333,0.2998942268857576,spectral_norm_discarded_residual
matrix,7,gate,0.9,1536,153,1383,3.682731886940526,0.31996434889143455,spectral_norm_discarded_residual
matrix,7,up,0.0,1536,1536,0,0.0,0.0,spectral_norm_discarded_residual
matrix,7,up,0.1,1536,1382,154,1.7838561051704036,0.310478525776922,spectral_norm_discarded_residual
matrix,7,up,0.2,1536,1228,308,2.0288653994973656,0.353122169669383,spectral_norm_discarded_residual
matrix,7,up,0.3,1536,1075,461,2.23758711053929,0.38944999283522236,spectral_norm_discarded_residual
matrix,7,up,0.4,1536,921,615,2.4267314900724957,0.42237039933339704,spectral_norm_discarded_residual
matrix,7,up,0.5,1536,768,768,2.6120005106726785,0.4546163031489316,spectral_norm_discarded_residual
matrix,7,up,0.6,1536,614,922,2.798264947779996,0.48703545829834527,spectral_norm_discarded_residual
matrix,7,up,0.7,1536,460,1076,2.9954920219570846,0.5213626504167638,spectral_norm_discarded_residual
matrix,7,up,0.8,1536,307,1229,3.2048985930578926,0.5578096728503183,spectral_norm_discarded_residual
matrix,7,up,0.85,1536,230,1306,3.3262108053985022,0.5789239526047671,spectral_norm_discarded_residual
matrix,7,up,0.9,1536,153,1383,3.457328836525412,0.6017449261625906,spectral_norm_discarded_residual
matrix,8,down,0.0,1536,1536,0,0.0,0.0,spectral_norm_discarded_residual
matrix,8,down,0.1,1536,1382,154,1.5676682652901088,0.1602557657097295,spectral_norm_discarded_residual
matrix,8,down,0.2,1536,1228,308,1.8447770191810933,0.18858336315041035,spectral_norm_discarded_residual
matrix,8,down,0.3,1536,1075,461,2.059856467905478,0.21056998015791495,spectral_norm_discarded_residual
matrix,8,down,0.4,1536,921,615,2.253990760841793,0.23041546689376385,spectral_norm_discarded_residual
matrix,8,down,0.5,1536,768,768,2.4379990551113764,0.24922581774924682,spectral_norm_discarded_residual
matrix,8,down,0.6,1536,614,922,2.628460317489611,0.2686958268808135,spectral_norm_discarded_residual
matrix,8,down,0.7,1536,460,1076,2.8306679993236115,0.2893666203147166,spectral_norm_discarded_residual
matrix,8,down,0.8,1536,307,1229,3.069249388565754,0.31375573634368403,spectral_norm_discarded_residual
matrix,8,down,0.85,1536,230,1306,3.2187916629515367,0.3290427790288488,spectral_norm_discarded_residual
matrix,8,down,0.9,1536,153,1383,3.4178114577004797,0.34938768892149297,spectral_norm_discarded_residual
matrix,8,gate,0.0,1536,1536,0,0.0,0.0,spectral_norm_discarded_residual
matrix,8,gate,0.1,1536,1382,154,1.6412438610370232,0.1430748819442433,spectral_norm_discarded_residual
matrix,8,gate,0.2,1536,1228,308,1.8982262159138183,0.16547723235578993,spectral_norm_discarded_residual
matrix,8,gate,0.3,1536,1075,461,2.120303708461963,0.18483676312577746,spectral_norm_discarded_residual
matrix,8,gate,0.4,1536,921,615,2.331994764523102,0.20329085978601558,spectral_norm_discarded_residual
matrix,8,gate,0.5,1536,768,768,2.5422991657236578,0.22162407527485362,spectral_norm_discarded_residual
matrix,8,gate,0.6,1536,614,922,2.766168450017931,0.24113980488806727,spectral_norm_discarded_residual
matrix,8,gate,0.7,1536,460,1076,3.0119405579212684,0.26256490578760056,spectral_norm_discarded_residual
matrix,8,gate,0.8,1536,307,1229,3.29546865548649,0.2872813723956697,spectral_norm_discarded_residual
matrix,8,gate,0.85,1536,230,1306,3.474205030299639,0.3028626557945761,spectral_norm_discarded_residual
matrix,8,gate,0.9,1536,153,1383,3.7081452486809345,0.3232563157018648,spectral_norm_discarded_residual
matrix,8,up,0.0,1536,1536,0,0.0,0.0,spectral_norm_discarded_residual
matrix,8,up,0.1,1536,1382,154,1.724969556052507,0.3380549642775278,spectral_norm_discarded_residual
matrix,8,up,0.2,1536,1228,308,1.981964806739569,0.3884202127456373,spectral_norm_discarded_residual
matrix,8,up,0.3,1536,1075,461,2.1945610544792693,0.43008426222582025,spectral_norm_discarded_residual
matrix,8,up,0.4,1536,921,615,2.3893388581510093,0.4682563002373138,spectral_norm_discarded_residual
matrix,8,up,0.5,1536,768,768,2.578035570461316,0.5052365820721578,spectral_norm_discarded_residual
matrix,8,up,0.6,1536,614,922,2.7656655120637215,0.5420078010094648,spectral_norm_discarded_residual
matrix,8,up,0.7,1536,460,1076,2.962292313192239,0.5805422006446791,spectral_norm_discarded_residual
matrix,8,up,0.8,1536,307,1229,3.1751786739384587,0.6222631057033917,spectral_norm_discarded_residual
matrix,8,up,0.85,1536,230,1306,3.2957884899376877,0.6458998979563777,spectral_norm_discarded_residual
matrix,8,up,0.9,1536,153,1383,3.433499095504992,0.6728880576501797,spectral_norm_discarded_residual
matrix,9,down,0.0,1536,1536,0,0.0,0.0,spectral_norm_discarded_residual
matrix,9,down,0.1,1536,1382,154,1.5030790270336156,0.1297662498095862,spectral_norm_discarded_residual
matrix,9,down,0.2,1536,1228,308,1.777309377494351,0.1534415479963277,spectral_norm_discarded_residual
matrix,9,down,0.3,1536,1075,461,1.9883054263295041,0.17165760017291484,spectral_norm_discarded_residual
matrix,9,down,0.4,1536,921,615,2.1869402807922924,0.188806465722572,spectral_norm_discarded_residual
matrix,9,down,0.5,1536,768,768,2.3798341500616864,0.20545969125240307,spectral_norm_discarded_residual
matrix,9,down,0.6,1536,614,922,2.584947891337356,0.2231679025380643,spectral_norm_discarded_residual
matrix,9,down,0.7,1536,460,1076,2.812439155338893,0.24280804631159708,spectral_norm_discarded_residual
matrix,9,down,0.8,1536,307,1229,3.08725095249807,0.2665335428952052,spectral_norm_discarded_residual
matrix,9,down,0.85,1536,230,1306,3.2735233908157015,0.2826151163378675,spectral_norm_discarded_residual
matrix,9,down,0.9,1536,153,1383,3.5219526319103354,0.3040629114172218,spectral_norm_discarded_residual
matrix,9,gate,0.0,1536,1536,0,0.0,0.0,spectral_norm_discarded_residual
matrix,9,gate,0.1,1536,1382,154,1.6065749856584537,0.1542725966918169,spectral_norm_discarded_residual
matrix,9,gate,0.2,1536,1228,308,1.8475501065991087,0.1774124177256935,spectral_norm_discarded_residual
matrix,9,gate,0.3,1536,1075,461,2.0563499464665145,0.1974625826870122,spectral_norm_discarded_residual
matrix,9,gate,0.4,1536,921,615,2.260729501670332,0.21708828641915942,spectral_norm_discarded_residual
matrix,9,gate,0.5,1536,768,768,2.4699130843924664,0.23717530058278077,spectral_norm_discarded_residual
matrix,9,gate,0.6,1536,614,922,2.6874772714594286,0.25806706871410656,spectral_norm_discarded_residual
matrix,9,gate,0.7,1536,460,1076,2.929223268535664,0.28128091372086045,spectral_norm_discarded_residual
matrix,9,gate,0.8,1536,307,1229,3.2107864103083834,0.3083182306228044,spectral_norm_discarded_residual
matrix,9,gate,0.85,1536,230,1306,3.384079017798388,0.3249587863289682,spectral_norm_discarded_residual
matrix,9,gate,0.9,1536,153,1383,3.6216676326007615,0.34777341551040764,spectral_norm_discarded_residual
matrix,9,up,0.0,1536,1536,0,0.0,0.0,spectral_norm_discarded_residual
matrix,9,up,0.1,1536,1382,154,1.6820870401121395,0.3188112913692894,spectral_norm_discarded_residual
matrix,9,up,0.2,1536,1228,308,1.9371676937288924,0.3671575366250984,spectral_norm_discarded_residual
matrix,9,up,0.3,1536,1075,461,2.154003791599064,0.40825516993951855,spectral_norm_discarded_residual
matrix,9,up,0.4,1536,921,615,2.3587478394083963,0.4470609586565621,spectral_norm_discarded_residual
matrix,9,up,0.5,1536,768,768,2.556113889677982,0.4844683721009388,spectral_norm_discarded_residual
matrix,9,up,0.6,1536,614,922,2.758225571208005,0.5227752400886437,spectral_norm_discarded_residual
matrix,9,up,0.7,1536,460,1076,2.9670925989490025,0.5623624702679652,spectral_norm_discarded_residual
matrix,9,up,0.8,1536,307,1229,3.1962151081608,0.6057887860897168,spectral_norm_discarded_residual
matrix,9,up,0.85,1536,230,1306,3.3286618429069073,0.6308918357744924,spectral_norm_discarded_residual
matrix,9,up,0.9,1536,153,1383,3.474806895595819,0.6585911711025135,spectral_norm_discarded_residual
matrix,10,down,0.0,1536,1536,0,0.0,0.0,spectral_norm_discarded_residual
matrix,10,down,0.1,1536,1382,154,1.442850053576817,0.11663718913469885,spectral_norm_discarded_residual
matrix,10,down,0.2,1536,1228,308,1.7323675634529123,0.14004122094903274,spectral_norm_discarded_residual
matrix,10,down,0.3,1536,1075,461,1.9492017331072344,0.1575696730526595,spectral_norm_discarded_residual
matrix,10,down,0.4,1536,921,615,2.1488853762456603,0.1737117099844288,spectral_norm_discarded_residual
matrix,10,down,0.5,1536,768,768,2.341754198577214,0.18930285007047268,spectral_norm_discarded_residual
matrix,10,down,0.6,1536,614,922,2.542660309767612,0.20554370893944574,spectral_norm_discarded_residual
matrix,10,down,0.7,1536,460,1076,2.7616361137841627,0.22324528659520132,spectral_norm_discarded_residual
matrix,10,down,0.8,1536,307,1229,3.0289600707470052,0.24485523480237387,spectral_norm_discarded_residual
matrix,10,down,0.85,1536,230,1306,3.2150060180318434,0.2598948269536248,spectral_norm_discarded_residual
matrix,10,down,0.9,1536,153,1383,3.4816736701645694,0.28145172075614144,spectral_norm_discarded_residual
matrix,10,gate,0.0,1536,1536,0,0.0,0.0,spectral_norm_discarded_residual
matrix,10,gate,0.1,1536,1382,154,1.5823832311885493,0.14551420512291335,spectral_norm_discarded_residual
matrix,10,gate,0.2,1536,1228,308,1.8186239026977449,0.16723863499224614,spectral_norm_discarded_residual
matrix,10,gate,0.3,1536,1075,461,2.0271848750521695,0.18641767045827592,spectral_norm_discarded_residual
matrix,10,gate,0.4,1536,921,615,2.2312013984491763,0.2051788034435877,spectral_norm_discarded_residual
matrix,10,gate,0.5,1536,768,768,2.440844142342855,0.2244573174193467,spectral_norm_discarded_residual
matrix,10,gate,0.6,1536,614,922,2.6621989237769785,0.2448128573642115,spectral_norm_discarded_residual
matrix,10,gate,0.7,1536,460,1076,2.914686034043613,0.26803129170431406,spectral_norm_discarded_residual
matrix,10,gate,0.8,1536,307,1229,3.2171501129438056,0.2958455525937808,spectral_norm_discarded_residual
matrix,10,gate,0.85,1536,230,1306,3.424006128663529,0.3148678021405859,spectral_norm_discarded_residual
matrix,10,gate,0.9,1536,153,1383,3.7074171967122496,0.34092996930547004,spectral_norm_discarded_residual
matrix,10,up,0.0,1536,1536,0,0.0,0.0,spectral_norm_discarded_residual
matrix,10,up,0.1,1536,1382,154,1.6723818579869472,0.32214586651924093,spectral_norm_discarded_residual
matrix,10,up,0.2,1536,1228,308,1.9317664431798631,0.37211033579379216,spectral_norm_discarded_residual
matrix,10,up,0.3,1536,1075,461,2.1460820004393857,0.41339329433116095,spectral_norm_discarded_residual
matrix,10,up,0.4,1536,921,615,2.345841676138182,0.4518723973639167,spectral_norm_discarded_residual
matrix,10,up,0.5,1536,768,768,2.542301647655478,0.4897158883456747,spectral_norm_discarded_residual
matrix,10,up,0.6,1536,614,922,2.7400156352232066,0.5278009366519554,spectral_norm_discarded_residual
matrix,10,up,0.7,1536,460,1076,2.953053160967806,0.5688377118384061,spectral_norm_discarded_residual
matrix,10,up,0.8,1536,307,1229,3.1876044338267198,0.6140186151575064,spectral_norm_discarded_residual
matrix,10,up,0.85,1536,230,1306,3.325679043596716,0.6406155102363628,spectral_norm_discarded_residual
matrix,10,up,0.9,1536,153,1383,3.4825363852631854,0.6708304662344347,spectral_norm_discarded_residual
matrix,11,down,0.0,1536,1536,0,0.0,0.0,spectral_norm_discarded_residual
matrix,11,down,0.1,1536,1382,154,1.3928053008132188,0.11634411039566499,spectral_norm_discarded_residual
matrix,11,down,0.2,1536,1228,308,1.72938437927202,0.14445930599279413,spectral_norm_discarded_residual
matrix,11,down,0.3,1536,1075,461,1.9572574316955362,0.16349404656412833,spectral_norm_discarded_residual
matrix,11,down,0.4,1536,921,615,2.1611093340857375,0.18052224729125382,spectral_norm_discarded_residual
matrix,11,down,0.5,1536,768,768,2.358056816644064,0.1969737065436961,spectral_norm_discarded_residual
matrix,11,down,0.6,1536,614,922,2.5563983430771406,0.2135416133673571,spectral_norm_discarded_residual
matrix,11,down,0.7,1536,460,1076,2.768977970183374,0.2312988602628682,spectral_norm_discarded_residual
matrix,11,down,0.8,1536,307,1229,3.009081900689905,0.2513552731591823,spectral_norm_discarded_residual
matrix,11,down,0.85,1536,230,1306,3.1521441910524493,0.26330558300771484,spectral_norm_discarded_residual
matrix,11,down,0.9,1536,153,1383,3.332166723409811,0.2783432636986651,spectral_norm_discarded_residual
matrix,11,gate,0.0,1536,1536,0,0.0,0.0,spectral_norm_discarded_residual
matrix,11,gate,0.1,1536,1382,154,1.5759280561461964,0.1295892450950612,spectral_norm_discarded_residual
matrix,11,gate,0.2,1536,1228,308,1.811361781204881,0.1489490620494481,spectral_norm_discarded_residual
matrix,11,gate,0.3,1536,1075,461,2.024468491670792,0.16647291894523983,spectral_norm_discarded_residual
matrix,11,gate,0.4,1536,921,615,2.2364175977851555,0.18390158553494448,spectral_norm_discarded_residual
matrix,11,gate,0.5,1536,768,768,2.455492682178379,0.20191622439801515,spectral_norm_discarded_residual
matrix,11,gate,0.6,1536,614,922,2.694871959255881,0.22160048579998182,spectral_norm_discarded_residual
matrix,11,gate,0.7,1536,460,1076,2.965626864705743,0.2438647786820024,spectral_norm_discarded_residual
matrix,11,gate,0.8,1536,307,1229,3.3071273474950744,0.27194651096138694,spectral_norm_discarded_residual
matrix,11,gate,0.85,1536,230,1306,3.541408356602658,0.29121153958496804,spectral_norm_discarded_residual
matrix,11,gate,0.9,1536,153,1383,3.876893705180426,0.31879864477869224,spectral_norm_discarded_residual
matrix,11,up,0.0,1536,1536,0,0.0,0.0,spectral_norm_discarded_residual
matrix,11,up,0.1,1536,1382,154,1.6328504255087943,0.32549793628129603,spectral_norm_discarded_residual
matrix,11,up,0.2,1536,1228,308,1.8855496848383544,0.3758718628373392,spectral_norm_discarded_residual
matrix,11,up,0.3,1536,1075,461,2.096608595437891,0.4179450611907775,spectral_norm_discarded_residual
matrix,11,up,0.4,1536,921,615,2.293304245787166,0.45715503858000883,spectral_norm_discarded_residual
matrix,11,up,0.5,1536,768,768,2.487604705066989,0.4958875504660154,spectral_norm_discarded_residual
matrix,11,up,0.6,1536,614,922,2.6903360149172686,0.5363006966703335,spectral_norm_discarded_residual
matrix,11,up,0.7,1536,460,1076,2.9069054431679335,0.5794723802832071,spectral_norm_discarded_residual
matrix,11,up,0.8,1536,307,1229,3.1515087427480344,0.628232430791881,spectral_norm_discarded_residual
matrix,11,up,0.85,1536,230,1306,3.2997616052933854,0.6577856587253397,spectral_norm_discarded_residual
matrix,11,up,0.9,1536,153,1383,3.4806998634933555,0.6938545041739795,spectral_norm_discarded_residual
matrix,12,down,0.0,1536,1536,0,0.0,0.0,spectral_norm_discarded_residual
matrix,12,down,0.1,1536,1382,154,1.394227154750583,0.12310646931477183,spectral_norm_discarded_residual
matrix,12,down,0.2,1536,1228,308,1.6923637849811053,0.14943112365536892,spectral_norm_discarded_residual
matrix,12,down,0.3,1536,1075,461,1.9116305999461773,0.16879178761623853,spectral_norm_discarded_residual
matrix,12,down,0.4,1536,921,615,2.113036058777327,0.18657534236407303,spectral_norm_discarded_residual
matrix,12,down,0.5,1536,768,768,2.30774184011236,0.20376733379363163,spectral_norm_discarded_residual
matrix,12,down,0.6,1536,614,922,2.5143811974695183,0.22201302755955454,spectral_norm_discarded_residual
matrix,12,down,0.7,1536,460,1076,2.7410800728083293,0.24202992225673406,spectral_norm_discarded_residual
matrix,12,down,0.8,1536,307,1229,3.00449234373583,0.2652885100252902,spectral_norm_discarded_residual
matrix,12,down,0.85,1536,230,1306,3.1685191289611305,0.27977162946055284,spectral_norm_discarded_residual
matrix,12,down,0.9,1536,153,1383,3.3838621521935313,0.2987858332733112,spectral_norm_discarded_residual
matrix,12,gate,0.0,1536,1536,0,0.0,0.0,spectral_norm_discarded_residual
matrix,12,gate,0.1,1536,1382,154,1.575039740869269,0.1425731049807241,spectral_norm_discarded_residual
matrix,12,gate,0.2,1536,1228,308,1.806050104289116,0.16348423753241176,spectral_norm_discarded_residual
matrix,12,gate,0.3,1536,1075,461,2.015889500603267,0.18247896731826319,spectral_norm_discarded_residual
matrix,12,gate,0.4,1536,921,615,2.2264565322143466,0.20153956288571034,spectral_norm_discarded_residual
matrix,12,gate,0.5,1536,768,768,2.437536686581986,0.2206466064904614,spectral_norm_discarded_residual
matrix,12,gate,0.6,1536,614,922,2.6695506182099464,0.24164858235979875,spectral_norm_discarded_residual
matrix,12,gate,0.7,1536,460,1076,2.9293855820725545,0.26516892703376915,spectral_norm_discarded_residual
matrix,12,gate,0.8,1536,307,1229,3.2439729571234848,0.2936454776152757,spectral_norm_discarded_residual
matrix,12,gate,0.85,1536,230,1306,3.444867751953897,0.3118305391919631,spectral_norm_discarded_residual
matrix,12,gate,0.9,1536,153,1383,3.7196682310404383,0.33670556712740785,spectral_norm_discarded_residual
matrix,12,up,0.0,1536,1536,0,0.0,0.0,spectral_norm_discarded_residual
matrix,12,up,0.1,1536,1382,154,1.6319242052786405,0.3269978741462411,spectral_norm_discarded_residual
matrix,12,up,0.2,1536,1228,308,1.87683055425263,0.37607114312550616,spectral_norm_discarded_residual
matrix,12,up,0.3,1536,1075,461,2.0843999976594176,0.4176630053653023,spectral_norm_discarded_residual
matrix,12,up,0.4,1536,921,615,2.2798562236651763,0.456827673789114,spectral_norm_discarded_residual
matrix,12,up,0.5,1536,768,768,2.476666509101242,0.496263662752045,spectral_norm_discarded_residual
matrix,12,up,0.6,1536,614,922,2.677308660309589,0.5364674643116006,spectral_norm_discarded_residual
matrix,12,up,0.7,1536,460,1076,2.8953281231431496,0.5801532559914337,spectral_norm_discarded_residual
matrix,12,up,0.8,1536,307,1229,3.142484058259387,0.6296772872572342,spectral_norm_discarded_residual
matrix,12,up,0.85,1536,230,1306,3.2872072968202413,0.6586763003216175,spectral_norm_discarded_residual
matrix,12,up,0.9,1536,153,1383,3.462913173178624,0.6938834795878771,spectral_norm_discarded_residual
matrix,13,down,0.0,1536,1536,0,0.0,0.0,spectral_norm_discarded_residual
matrix,13,down,0.1,1536,1382,154,1.3131998853178013,0.124007386478854,spectral_norm_discarded_residual
matrix,13,down,0.2,1536,1228,308,1.6101811699272734,0.15205176369005122,spectral_norm_discarded_residual
matrix,13,down,0.3,1536,1075,461,1.8431055843780637,0.1740471569322382,spectral_norm_discarded_residual
matrix,13,down,0.4,1536,921,615,2.0587395169714,0.19440978467537554,spectral_norm_discarded_residual
matrix,13,down,0.5,1536,768,768,2.2677105034417773,0.2141432206677402,spectral_norm_discarded_residual
matrix,13,down,0.6,1536,614,922,2.4907496169988512,0.23520513048360922,spectral_norm_discarded_residual
matrix,13,down,0.7,1536,460,1076,2.7343623429314894,0.2582098366168152,spectral_norm_discarded_residual
matrix,13,down,0.8,1536,307,1229,3.0276102782562333,0.28590166819289015,spectral_norm_discarded_residual
matrix,13,down,0.85,1536,230,1306,3.2143295793264652,0.30353384497706204,spectral_norm_discarded_residual
matrix,13,down,0.9,1536,153,1383,3.4543189548164683,0.32619639282674107,spectral_norm_discarded_residual
matrix,13,gate,0.0,1536,1536,0,0.0,0.0,spectral_norm_discarded_residual
matrix,13,gate,0.1,1536,1382,154,1.5327285038919543,0.14681839355309784,spectral_norm_discarded_residual
matrix,13,gate,0.2,1536,1228,308,1.767934299476622,0.16934850046664,spectral_norm_discarded_residual
matrix,13,gate,0.3,1536,1075,461,1.9783434690382609,0.18950336558817935,spectral_norm_discarded_residual
matrix,13,gate,0.4,1536,921,615,2.186274310443489,0.20942083435563666,spectral_norm_discarded_residual
matrix,13,gate,0.5,1536,768,768,2.3981026816683277,0.2297116432583413,spectral_norm_discarded_residual
matrix,13,gate,0.6,1536,614,922,2.6250837765349218,0.25145391505051895,spectral_norm_discarded_residual
matrix,13,gate,0.7,1536,460,1076,2.882815507454673,0.2761417567688749,spectral_norm_discarded_residual
matrix,13,gate,0.8,1536,307,1229,3.1950713837402427,0.30605240697036284,spectral_norm_discarded_residual
matrix,13,gate,0.85,1536,230,1306,3.3890921896111417,0.32463744858830806,spectral_norm_discarded_residual
matrix,13,gate,0.9,1536,153,1383,3.6447204073620667,0.3491237970718996,spectral_norm_discarded_residual
matrix,13,up,0.0,1536,1536,0,0.0,0.0,spectral_norm_discarded_residual
matrix,13,up,0.1,1536,1382,154,1.5994136738016262,0.30961634194953863,spectral_norm_discarded_residual
matrix,13,up,0.2,1536,1228,308,1.8425287410828628,0.35667883681087015,spectral_norm_discarded_residual
matrix,13,up,0.3,1536,1075,461,2.0547075492794393,0.3977526549913097,spectral_norm_discarded_residual
matrix,13,up,0.4,1536,921,615,2.256579157958252,0.43683119361230366,spectral_norm_discarded_residual
matrix,13,up,0.5,1536,768,768,2.45703942954039,0.47563652397186545,spectral_norm_discarded_residual
matrix,13,up,0.6,1536,614,922,2.664416844782382,0.5157808829715995,spectral_norm_discarded_residual
matrix,13,up,0.7,1536,460,1076,2.8944505667036546,0.5603110759247552,spectral_norm_discarded_residual
matrix,13,up,0.8,1536,307,1229,3.1435035570500744,0.6085230407752046,spectral_norm_discarded_residual
matrix,13,up,0.85,1536,230,1306,3.2952218431060842,0.6378928414121233,spectral_norm_discarded_residual
matrix,13,up,0.9,1536,153,1383,3.471553276198051,0.6720272834135401,spectral_norm_discarded_residual
matrix,14,down,0.0,1536,1536,0,0.0,0.0,spectral_norm_discarded_residual
matrix,14,down,0.1,1536,1382,154,1.390359816848052,0.1235371919338839,spectral_norm_discarded_residual
matrix,14,down,0.2,1536,1228,308,1.645913407444532,0.14624381261462296,spectral_norm_discarded_residual
matrix,14,down,0.3,1536,1075,461,1.840978939932128,0.1635759073965588,spectral_norm_discarded_residual
matrix,14,down,0.4,1536,921,615,2.027210774244175,0.18012310444642934,spectral_norm_discarded_residual
matrix,14,down,0.5,1536,768,768,2.22134800227431,0.19737271689210606,spectral_norm_discarded_residual
matrix,14,down,0.6,1536,614,922,2.4247522757470894,0.21544573113466678,spectral_norm_discarded_residual
matrix,14,down,0.7,1536,460,1076,2.665686325677344,0.23685336648845426,spectral_norm_discarded_residual
matrix,14,down,0.8,1536,307,1229,2.9738706795140226,0.26423637138372774,spectral_norm_discarded_residual
matrix,14,down,0.85,1536,230,1306,3.1875559699052647,0.2832228815033564,spectral_norm_discarded_residual
matrix,14,down,0.9,1536,153,1383,3.470700911320739,0.3083810675706502,spectral_norm_discarded_residual
matrix,14,gate,0.0,1536,1536,0,0.0,0.0,spectral_norm_discarded_residual
matrix,14,gate,0.1,1536,1382,154,1.4542658158220267,0.14443883584262676,spectral_norm_discarded_residual
matrix,14,gate,0.2,1536,1228,308,1.689808715748167,0.167833143737499,spectral_norm_discarded_residual
matrix,14,gate,0.3,1536,1075,461,1.8956567929845236,0.18827813825843268,spectral_norm_discarded_residual
matrix,14,gate,0.4,1536,921,615,2.0942558702454246,0.2080031563444625,spectral_norm_discarded_residual
matrix,14,gate,0.5,1536,768,768,2.3000211962635935,0.22843993194868265,spectral_norm_discarded_residual
matrix,14,gate,0.6,1536,614,922,2.515434110516485,0.24983491367873725,spectral_norm_discarded_residual
matrix,14,gate,0.7,1536,460,1076,2.7596667630712615,0.2740922947063099,spectral_norm_discarded_residual
matrix,14,gate,0.8,1536,307,1229,3.051884142965781,0.3031155569639661,spectral_norm_discarded_residual
matrix,14,gate,0.85,1536,230,1306,3.2393216980984985,0.3217320038074578,spectral_norm_discarded_residual
matrix,14,gate,0.9,1536,153,1383,3.482986936225233,0.3459330287833822,spectral_norm_discarded_residual
matrix,14,up,0.0,1536,1536,0,0.0,0.0,spectral_norm_discarded_residual
matrix,14,up,0.1,1536,1382,154,1.6060029648373795,0.30208962810683276,spectral_norm_discarded_residual
matrix,14,up,0.2,1536,1228,308,1.850054820805647,0.34799585370069497,spectral_norm_discarded_residual
matrix,14,up,0.3,1536,1075,461,2.0520264837480684,0.3859867826605134,spectral_norm_discarded_residual
matrix,14,up,0.4,1536,921,615,2.244763059193889,0.42224058895713384,spectral_norm_discarded_residual
matrix,14,up,0.5,1536,768,768,2.4350064542522647,0.45802542729258816,spectral_norm_discarded_residual
matrix,14,up,0.6,1536,614,922,2.6296344655450667,0.4946350132260541,spectral_norm_discarded_residual
matrix,14,up,0.7,1536,460,1076,2.8387995914323843,0.5339790346728742,spectral_norm_discarded_residual
matrix,14,up,0.8,1536,307,1229,3.0745904498389427,0.5783313642056161,spectral_norm_discarded_residual
matrix,14,up,0.85,1536,230,1306,3.216368621206125,0.6049998797686094,spectral_norm_discarded_residual
matrix,14,up,0.9,1536,153,1383,3.388764953159462,0.6374276803063494,spectral_norm_discarded_residual
matrix,15,down,0.0,1536,1536,0,0.0,0.0,spectral_norm_discarded_residual
matrix,15,down,0.1,1536,1382,154,1.3906822024297973,0.1161767282723159,spectral_norm_discarded_residual
matrix,15,down,0.2,1536,1228,308,1.6633078556123166,0.13895170617489466,spectral_norm_discarded_residual
matrix,15,down,0.3,1536,1075,461,1.8805223349517672,0.15709766899727126,spectral_norm_discarded_residual
matrix,15,down,0.4,1536,921,615,2.0854267134586237,0.17421525363451373,spectral_norm_discarded_residual
matrix,15,down,0.5,1536,768,768,2.287911089553198,0.19113067277184628,spectral_norm_discarded_residual
matrix,15,down,0.6,1536,614,922,2.50134067126322,0.2089604475947904,spectral_norm_discarded_residual
matrix,15,down,0.7,1536,460,1076,2.7349456663146166,0.2284756639294237,spectral_norm_discarded_residual
matrix,15,down,0.8,1536,307,1229,3.0026407388624197,0.25083874418520485,spectral_norm_discarded_residual
matrix,15,down,0.85,1536,230,1306,3.1595224286907397,0.2639445432083332,spectral_norm_discarded_residual
matrix,15,down,0.9,1536,153,1383,3.364180893535599,0.281041584370842,spectral_norm_discarded_residual
matrix,15,gate,0.0,1536,1536,0,0.0,0.0,spectral_norm_discarded_residual
matrix,15,gate,0.1,1536,1382,154,1.4797522802855108,0.1460516125976449,spectral_norm_discarded_residual
matrix,15,gate,0.2,1536,1228,308,1.7055734491165502,0.1683401715043389,spectral_norm_discarded_residual
matrix,15,gate,0.3,1536,1075,461,1.910043833380244,0.1885214070719642,spectral_norm_discarded_residual
matrix,15,gate,0.4,1536,921,615,2.1162231664669604,0.208871315960641,spectral_norm_discarded_residual
matrix,15,gate,0.5,1536,768,768,2.333016873892057,0.2302688640450732,spectral_norm_discarded_residual
matrix,15,gate,0.6,1536,614,922,2.567822345731096,0.2534441740383281,spectral_norm_discarded_residual
matrix,15,gate,0.7,1536,460,1076,2.8311934043232174,0.27943890865127724,spectral_norm_discarded_residual
matrix,15,gate,0.8,1536,307,1229,3.1652427426627936,0.31240959246212285,spectral_norm_discarded_residual
matrix,15,gate,0.85,1536,230,1306,3.3881717455863978,0.3344126944715317,spectral_norm_discarded_residual
matrix,15,gate,0.9,1536,153,1383,3.7025745904147707,0.3654442685425723,spectral_norm_discarded_residual
matrix,15,up,0.0,1536,1536,0,0.0,0.0,spectral_norm_discarded_residual
matrix,15,up,0.1,1536,1382,154,1.5677264497832841,0.29833564545316127,spectral_norm_discarded_residual
matrix,15,up,0.2,1536,1228,308,1.8076435234868504,0.3439914516995134,spectral_norm_discarded_residual
matrix,15,up,0.3,1536,1075,461,2.0170049087713644,0.38383256302378665,spectral_norm_discarded_residual
matrix,15,up,0.4,1536,921,615,2.218426214489408,0.42216269087084685,spectral_norm_discarded_residual
matrix,15,up,0.5,1536,768,768,2.423322601244247,0.46115412065885325,spectral_norm_discarded_residual
matrix,15,up,0.6,1536,614,922,2.638744293941003,0.5021484980543379,spectral_norm_discarded_residual
matrix,15,up,0.7,1536,460,1076,2.8687077529960163,0.5459101485625008,spectral_norm_discarded_residual
matrix,15,up,0.8,1536,307,1229,3.140063198683862,0.5975486228943617,spectral_norm_discarded_residual
matrix,15,up,0.85,1536,230,1306,3.3022831841135614,0.628418806953106,spectral_norm_discarded_residual
matrix,15,up,0.9,1536,153,1383,3.5009143446164233,0.6662179749673496,spectral_norm_discarded_residual
matrix,16,down,0.0,1536,1536,0,0.0,0.0,spectral_norm_discarded_residual
matrix,16,down,0.1,1536,1382,154,1.3491974648467346,0.12721570024931425,spectral_norm_discarded_residual
matrix,16,down,0.2,1536,1228,308,1.610309767974135,0.15183595440153863,spectral_norm_discarded_residual
matrix,16,down,0.3,1536,1075,461,1.8242829726096614,0.172011467453952,spectral_norm_discarded_residual
matrix,16,down,0.4,1536,921,615,2.0334238459945175,0.1917313404537356,spectral_norm_discarded_residual
matrix,16,down,0.5,1536,768,768,2.236171814407866,0.21084842705362777,spectral_norm_discarded_residual
matrix,16,down,0.6,1536,614,922,2.453126515797385,0.23130506515054547,spectral_norm_discarded_residual
matrix,16,down,0.7,1536,460,1076,2.6895707115553886,0.2535993658122039,spectral_norm_discarded_residual
matrix,16,down,0.8,1536,307,1229,2.9643774250272683,0.27951086460938634,spectral_norm_discarded_residual
matrix,16,down,0.85,1536,230,1306,3.134367728204012,0.2955392340791431,spectral_norm_discarded_residual
matrix,16,down,0.9,1536,153,1383,3.349542843788558,0.3158280752002794,spectral_norm_discarded_residual
matrix,16,gate,0.0,1536,1536,0,0.0,0.0,spectral_norm_discarded_residual
matrix,16,gate,0.1,1536,1382,154,1.4420361614657333,0.1525253171558663,spectral_norm_discarded_residual
matrix,16,gate,0.2,1536,1228,308,1.6769039875518543,0.17736747480819764,spectral_norm_discarded_residual
matrix,16,gate,0.3,1536,1075,461,1.8874593576194347,0.19963808455891688,spectral_norm_discarded_residual
matrix,16,gate,0.4,1536,921,615,2.0959560985386663,0.22169095145952683,spectral_norm_discarded_residual
matrix,16,gate,0.5,1536,768,768,2.3107112411352118,0.24440577450675022,spectral_norm_discarded_residual
matrix,16,gate,0.6,1536,614,922,2.544409044954704,0.2691241779689539,spectral_norm_discarded_residual
matrix,16,gate,0.7,1536,460,1076,2.8075657283718245,0.29695847066733155,spectral_norm_discarded_residual
matrix,16,gate,0.8,1536,307,1229,3.1277226640326212,0.33082172559547346,spectral_norm_discarded_residual
matrix,16,gate,0.85,1536,230,1306,3.331602684747538,0.3523862783107669,spectral_norm_discarded_residual
matrix,16,gate,0.9,1536,153,1383,3.597052379814601,0.3804631046837468,spectral_norm_discarded_residual
matrix,16,up,0.0,1536,1536,0,0.0,0.0,spectral_norm_discarded_residual
matrix,16,up,0.1,1536,1382,154,1.5564006478734687,0.31186643852093526,spectral_norm_discarded_residual
matrix,16,up,0.2,1536,1228,308,1.8042691362542316,0.3615335102986906,spectral_norm_discarded_residual
matrix,16,up,0.3,1536,1075,461,2.0171758105330317,0.40419504885265306,spectral_norm_discarded_residual
matrix,16,up,0.4,1536,921,615,2.2235619136287803,0.4455500168171218,spectral_norm_discarded_residual
matrix,16,up,0.5,1536,768,768,2.4284956989705657,0.48661397413073526,spectral_norm_discarded_residual
matrix,16,up,0.6,1536,614,922,2.646110425920213,0.530218896781095,spectral_norm_discarded_residual
matrix,16,up,0.7,1536,460,1076,2.877237508331267,0.576531380739358,spectral_norm_discarded_residual
matrix,16,up,0.8,1536,307,1229,3.1371820324234916,0.6286182088015447,spectral_norm_discarded_residual
matrix,16,up,0.85,1536,230,1306,3.296486834913517,0.660539180731058,spectral_norm_discarded_residual
matrix,16,up,0.9,1536,153,1383,3.478223126022126,0.6969549005108493,spectral_norm_discarded_residual
matrix,17,down,0.0,1536,1536,0,0.0,0.0,spectral_norm_discarded_residual
matrix,17,down,0.1,1536,1382,154,1.4047400588199288,0.16225889844998093,spectral_norm_discarded_residual
matrix,17,down,0.2,1536,1228,308,1.6693699042591017,0.19282579724976318,spectral_norm_discarded_residual
matrix,17,down,0.3,1536,1075,461,1.8829059368633696,0.21749094523369292,spectral_norm_discarded_residual
matrix,17,down,0.4,1536,921,615,2.088365905184655,0.24122324212809879,spectral_norm_discarded_residual
matrix,17,down,0.5,1536,768,768,2.2946852388635346,0.26505480270863213,spectral_norm_discarded_residual
matrix,17,down,0.6,1536,614,922,2.5121540776513163,0.29017422178360647,spectral_norm_discarded_residual
matrix,17,down,0.7,1536,460,1076,2.7542197888033697,0.3181347796088307,spectral_norm_discarded_residual
matrix,17,down,0.8,1536,307,1229,3.030154760032512,0.3500075123570374,spectral_norm_discarded_residual
matrix,17,down,0.85,1536,230,1306,3.204789806995315,0.37017928020336,spectral_norm_discarded_residual
matrix,17,down,0.9,1536,153,1383,3.4254931539713103,0.39567231127320257,spectral_norm_discarded_residual
matrix,17,gate,0.0,1536,1536,0,0.0,0.0,spectral_norm_discarded_residual
matrix,17,gate,0.1,1536,1382,154,1.4473164364489628,0.14914411698107402,spectral_norm_discarded_residual
matrix,17,gate,0.2,1536,1228,308,1.6941917465282392,0.1745843035214422,spectral_norm_discarded_residual
matrix,17,gate,0.3,1536,1075,461,1.9084031883240504,0.19665852000188608,spectral_norm_discarded_residual
matrix,17,gate,0.4,1536,921,615,2.1196829442849987,0.21843062998778937,spectral_norm_discarded_residual
matrix,17,gate,0.5,1536,768,768,2.3380288880436084,0.24093090163410358,spectral_norm_discarded_residual
matrix,17,gate,0.6,1536,614,922,2.5707664518933377,0.2649142114166276,spectral_norm_discarded_residual
matrix,17,gate,0.7,1536,460,1076,2.832912368318259,0.29192801450817285,spectral_norm_discarded_residual
matrix,17,gate,0.8,1536,307,1229,3.144746927865973,0.3240621690418114,spectral_norm_discarded_residual
matrix,17,gate,0.85,1536,230,1306,3.3446126261413665,0.34465807490827566,spectral_norm_discarded_residual
matrix,17,gate,0.9,1536,153,1383,3.6087901699528424,0.37188123461664047,spectral_norm_discarded_residual
matrix,17,up,0.0,1536,1536,0,0.0,0.0,spectral_norm_discarded_residual
matrix,17,up,0.1,1536,1382,154,1.5913642880507255,0.30563483931574986,spectral_norm_discarded_residual
matrix,17,up,0.2,1536,1228,308,1.8436369019976544,0.35408590762637426,spectral_norm_discarded_residual
matrix,17,up,0.3,1536,1075,461,2.0613006834693466,0.3958900598085543,spectral_norm_discarded_residual
matrix,17,up,0.4,1536,921,615,2.2709683949060855,0.4361584997728336,spectral_norm_discarded_residual
matrix,17,up,0.5,1536,768,768,2.4830875857627914,0.4768977668910421,spectral_norm_discarded_residual
matrix,17,up,0.6,1536,614,922,2.7036266599991143,0.5192541431294626,spectral_norm_discarded_residual
matrix,17,up,0.7,1536,460,1076,2.9372369097297173,0.5641209480936376,spectral_norm_discarded_residual
matrix,17,up,0.8,1536,307,1229,3.203834614364407,0.6153232700445584,spectral_norm_discarded_residual
matrix,17,up,0.85,1536,230,1306,3.355545684569875,0.6444606516691426,spectral_norm_discarded_residual
matrix,17,up,0.9,1536,153,1383,3.5437239328000216,0.6806018602487252,spectral_norm_discarded_residual
matrix,18,down,0.0,1536,1536,0,0.0,0.0,spectral_norm_discarded_residual
matrix,18,down,0.1,1536,1382,154,1.390372386279246,0.1784091749384514,spectral_norm_discarded_residual
matrix,18,down,0.2,1536,1228,308,1.6706434400591264,0.214372869238948,spectral_norm_discarded_residual
matrix,18,down,0.3,1536,1075,461,1.8871985595006464,0.24216069109842195,spectral_norm_discarded_residual
matrix,18,down,0.4,1536,921,615,2.0973207329706613,0.2691230531066174,spectral_norm_discarded_residual
matrix,18,down,0.5,1536,768,768,2.305298468561802,0.29581024610509116,spectral_norm_discarded_residual
matrix,18,down,0.6,1536,614,922,2.52839772602933,0.32443779570759645,spectral_norm_discarded_residual
matrix,18,down,0.7,1536,460,1076,2.771257442578208,0.3556009589600126,spectral_norm_discarded_residual
matrix,18,down,0.8,1536,307,1229,3.0509669107397657,0.39149259197116615,spectral_norm_discarded_residual
matrix,18,down,0.85,1536,230,1306,3.225762350709959,0.4139219141699044,spectral_norm_discarded_residual
matrix,18,down,0.9,1536,153,1383,3.4487710556148237,0.44253784428963466,spectral_norm_discarded_residual
matrix,18,gate,0.0,1536,1536,0,0.0,0.0,spectral_norm_discarded_residual
matrix,18,gate,0.1,1536,1382,154,1.4876352761264007,0.15749345877652512,spectral_norm_discarded_residual
matrix,18,gate,0.2,1536,1228,308,1.719857986960261,0.18207848880547017,spectral_norm_discarded_residual
matrix,18,gate,0.3,1536,1075,461,1.9268449064300648,0.20399184780679813,spectral_norm_discarded_residual
matrix,18,gate,0.4,1536,921,615,2.1356885337887777,0.2261017733671844,spectral_norm_discarded_residual
matrix,18,gate,0.5,1536,768,768,2.348584680375204,0.2486407323608144,spectral_norm_discarded_residual
matrix,18,gate,0.6,1536,614,922,2.5782838337022485,0.27295859757688623,spectral_norm_discarded_residual
matrix,18,gate,0.7,1536,460,1076,2.834853434930623,0.30012119217439237,spectral_norm_discarded_residual
matrix,18,gate,0.8,1536,307,1229,3.1420665808186854,0.33264533414924097,spectral_norm_discarded_residual
matrix,18,gate,0.85,1536,230,1306,3.3431800123757807,0.35393687680801533,spectral_norm_discarded_residual
matrix,18,gate,0.9,1536,153,1383,3.601477783090416,0.38128242981885785,spectral_norm_discarded_residual
matrix,18,up,0.0,1536,1536,0,0.0,0.0,spectral_norm_discarded_residual
matrix,18,up,0.1,1536,1382,154,1.612068798295982,0.2933987274078448,spectral_norm_discarded_residual
matrix,18,up,0.2,1536,1228,308,1.8537194266696937,0.3373794724710189,spectral_norm_discarded_residual
matrix,18,up,0.3,1536,1075,461,2.0689721992165335,0.37655577164820675,spectral_norm_discarded_residual
matrix,18,up,0.4,1536,921,615,2.2778371165331057,0.4145694724316987,spectral_norm_discarded_residual
matrix,18,up,0.5,1536,768,768,2.487240643546974,0.4526812009171866,spectral_norm_discarded_residual
matrix,18,up,0.6,1536,614,922,2.708294264858862,0.4929132625080813,spectral_norm_discarded_residual
matrix,18,up,0.7,1536,460,1076,2.945798678642392,0.536139390841743,spectral_norm_discarded_residual
matrix,18,up,0.8,1536,307,1229,3.2087017177908113,0.5839881037498621,spectral_norm_discarded_residual
matrix,18,up,0.85,1536,230,1306,3.3709897459286933,0.613524746962307,spectral_norm_discarded_residual
matrix,18,up,0.9,1536,153,1383,3.5540127513038104,0.6468351844077684,spectral_norm_discarded_residual
matrix,19,down,0.0,1536,1536,0,0.0,0.0,spectral_norm_discarded_residual
matrix,19,down,0.1,1536,1382,154,1.5984744636351205,0.18800458026429595,spectral_norm_discarded_residual
matrix,19,down,0.2,1536,1228,308,1.8274240986420236,0.21493249247707563,spectral_norm_discarded_residual
matrix,19,down,0.3,1536,1075,461,2.031237991953774,0.2389040643325109,spectral_norm_discarded_residual
matrix,19,down,0.4,1536,921,615,2.229543081866888,0.2622277182547664,spectral_norm_discarded_residual
matrix,19,down,0.5,1536,768,768,2.4329931498200503,0.28615649878923466,spectral_norm_discarded_residual
matrix,19,down,0.6,1536,614,922,2.6473131706165107,0.311363748869691,spectral_norm_discarded_residual
matrix,19,down,0.7,1536,460,1076,2.8785412482539683,0.3385596401213347,spectral_norm_discarded_residual
matrix,19,down,0.8,1536,307,1229,3.137386895379909,0.36900377191589867,spectral_norm_discarded_residual
matrix,19,down,0.85,1536,230,1306,3.2884601404573806,0.3867722522239072,spectral_norm_discarded_residual
matrix,19,down,0.9,1536,153,1383,3.4661160993600726,0.407667258521972,spectral_norm_discarded_residual
matrix,19,gate,0.0,1536,1536,0,0.0,0.0,spectral_norm_discarded_residual
matrix,19,gate,0.1,1536,1382,154,1.4559277154559362,0.14173514729701014,spectral_norm_discarded_residual
matrix,19,gate,0.2,1536,1228,308,1.7114608032369234,0.1666113959262603,spectral_norm_discarded_residual
matrix,19,gate,0.3,1536,1075,461,1.931455339403232,0.18802795229582195,spectral_norm_discarded_residual
matrix,19,gate,0.4,1536,921,615,2.141738810735803,0.20849913260721192,spectral_norm_discarded_residual
matrix,19,gate,0.5,1536,768,768,2.35546941223621,0.22930589242361682,spectral_norm_discarded_residual
matrix,19,gate,0.6,1536,614,922,2.583040154358815,0.2514599954830098,spectral_norm_discarded_residual
matrix,19,gate,0.7,1536,460,1076,2.8384883007436317,0.2763279750332596,spectral_norm_discarded_residual
matrix,19,gate,0.8,1536,307,1229,3.1423999907749263,0.30591390000370333,spectral_norm_discarded_residual
matrix,19,gate,0.85,1536,230,1306,3.3289276469566405,0.3240724421780325,spectral_norm_discarded_residual
matrix,19,gate,0.9,1536,153,1383,3.576423258909756,0.34816623931036694,spectral_norm_discarded_residual
matrix,19,up,0.0,1536,1536,0,0.0,0.0,spectral_norm_discarded_residual
matrix,19,up,0.1,1536,1382,154,1.6757734384181493,0.20744472891629445,spectral_norm_discarded_residual
matrix,19,up,0.2,1536,1228,308,1.9266385928205516,0.2384994364062727,spectral_norm_discarded_residual
matrix,19,up,0.3,1536,1075,461,2.1449457574231348,0.2655237760593801,spectral_norm_discarded_residual
matrix,19,up,0.4,1536,921,615,2.3594101572896724,0.292072418180421,spectral_norm_discarded_residual
matrix,19,up,0.5,1536,768,768,2.5741518551732243,0.3186553871446078,spectral_norm_discarded_residual
matrix,19,up,0.6,1536,614,922,2.797114087107898,0.34625597962441246,spectral_norm_discarded_residual
matrix,19,up,0.7,1536,460,1076,3.038322293245708,0.3761152492532929,spectral_norm_discarded_residual
matrix,19,up,0.8,1536,307,1229,3.3036826762744687,0.4089643274523648,spectral_norm_discarded_residual
matrix,19,up,0.85,1536,230,1306,3.4581624544101635,0.4280874469407954,spectral_norm_discarded_residual
matrix,19,up,0.9,1536,153,1383,3.647960734192438,0.45158265923833535,spectral_norm_discarded_residual
matrix,20,down,0.0,1536,1536,0,0.0,0.0,spectral_norm_discarded_residual
matrix,20,down,0.1,1536,1382,154,1.4700174271229147,0.20951730639381527,spectral_norm_discarded_residual
matrix,20,down,0.2,1536,1228,308,1.7545940540546536,0.2500771849621053,spectral_norm_discarded_residual
matrix,20,down,0.3,1536,1075,461,2.0096249035026723,0.28642598983869383,spectral_norm_discarded_residual
matrix,20,down,0.4,1536,921,615,2.2485670308969876,0.32048171597633973,spectral_norm_discarded_residual
matrix,20,down,0.5,1536,768,768,2.482730454809839,0.3538563474119652,spectral_norm_discarded_residual
matrix,20,down,0.6,1536,614,922,2.723627129726374,0.3881906495205611,spectral_norm_discarded_residual
matrix,20,down,0.7,1536,460,1076,2.9729236900673213,0.42372216285649866,spectral_norm_discarded_residual
matrix,20,down,0.8,1536,307,1229,3.2463003314339933,0.462685740072202,spectral_norm_discarded_residual
matrix,20,down,0.85,1536,230,1306,3.401953333580065,0.484870509545026,spectral_norm_discarded_residual
matrix,20,down,0.9,1536,153,1383,3.5740674781379878,0.5094014377467612,spectral_norm_discarded_residual
matrix,20,gate,0.0,1536,1536,0,0.0,0.0,spectral_norm_discarded_residual
matrix,20,gate,0.1,1536,1382,154,1.4818632797042075,0.14104140629769188,spectral_norm_discarded_residual
matrix,20,gate,0.2,1536,1228,308,1.7494740269134,0.1665121745147805,spectral_norm_discarded_residual
matrix,20,gate,0.3,1536,1075,461,1.9793585854923301,0.1883922236881215,spectral_norm_discarded_residual
matrix,20,gate,0.4,1536,921,615,2.2012308405113714,0.2095096744643983,spectral_norm_discarded_residual
matrix,20,gate,0.5,1536,768,768,2.424337012375212,0.23074456749694025,spectral_norm_discarded_residual
matrix,20,gate,0.6,1536,614,922,2.6596003032916595,0.2531365559182352,spectral_norm_discarded_residual
matrix,20,gate,0.7,1536,460,1076,2.917274625559065,0.2776615909043601,spectral_norm_discarded_residual
matrix,20,gate,0.8,1536,307,1229,3.2157552794965256,0.3060705080835464,spectral_norm_discarded_residual
matrix,20,gate,0.85,1536,230,1306,3.3914989816107903,0.3227975160563104,spectral_norm_discarded_residual
matrix,20,gate,0.9,1536,153,1383,3.618604735400557,0.3444130829790563,spectral_norm_discarded_residual
matrix,20,up,0.0,1536,1536,0,0.0,0.0,spectral_norm_discarded_residual
matrix,20,up,0.1,1536,1382,154,1.604460327911604,0.27860891652553393,spectral_norm_discarded_residual
matrix,20,up,0.2,1536,1228,308,1.8940226645568594,0.3288904021290728,spectral_norm_discarded_residual
matrix,20,up,0.3,1536,1075,461,2.139863560430119,0.37157981267128776,spectral_norm_discarded_residual
matrix,20,up,0.4,1536,921,615,2.373054112306163,0.41207253528459215,spectral_norm_discarded_residual
matrix,20,up,0.5,1536,768,768,2.6007566810317426,0.45161228884477483,spectral_norm_discarded_residual
matrix,20,up,0.6,1536,614,922,2.8385365907195794,0.49290193736846044,spectral_norm_discarded_residual
matrix,20,up,0.7,1536,460,1076,3.0914643908603985,0.5368219640157649,spectral_norm_discarded_residual
matrix,20,up,0.8,1536,307,1229,3.3770462582661533,0.5864122550769469,spectral_norm_discarded_residual
matrix,20,up,0.85,1536,230,1306,3.537951862838702,0.6143529497597472,spectral_norm_discarded_residual
matrix,20,up,0.9,1536,153,1383,3.726663272584038,0.6471220251245391,spectral_norm_discarded_residual
matrix,21,down,0.0,1536,1536,0,0.0,0.0,spectral_norm_discarded_residual
matrix,21,down,0.1,1536,1382,154,1.5546273123338055,0.23101836385228802,spectral_norm_discarded_residual
matrix,21,down,0.2,1536,1228,308,1.846189431086552,0.2743446344646645,spectral_norm_discarded_residual
matrix,21,down,0.3,1536,1075,461,2.087288251743785,0.3101720347895282,spectral_norm_discarded_residual
matrix,21,down,0.4,1536,921,615,2.3094137201132283,0.34317998586919746,spectral_norm_discarded_residual
matrix,21,down,0.5,1536,768,768,2.5237632286881597,0.3750324255958515,spectral_norm_discarded_residual
matrix,21,down,0.6,1536,614,922,2.7454162538868236,0.4079701713938685,spectral_norm_discarded_residual
matrix,21,down,0.7,1536,460,1076,2.9787560443241548,0.4426445761086195,spectral_norm_discarded_residual
matrix,21,down,0.8,1536,307,1229,3.2236309692545566,0.47903310733862187,spectral_norm_discarded_residual
matrix,21,down,0.85,1536,230,1306,3.366432956865398,0.5002535511523787,spectral_norm_discarded_residual
matrix,21,down,0.9,1536,153,1383,3.5302125780174034,0.5245912813663708,spectral_norm_discarded_residual
matrix,21,gate,0.0,1536,1536,0,0.0,0.0,spectral_norm_discarded_residual
matrix,21,gate,0.1,1536,1382,154,1.5254434460598123,0.1341941234401768,spectral_norm_discarded_residual
matrix,21,gate,0.2,1536,1228,308,1.8006294948970303,0.15840239592780084,spectral_norm_discarded_residual
matrix,21,gate,0.3,1536,1075,461,2.027680294900229,0.17837618332812735,spectral_norm_discarded_residual
matrix,21,gate,0.4,1536,921,615,2.2461291843021627,0.1975932557836756,spectral_norm_discarded_residual
matrix,21,gate,0.5,1536,768,768,2.4639422184300974,0.21675439169083885,spectral_norm_discarded_residual
matrix,21,gate,0.6,1536,614,922,2.6969033712165347,0.23724811617111255,spectral_norm_discarded_residual
matrix,21,gate,0.7,1536,460,1076,2.944972201846258,0.2590708716230902,spectral_norm_discarded_residual
matrix,21,gate,0.8,1536,307,1229,3.22842507660846,0.2840063814668426,spectral_norm_discarded_residual
matrix,21,gate,0.85,1536,230,1306,3.4033218932905394,0.2993921534322024,spectral_norm_discarded_residual
matrix,21,gate,0.9,1536,153,1383,3.6075728414776966,0.3173602249622208,spectral_norm_discarded_residual
matrix,21,up,0.0,1536,1536,0,0.0,0.0,spectral_norm_discarded_residual
matrix,21,up,0.1,1536,1382,154,1.678455901422718,0.28876246638075864,spectral_norm_discarded_residual
matrix,21,up,0.2,1536,1228,308,1.9617301740607265,0.33749712634997864,spectral_norm_discarded_residual
matrix,21,up,0.3,1536,1075,461,2.2039104245130847,0.379161948386742,spectral_norm_discarded_residual
matrix,21,up,0.4,1536,921,615,2.428764328271858,0.4178459363126021,spectral_norm_discarded_residual
matrix,21,up,0.5,1536,768,768,2.650850291365143,0.45605372622057894,spectral_norm_discarded_residual
matrix,21,up,0.6,1536,614,922,2.87697655330877,0.4949566113407393,spectral_norm_discarded_residual
matrix,21,up,0.7,1536,460,1076,3.1216750698116504,0.5370546772388013,spectral_norm_discarded_residual
matrix,21,up,0.8,1536,307,1229,3.3871412986024696,0.5827256316567629,spectral_norm_discarded_residual
matrix,21,up,0.85,1536,230,1306,3.539648608519747,0.6089630722207238,spectral_norm_discarded_residual
matrix,21,up,0.9,1536,153,1383,3.7153062420803975,0.639183307058342,spectral_norm_discarded_residual
matrix,22,down,0.0,1536,1536,0,0.0,0.0,spectral_norm_discarded_residual
matrix,22,down,0.1,1536,1382,154,1.5552515392341537,0.22460708081555078,spectral_norm_discarded_residual
matrix,22,down,0.2,1536,1228,308,1.8772060988559551,0.2711032725682482,spectral_norm_discarded_residual
matrix,22,down,0.3,1536,1075,461,2.120888401175905,0.306295503014423,spectral_norm_discarded_residual
matrix,22,down,0.4,1536,921,615,2.3422261359055,0.3382607647214917,spectral_norm_discarded_residual
matrix,22,down,0.5,1536,768,768,2.552296374181253,0.36859879159049475,spectral_norm_discarded_residual
matrix,22,down,0.6,1536,614,922,2.763027209808302,0.3990322209322978,spectral_norm_discarded_residual
matrix,22,down,0.7,1536,460,1076,2.984709768367514,0.43104728157658795,spectral_norm_discarded_residual
matrix,22,down,0.8,1536,307,1229,3.222056852028249,0.4653245893022393,spectral_norm_discarded_residual
matrix,22,down,0.85,1536,230,1306,3.3581178536926766,0.4849743138810271,spectral_norm_discarded_residual
matrix,22,down,0.9,1536,153,1383,3.503288265124036,0.5059396056745631,spectral_norm_discarded_residual
matrix,22,gate,0.0,1536,1536,0,0.0,0.0,spectral_norm_discarded_residual
matrix,22,gate,0.1,1536,1382,154,1.590091105651997,0.13866730774171007,spectral_norm_discarded_residual
matrix,22,gate,0.2,1536,1228,308,1.8793683916420152,0.1638943543533673,spectral_norm_discarded_residual
matrix,22,gate,0.3,1536,1075,461,2.108639286667608,0.18388841484696092,spectral_norm_discarded_residual
matrix,22,gate,0.4,1536,921,615,2.3283592742800017,0.20304956796010878,spectral_norm_discarded_residual
matrix,22,gate,0.5,1536,768,768,2.547712745714466,0.22217875824329264,spectral_norm_discarded_residual
matrix,22,gate,0.6,1536,614,922,2.774447556546914,0.24195165407152863,spectral_norm_discarded_residual
matrix,22,gate,0.7,1536,460,1076,3.019560082840187,0.2633272180213191,spectral_norm_discarded_residual
matrix,22,gate,0.8,1536,307,1229,3.2945598690171907,0.2873091646174387,spectral_norm_discarded_residual
matrix,22,gate,0.85,1536,230,1306,3.4530656488943277,0.3011320013586393,spectral_norm_discarded_residual
matrix,22,gate,0.9,1536,153,1383,3.6430151585966675,0.31769695604812614,spectral_norm_discarded_residual
matrix,22,up,0.0,1536,1536,0,0.0,0.0,spectral_norm_discarded_residual
matrix,22,up,0.1,1536,1382,154,1.6765161009056784,0.2662125524565312,spectral_norm_discarded_residual
matrix,22,up,0.2,1536,1228,308,1.9744007238377113,0.3135133960126703,spectral_norm_discarded_residual
matrix,22,up,0.3,1536,1075,461,2.2137114910282083,0.3515133472983735,spectral_norm_discarded_residual
matrix,22,up,0.4,1536,921,615,2.438694152023671,0.3872381509013389,spectral_norm_discarded_residual
matrix,22,up,0.5,1536,768,768,2.6606684713659376,0.422485262515706,spectral_norm_discarded_residual
matrix,22,up,0.6,1536,614,922,2.8881735296451985,0.45861059541801213,spectral_norm_discarded_residual
matrix,22,up,0.7,1536,460,1076,3.128346285240518,0.49674742110254266,spectral_norm_discarded_residual
matrix,22,up,0.8,1536,307,1229,3.3925455159865656,0.5386993901507149,spectral_norm_discarded_residual
matrix,22,up,0.85,1536,230,1306,3.5392599876228523,0.5619960551547121,spectral_norm_discarded_residual
matrix,22,up,0.9,1536,153,1383,3.7075266552206436,0.5887149748539408,spectral_norm_discarded_residual
matrix,23,down,0.0,1536,1536,0,0.0,0.0,spectral_norm_discarded_residual
matrix,23,down,0.1,1536,1382,154,1.52328685005565,0.23713784659943554,spectral_norm_discarded_residual
matrix,23,down,0.2,1536,1228,308,1.9257673630822896,0.2997940443824641,spectral_norm_discarded_residual
matrix,23,down,0.3,1536,1075,461,2.1967921405258766,0.3419858561844996,spectral_norm_discarded_residual
matrix,23,down,0.4,1536,921,615,2.4315554979339704,0.37853266746575975,spectral_norm_discarded_residual
matrix,23,down,0.5,1536,768,768,2.6481681203221585,0.412253861092236,spectral_norm_discarded_residual
matrix,23,down,0.6,1536,614,922,2.868196398971311,0.4465067873798451,spectral_norm_discarded_residual
matrix,23,down,0.7,1536,460,1076,3.0936284311831486,0.4816009435929686,spectral_norm_discarded_residual
matrix,23,down,0.8,1536,307,1229,3.329325210667672,0.5182930654578295,spectral_norm_discarded_residual
matrix,23,down,0.85,1536,230,1306,3.467187683333802,0.5397548209333167,spectral_norm_discarded_residual
matrix,23,down,0.9,1536,153,1383,3.6133978906975486,0.5625161109187381,spectral_norm_discarded_residual
matrix,23,gate,0.0,1536,1536,0,0.0,0.0,spectral_norm_discarded_residual
matrix,23,gate,0.1,1536,1382,154,1.5288681272075209,0.12908490117962873,spectral_norm_discarded_residual
matrix,23,gate,0.2,1536,1228,308,1.8201519401572868,0.1536784822352578,spectral_norm_discarded_residual
matrix,23,gate,0.3,1536,1075,461,2.0607572138113013,0.17399318918755355,spectral_norm_discarded_residual
matrix,23,gate,0.4,1536,921,615,2.2874144708320827,0.19313024169293416,spectral_norm_discarded_residual
matrix,23,gate,0.5,1536,768,768,2.514349891983982,0.21229078006262062,spectral_norm_discarded_residual
matrix,23,gate,0.6,1536,614,922,2.7509255442802525,0.23226525932261316,spectral_norm_discarded_residual
matrix,23,gate,0.7,1536,460,1076,3.003139219529469,0.25356008309865813,spectral_norm_discarded_residual
matrix,23,gate,0.8,1536,307,1229,3.296015959280077,0.2782881576367622,spectral_norm_discarded_residual
matrix,23,gate,0.85,1536,230,1306,3.4734622614848023,0.29327024665880536,spectral_norm_discarded_residual
matrix,23,gate,0.9,1536,153,1383,3.689146345144681,0.31148081572607134,spectral_norm_discarded_residual
matrix,23,up,0.0,1536,1536,0,0.0,0.0,spectral_norm_discarded_residual
matrix,23,up,0.1,1536,1382,154,1.640992920320755,0.2450627380484519,spectral_norm_discarded_residual
matrix,23,up,0.2,1536,1228,308,1.9554984651599692,0.29203039342057435,spectral_norm_discarded_residual
matrix,23,up,0.3,1536,1075,461,2.2071529875931755,0.3296119975494347,spectral_norm_discarded_residual
matrix,23,up,0.4,1536,921,615,2.4430967699300723,0.3648473898591626,spectral_norm_discarded_residual
matrix,23,up,0.5,1536,768,768,2.676138919881591,0.39964945794892265,spectral_norm_discarded_residual
matrix,23,up,0.6,1536,614,922,2.9147707443286355,0.4352862773162235,spectral_norm_discarded_residual
matrix,23,up,0.7,1536,460,1076,3.1731417279041225,0.473870904881164,spectral_norm_discarded_residual
matrix,23,up,0.8,1536,307,1229,3.45721858970907,0.5162943990401301,spectral_norm_discarded_residual
matrix,23,up,0.85,1536,230,1306,3.621128162070023,0.5407723404728539,spectral_norm_discarded_residual
matrix,23,up,0.9,1536,153,1383,3.8032640277897896,0.5679721616283204,spectral_norm_discarded_residual
matrix,24,down,0.0,1536,1536,0,0.0,0.0,spectral_norm_discarded_residual
matrix,24,down,0.1,1536,1382,154,1.468906508718462,0.24908824968161394,spectral_norm_discarded_residual
matrix,24,down,0.2,1536,1228,308,1.912671058513168,0.32433914844408834,spectral_norm_discarded_residual
matrix,24,down,0.3,1536,1075,461,2.204148065294243,0.373766050027414,spectral_norm_discarded_residual
matrix,24,down,0.4,1536,921,615,2.451051083636785,0.4156343652095062,spectral_norm_discarded_residual
matrix,24,down,0.5,1536,768,768,2.684391683347074,0.4552028477620156,spectral_norm_discarded_residual
matrix,24,down,0.6,1536,614,922,2.918854550850692,0.4949616376749017,spectral_norm_discarded_residual
matrix,24,down,0.7,1536,460,1076,3.160460854799472,0.5359317681804506,spectral_norm_discarded_residual
matrix,24,down,0.8,1536,307,1229,3.4176775456210224,0.5795490133389148,spectral_norm_discarded_residual
matrix,24,down,0.85,1536,230,1306,3.562760033262653,0.6041512209618062,spectral_norm_discarded_residual
matrix,24,down,0.9,1536,153,1383,3.72492099880116,0.6316494932023639,spectral_norm_discarded_residual
matrix,24,gate,0.0,1536,1536,0,0.0,0.0,spectral_norm_discarded_residual
matrix,24,gate,0.1,1536,1382,154,1.5584640501790754,0.1393384926808025,spectral_norm_discarded_residual
matrix,24,gate,0.2,1536,1228,308,1.8379096696546542,0.1643230480829667,spectral_norm_discarded_residual
matrix,24,gate,0.3,1536,1075,461,2.0723840404952165,0.1852868331644701,spectral_norm_discarded_residual
matrix,24,gate,0.4,1536,921,615,2.299715995832038,0.20561203219050633,spectral_norm_discarded_residual
matrix,24,gate,0.5,1536,768,768,2.5219935677173098,0.2254853310450315,spectral_norm_discarded_residual
matrix,24,gate,0.6,1536,614,922,2.7502326677040156,0.24589163567510386,spectral_norm_discarded_residual
matrix,24,gate,0.7,1536,460,1076,3.0042464484763567,0.26860239203095493,spectral_norm_discarded_residual
matrix,24,gate,0.8,1536,307,1229,3.2832375596007846,0.29354631094326683,spectral_norm_discarded_residual
matrix,24,gate,0.85,1536,230,1306,3.4507043164909685,0.30851910770206237,spectral_norm_discarded_residual
matrix,24,gate,0.9,1536,153,1383,3.6495420423109683,0.32629670674302447,spectral_norm_discarded_residual
matrix,24,up,0.0,1536,1536,0,0.0,0.0,spectral_norm_discarded_residual
matrix,24,up,0.1,1536,1382,154,1.6703874593702963,0.25141857250149907,spectral_norm_discarded_residual
matrix,24,up,0.2,1536,1228,308,1.9761347151638642,0.2974381580573247,spectral_norm_discarded_residual
matrix,24,up,0.3,1536,1075,461,2.2304378978413046,0.33571463266367313,spectral_norm_discarded_residual
matrix,24,up,0.4,1536,921,615,2.469976694294992,0.3717688438739373,spectral_norm_discarded_residual
matrix,24,up,0.5,1536,768,768,2.7061202114183383,0.4073120142010282,spectral_norm_discarded_residual
matrix,24,up,0.6,1536,614,922,2.944432687582364,0.44318164566308677,spectral_norm_discarded_residual
matrix,24,up,0.7,1536,460,1076,3.198881106269294,0.4814799804851455,spectral_norm_discarded_residual
matrix,24,up,0.8,1536,307,1229,3.481000642669012,0.5239432369700459,spectral_norm_discarded_residual
matrix,24,up,0.85,1536,230,1306,3.637880468124993,0.5475560230629779,spectral_norm_discarded_residual
matrix,24,up,0.9,1536,153,1383,3.8186596927083016,0.5747660301351081,spectral_norm_discarded_residual
matrix,25,down,0.0,1536,1536,0,0.0,0.0,spectral_norm_discarded_residual
matrix,25,down,0.1,1536,1382,154,1.5276061575537536,0.26479355201302457,spectral_norm_discarded_residual
matrix,25,down,0.2,1536,1228,308,1.9026517086049983,0.3298035306246398,spectral_norm_discarded_residual
matrix,25,down,0.3,1536,1075,461,2.187721444785066,0.37921720157724575,spectral_norm_discarded_residual
matrix,25,down,0.4,1536,921,615,2.446461032924142,0.4240668339585699,spectral_norm_discarded_residual
matrix,25,down,0.5,1536,768,768,2.6927974333835456,0.466766511585035,spectral_norm_discarded_residual
matrix,25,down,0.6,1536,614,922,2.9417462186562005,0.5099190170889639,spectral_norm_discarded_residual
matrix,25,down,0.7,1536,460,1076,3.2021877419619904,0.5550636610188221,spectral_norm_discarded_residual
matrix,25,down,0.8,1536,307,1229,3.4849958938344763,0.6040853114633801,spectral_norm_discarded_residual
matrix,25,down,0.85,1536,230,1306,3.641509632115203,0.631215228748184,spectral_norm_discarded_residual
matrix,25,down,0.9,1536,153,1383,3.8214050522606726,0.6623981007572072,spectral_norm_discarded_residual
matrix,25,gate,0.0,1536,1536,0,0.0,0.0,spectral_norm_discarded_residual
matrix,25,gate,0.1,1536,1382,154,1.5535026743719778,0.15686944929199526,spectral_norm_discarded_residual
matrix,25,gate,0.2,1536,1228,308,1.8223855588970717,0.18402068032321714,spectral_norm_discarded_residual
matrix,25,gate,0.3,1536,1075,461,2.0457012807738275,0.20657063462130865,spectral_norm_discarded_residual
matrix,25,gate,0.4,1536,921,615,2.2613489844573857,0.2283462884878839,spectral_norm_discarded_residual
matrix,25,gate,0.5,1536,768,768,2.4749522476323853,0.24991549902997792,spectral_norm_discarded_residual
matrix,25,gate,0.6,1536,614,922,2.697299416442105,0.27236765086609593,spectral_norm_discarded_residual
matrix,25,gate,0.7,1536,460,1076,2.9408685283619684,0.29696275010971684,spectral_norm_discarded_residual
matrix,25,gate,0.8,1536,307,1229,3.212860857203349,0.32442796632136156,spectral_norm_discarded_residual
matrix,25,gate,0.85,1536,230,1306,3.3776997541301528,0.34107305320108716,spectral_norm_discarded_residual
matrix,25,gate,0.9,1536,153,1383,3.5748521478032487,0.3609810893649772,spectral_norm_discarded_residual
matrix,25,up,0.0,1536,1536,0,0.0,0.0,spectral_norm_discarded_residual
matrix,25,up,0.1,1536,1382,154,1.7082523461844974,0.2610577561596462,spectral_norm_discarded_residual
matrix,25,up,0.2,1536,1228,308,2.0247955234692414,0.30943237234218735,spectral_norm_discarded_residual
matrix,25,up,0.3,1536,1075,461,2.2764431644287653,0.347889552651932,spectral_norm_discarded_residual
matrix,25,up,0.4,1536,921,615,2.514670031290713,0.3842957495811098,spectral_norm_discarded_residual
matrix,25,up,0.5,1536,768,768,2.748102918872422,0.41996932320860136,spectral_norm_discarded_residual
matrix,25,up,0.6,1536,614,922,2.991087828455924,0.4571026515591849,spectral_norm_discarded_residual
matrix,25,up,0.7,1536,460,1076,3.2425056295345778,0.49552470738412496,spectral_norm_discarded_residual
matrix,25,up,0.8,1536,307,1229,3.524115765743939,0.538560802393643,spectral_norm_discarded_residual
matrix,25,up,0.85,1536,230,1306,3.684235048790759,0.5630304779913136,spectral_norm_discarded_residual
matrix,25,up,0.9,1536,153,1383,3.864577053990489,0.5905906211539608,spectral_norm_discarded_residual
matrix,26,down,0.0,1536,1536,0,0.0,0.0,spectral_norm_discarded_residual
matrix,26,down,0.1,1536,1382,154,1.6447275431213284,0.29697672961283944,spectral_norm_discarded_residual
matrix,26,down,0.2,1536,1228,308,1.9433112796629657,0.3508898667549563,spectral_norm_discarded_residual
matrix,26,down,0.3,1536,1075,461,2.19715658723595,0.3967249046527981,spectral_norm_discarded_residual
matrix,26,down,0.4,1536,921,615,2.43231986341615,0.4391866612988256,spectral_norm_discarded_residual
matrix,26,down,0.5,1536,768,768,2.6707537731967426,0.48223897294252976,spectral_norm_discarded_residual
matrix,26,down,0.6,1536,614,922,2.9089803730148653,0.5252538521039192,spectral_norm_discarded_residual
matrix,26,down,0.7,1536,460,1076,3.1596437658421808,0.5705143543353354,spectral_norm_discarded_residual
matrix,26,down,0.8,1536,307,1229,3.4305702088221097,0.6194336111072659,spectral_norm_discarded_residual
matrix,26,down,0.85,1536,230,1306,3.5876419229126,0.6477949309868806,spectral_norm_discarded_residual
matrix,26,down,0.9,1536,153,1383,3.758005580662762,0.6785562823943653,spectral_norm_discarded_residual
matrix,26,gate,0.0,1536,1536,0,0.0,0.0,spectral_norm_discarded_residual
matrix,26,gate,0.1,1536,1382,154,1.5658622534594306,0.1330462872467857,spectral_norm_discarded_residual
matrix,26,gate,0.2,1536,1228,308,1.7983655631929611,0.15280134684049798,spectral_norm_discarded_residual
matrix,26,gate,0.3,1536,1075,461,2.002352675959922,0.17013347675159088,spectral_norm_discarded_residual
matrix,26,gate,0.4,1536,921,615,2.197024634597109,0.1866741279298898,spectral_norm_discarded_residual
matrix,26,gate,0.5,1536,768,768,2.395831312272114,0.20356609290707176,spectral_norm_discarded_residual
matrix,26,gate,0.6,1536,614,922,2.60948454414586,0.22171952191800676,spectral_norm_discarded_residual
matrix,26,gate,0.7,1536,460,1076,2.841410016360268,0.24142548451332005,spectral_norm_discarded_residual
matrix,26,gate,0.8,1536,307,1229,3.1095643648195654,0.2642096983819218,spectral_norm_discarded_residual
matrix,26,gate,0.85,1536,230,1306,3.2723874467499434,0.27804425278225703,spectral_norm_discarded_residual
matrix,26,gate,0.9,1536,153,1383,3.474206635096186,0.29519218111714424,spectral_norm_discarded_residual
matrix,26,up,0.0,1536,1536,0,0.0,0.0,spectral_norm_discarded_residual
matrix,26,up,0.1,1536,1382,154,1.750289438106722,0.12063164683378659,spectral_norm_discarded_residual
matrix,26,up,0.2,1536,1228,308,2.0393768923420987,0.14055583475616956,spectral_norm_discarded_residual
matrix,26,up,0.3,1536,1075,461,2.277989578641538,0.15700125268365864,spectral_norm_discarded_residual
matrix,26,up,0.4,1536,921,615,2.5111508873180135,0.17307095637448847,spectral_norm_discarded_residual
matrix,26,up,0.5,1536,768,768,2.7404760230979406,0.18887626730605542,spectral_norm_discarded_residual
matrix,26,up,0.6,1536,614,922,2.979292443024952,0.2053357267528923,spectral_norm_discarded_residual
matrix,26,up,0.7,1536,460,1076,3.233741025898623,0.22287257004195213,spectral_norm_discarded_residual
matrix,26,up,0.8,1536,307,1229,3.516405305116951,0.24235406650808866,spectral_norm_discarded_residual
matrix,26,up,0.85,1536,230,1306,3.67930370477003,0.25358118231471505,spectral_norm_discarded_residual
matrix,26,up,0.9,1536,153,1383,3.865846450233975,0.2664378893828631,spectral_norm_discarded_residual
matrix,27,down,0.0,1536,1536,0,0.0,0.0,spectral_norm_discarded_residual
matrix,27,down,0.1,1536,1382,154,1.4619386445264042,0.1950444187250096,spectral_norm_discarded_residual
matrix,27,down,0.2,1536,1228,308,1.6615405862720463,0.22167429464348481,spectral_norm_discarded_residual
matrix,27,down,0.3,1536,1075,461,1.8409518009999424,0.2456104264506349,spectral_norm_discarded_residual
matrix,27,down,0.4,1536,921,615,2.018765271114604,0.26933339529740624,spectral_norm_discarded_residual
matrix,27,down,0.5,1536,768,768,2.20183379596223,0.29375746682013243,spectral_norm_discarded_residual
matrix,27,down,0.6,1536,614,922,2.394382066653047,0.31944627782051627,spectral_norm_discarded_residual
matrix,27,down,0.7,1536,460,1076,2.6059238549107286,0.34766910733613854,spectral_norm_discarded_residual
matrix,27,down,0.8,1536,307,1229,2.8516973536727974,0.3804589575692779,spectral_norm_discarded_residual
matrix,27,down,0.85,1536,230,1306,3.004415543638161,0.4008338417698248,spectral_norm_discarded_residual
matrix,27,down,0.9,1536,153,1383,3.200967591939852,0.42705681641636506,spectral_norm_discarded_residual
matrix,27,gate,0.0,1536,1536,0,0.0,0.0,spectral_norm_discarded_residual
matrix,27,gate,0.1,1536,1382,154,1.6740024344932183,0.10793502188212159,spectral_norm_discarded_residual
matrix,27,gate,0.2,1536,1228,308,1.8989863308353745,0.1224413578792775,spectral_norm_discarded_residual
matrix,27,gate,0.3,1536,1075,461,2.0861981523454967,0.13451225552848203,spectral_norm_discarded_residual
matrix,27,gate,0.4,1536,921,615,2.2662671507297003,0.14612260380540953,spectral_norm_discarded_residual
matrix,27,gate,0.5,1536,768,768,2.443405601372665,0.15754399851329814,spectral_norm_discarded_residual
matrix,27,gate,0.6,1536,614,922,2.62683699288794,0.16937114454911797,spectral_norm_discarded_residual
matrix,27,gate,0.7,1536,460,1076,2.8258134006724864,0.1822005900061389,spectral_norm_discarded_residual
matrix,27,gate,0.8,1536,307,1229,3.0550534458580385,0.196981350645147,spectral_norm_discarded_residual
matrix,27,gate,0.85,1536,230,1306,3.189775707212945,0.20566786741939105,spectral_norm_discarded_residual
matrix,27,gate,0.9,1536,153,1383,3.364878665638416,0.21695801924942654,spectral_norm_discarded_residual
matrix,27,up,0.0,1536,1536,0,0.0,0.0,spectral_norm_discarded_residual
matrix,27,up,0.1,1536,1382,154,1.7011672131394597,0.14584856439379465,spectral_norm_discarded_residual
matrix,27,up,0.2,1536,1228,308,1.9413179083370278,0.16643774214316953,spectral_norm_discarded_residual
matrix,27,up,0.3,1536,1075,461,2.1457245763075337,0.1839624268688993,spectral_norm_discarded_residual
matrix,27,up,0.4,1536,921,615,2.3441380018001627,0.20097328449714513,spectral_norm_discarded_residual
matrix,27,up,0.5,1536,768,768,2.541629208566589,0.21790507624860067,spectral_norm_discarded_residual
matrix,27,up,0.6,1536,614,922,2.7444810720508332,0.2352964607317189,spectral_norm_discarded_residual
matrix,27,up,0.7,1536,460,1076,2.9667129948359863,0.2543493831313173,spectral_norm_discarded_residual
matrix,27,up,0.8,1536,307,1229,3.2109635130075826,0.27529005677739904,spectral_norm_discarded_residual
matrix,27,up,0.85,1536,230,1306,3.3506234512684374,0.2872637189437894,spectral_norm_discarded_residual
matrix,27,up,0.9,1536,153,1383,3.5171298798122477,0.301539049068825,spectral_norm_discarded_residual
