plot_id,scenario_class,scenario,occupied_count,available_cpus,occupied_cpus,loads,workers,method,load_type,tokens,repeats,baseline_tok_s,selected_policy,selected_detail,major_p,major_cpus,selected_tok_s,speedup,ppl,ppl_delta,source
2c_01,8avail_2occupied,2c_plot_search_08,2,"60,61,62,63,64,65,66,67","60,61","75,100,0,0,0,0,0,0","1,1,0,0,0,0,0,0",matrixprod,standard_matrixprod,32,1,2.99748,major_only_no_svd,p=1;major=62,1,62,28.5988,9.540947729426051,15.1424,0.0,stage1
2c_02,8avail_2occupied,2c_plot_search_05,2,"60,61,62,63,64,65,66,67","60,61","40,100,0,0,0,0,0,0","1,1,0,0,0,0,0,0",matrixprod,standard_matrixprod,32,1,4.57141,major_only_no_svd,p=1;major=62,1,62,26.42,5.77939847880632,15.1424,0.0,stage1
2c_03,8avail_2occupied,2c_plot_search_06,2,"60,61,62,63,64,65,66,67","60,61","55,95,0,0,0,0,0,0","1,1,0,0,0,0,0,0",matrixprod,standard_matrixprod,32,1,19.1913,major_only_no_svd,p=1;major=62,1,62,24.6528,1.2845820762533025,15.1424,0.0,stage1
2c_04,8avail_2occupied,2c_extra_03,2,"60,61,62,63,64,65,66,67","60,61","50,100,0,0,0,0,0,0","1,2,0,0,0,0,0,0",matrixprod,heterogeneous_multiworker,32,1,9.66978,major_only_no_svd,"p=7;major=62,63,64,65,66,67,60",7,"62,63,64,65,66,67,60",39.5073,4.085646209117478,15.1424,0.0,2c_extra
2c_05,8avail_2occupied,2c_extra_05,2,"60,61,62,63,64,65,66,67","60,61","50,100,0,0,0,0,0,0","1,3,0,0,0,0,0,0",matrixprod,heterogeneous_multiworker,32,1,3.46437,major_only_no_svd,"p=7;major=62,63,64,65,66,67,60",7,"62,63,64,65,66,67,60",38.2326,11.03594592956295,15.1424,0.0,2c_extra
2c_06,8avail_2occupied,2c_extra_08,2,"60,61,62,63,64,65,66,67","60,61","70,100,0,0,0,0,0,0","1,2,0,0,0,0,0,0",int64,heterogeneous_multiworker,32,1,6.90546,major_only_no_svd,"p=7;major=62,63,64,65,66,67,60",7,"62,63,64,65,66,67,60",38.7024,5.60460852716546,15.1424,0.0,2c_extra
4c_01,8avail_4occupied,4c_plot_search_08,4,"60,61,62,63,64,65,66,67","60,61,62,63","30,70,80,100,0,0,0,0","1,1,1,1,0,0,0,0",matrixprod,standard_matrixprod,32,1,0.81084,major_only_no_svd,p=1;major=64,1,64,22.0322,27.172068472201666,15.1424,0.0,stage1
4c_02,8avail_4occupied,4c_plot_search_04,4,"60,61,62,63,64,65,66,67","60,61,62,63","60,70,80,90,0,0,0,0","1,1,1,1,0,0,0,0",matrixprod,standard_matrixprod,32,1,3.59866,major_only_no_svd,p=1;major=64,1,64,28.9737,8.05124685299528,15.1424,0.0,stage1
4c_03,8avail_4occupied,4c_plot_search_05,4,"60,61,62,63,64,65,66,67","60,61,62,63","20,60,90,100,0,0,0,0","1,1,1,1,0,0,0,0",matrixprod,standard_matrixprod,32,1,6.61435,major_only_no_svd,p=1;major=64,1,64,26.422,3.994648000181424,15.1424,0.0,stage1
4c_04,8avail_4occupied,4c_plot_search_06,4,"60,61,62,63,64,65,66,67","60,61,62,63","70,80,90,100,0,0,0,0","1,1,1,1,0,0,0,0",matrixprod,standard_matrixprod,32,1,12.7079,major_only_no_svd,p=1;major=64,1,64,26.1769,2.05989187828044,15.1424,0.0,stage1
4c_05,8avail_4occupied,4c_plot_search_03,4,"60,61,62,63,64,65,66,67","60,61,62,63","50,50,80,90,0,0,0,0","1,1,1,1,0,0,0,0",matrixprod,standard_matrixprod,32,1,21.0872,major_only_no_svd,p=1;major=64,1,64,27.2058,1.2901570621040253,15.1424,0.0,stage1
4c_06,8avail_4occupied,4c_plot_search_02,4,"60,61,62,63,64,65,66,67","60,61,62,63","40,60,80,100,0,0,0,0","1,1,1,1,0,0,0,0",matrixprod,standard_matrixprod,32,1,22.1425,major_only_no_svd,p=1;major=64,1,64,26.5455,1.198848368522073,15.1424,0.0,stage1
6c_01,8avail_6occupied,6c_plot_search_01,6,"60,61,62,63,64,65,66,67","60,61,62,63,64,65","30,40,60,70,90,100,0,0","1,1,1,1,1,1,0,0",matrixprod,standard_matrixprod,32,1,0.607428,major_only_no_svd,p=1;major=66,1,66,30.2334,49.77281258025643,15.1424,0.0,stage1
6c_02,8avail_6occupied,6c_plot_search_05,6,"60,61,62,63,64,65,66,67","60,61,62,63,64,65","20,50,80,90,100,100,0,0","1,1,1,1,1,1,0,0",matrixprod,standard_matrixprod,32,1,4.41556,major_only_no_svd,p=1;major=66,1,66,20.3341,4.605101051735227,15.1424,0.0,stage1
6c_03,8avail_6occupied,6c_plot_search_06,6,"60,61,62,63,64,65,66,67","60,61,62,63,64,65","70,80,80,90,90,100,0,0","1,1,1,1,1,1,0,0",matrixprod,standard_matrixprod,32,1,5.2315,major_only_no_svd,p=1;major=66,1,66,22.2706,4.2570199751505315,15.1424,0.0,stage1
6c_04,8avail_6occupied,6c_plot_search_08,6,"60,61,62,63,64,65,66,67","60,61,62,63,64,65","45,65,75,85,95,100,0,0","1,1,1,1,1,1,0,0",matrixprod,standard_matrixprod,32,1,6.49538,major_only_no_svd,p=1;major=66,1,66,21.2515,3.2717870240078333,15.1424,0.0,stage1
6c_05,8avail_6occupied,6c_plot_extra_07,6,"60,61,62,63,64,65,66,67","60,61,62,63,64,65","55,65,85,95,100,100,0,0","1,1,1,1,1,1,0,0",matrixprod,standard_matrixprod,32,1,3.68809,major_only_no_svd,p=1;major=66,1,66,16.7317,4.536684300003525,15.1424,0.0,6c_extra
6c_06,8avail_6occupied,6c_plot_extra_03,6,"60,61,62,63,64,65,66,67","60,61,62,63,64,65","30,50,80,90,100,100,0,0","1,1,1,1,1,1,0,0",matrixprod,standard_matrixprod,32,1,9.53568,major_only_no_svd,p=1;major=66,1,66,21.1675,2.2198207154602505,15.1424,0.0,6c_extra
8c_01,8avail_8occupied,8c_mw_07,8,"60,61,62,63,64,65,66,67","60,61,62,63,64,65,66,67","20,30,40,50,90,90,100,100","1,1,1,1,3,3,4,4",int64,heterogeneous_multiworker,32,1,0.793781,major_only_no_svd,"p=7;major=60,61,62,63,64,65,66",7,"60,61,62,63,64,65,66",32.7985,41.31933115053144,15.1424,0.0,8c_multiworker
8c_02,8avail_8occupied,8c_mw_08,8,"60,61,62,63,64,65,66,67","60,61,62,63,64,65,66,67","20,30,40,60,80,90,100,100","1,1,1,2,2,3,4,5",int64,heterogeneous_multiworker,32,1,6.70428,major_only_no_svd,"p=7;major=60,61,62,63,64,65,66",7,"60,61,62,63,64,65,66",33.1738,4.948152523462624,15.1424,0.0,8c_multiworker
8c_03,8avail_8occupied,8c_mw_01,8,"60,61,62,63,64,65,66,67","60,61,62,63,64,65,66,67","20,30,40,50,90,90,100,100","1,1,1,1,2,2,3,3",matrixprod,heterogeneous_multiworker,32,1,26.2608,major_only_no_svd,"p=7;major=60,61,62,63,64,65,66",7,"60,61,62,63,64,65,66",34.3179,1.3068109120818865,15.1424,0.0,8c_multiworker
8c_04,8avail_8occupied,8c_mw_05,8,"60,61,62,63,64,65,66,67","60,61,62,63,64,65,66,67","20,20,40,40,90,90,100,100","1,1,1,1,4,4,6,6",matrixprod,heterogeneous_multiworker,32,1,33.4586,major_only_no_svd,"p=7;major=60,61,62,63,64,65,66",7,"60,61,62,63,64,65,66",35.9256,1.0737329117177647,15.1424,0.0,8c_multiworker
8c_05,8avail_8occupied,8c_mw_06,8,"60,61,62,63,64,65,66,67","60,61,62,63,64,65,66,67","20,30,40,50,90,90,100,100","1,1,1,1,2,2,3,3",int64,heterogeneous_multiworker,32,1,32.672,major_only_no_svd,"p=7;major=60,61,62,63,64,65,66",7,"60,61,62,63,64,65,66",34.641,1.0602656709108718,15.1424,0.0,8c_multiworker
8c_06,8avail_8occupied,8c_adv_01,8,"60,61,62,63,64,65,66,67","60,61,62,63,64,65,66,67","20,20,30,30,90,90,100,100","1,1,1,1,2,2,2,2",matrixprod,heterogeneous_multiworker,32,1,26.9846,major_only_no_svd,"p=7;major=60,61,62,63,64,65,66",7,"60,61,62,63,64,65,66",28.4829,1.0555242619864664,15.1424,0.0,8c_adv_partial
