scenario,repeat,n_cores,cpus,loads,policy,status,schedule_mode,clipped_layers,decode_tok_s,generation_decode_ms,prefill_decode_ms,elapsed_s,succeed,top1_id,top1_piece,output_tail
8c_high,0,8,"60,61,62,63,64,65,66,67","30,40,50,60,70,80,90,100",baseline_no_svd,ok,,0,24.319,41.1201,256.448,0.975104808807373,True,11,",","llama_context: graph splits = 1
attach_threadpool: call
threads: decode=8 batch=8
prompt tokens: 4
running one forward pass (llama_decode) ...
Top-5 next-token candidates:
  id=11 logit=20.2053 piece="",""
  id=304 logit=18.9277 piece="" in""
  id=3837 logit=18.7558 piece=""，""
  id=1052 logit=18.5616 piece="" there""
  id=358 logit=17.8374 piece="" I""
Autoregressive generation:
Generated text: ,
Decode-only throughput: 24.319 tokens/s (1 tokens in 0.0411201 s of llama_decode)
End-to-end throughput: 24.1122 tokens/s (1 tokens in 0.0414729 s)
[decode-stage-profile] model_load=426.021 ms context_create=66.4611 ms tokenize=0.492761 ms prefill_decode=256.448 ms generation_decode=41.1201 ms generation_total=41.4729 ms program_total=808.189 ms
[svd-local-op-profile] up_ops=56 gate_ops=56 down_ops=56 up_total=33.746 ms gate_total=30.769 ms down_total=27.486 ms up_v=9.552 ms gate_v=5.518 ms down_v=18.437 ms up_u=24.185 ms gate_u=25.245 ms down_u=9.046 ms
[svd-local-stage-profile] attention_total=52.691 ms ffn_total=95.560 ms ffn_svd_total=92.001 ms ffn_svd_v=33.507 ms ffn_svd_u=58.476 ms
[svd-offload-zero-profile] up_finish=0 up_cache=0 up_no_request=27 gate_finish=0 gate_cache=0 gate_no_request=27 down_finish=0 down_cache=0 down_no_request=27 other_finish=0 other_cache=0 other_no_request=0
[svd-local-timeout-profile] up_keep=0 up_drop=0 up_wait=0.000 ms gate_keep=0 gate_drop=0 gate_wait=0.000 ms down_keep=0 down_drop=0 down_wait=0.000 ms other_keep=0 other_drop=0 other_wait=0.000 ms
[svd-offload-client] up_gate_req=0 down_req=0 other_mat_req=0 ffn_req=0 gate_cache_hits=0 gate_cache_checks=0 miss_invalid=0 miss_layer=0 miss_rank=0 miss_hash=0 miss_output=0 miss_data=0 send_up_gate=0.000 ms send_down=0.000 ms send_other=0.000 ms send_ffn=0.000 ms wait_up_gate=0.000 ms wait_down=0.000 ms wait_other=0.000 ms wait_ffn=0.000 ms
[svd-offload-client-stage-profile] rpc_send_total=0.000 ms rpc_wait_total=0.000 ms
[svd-offload-client-debug] finish_fail_up_gate=0 finish_fail_down=0 finish_fail_other=0 finish_fail_ffn=0 cache_take_fail_up=0 cache_take_fail_gate=0 recv_up_sum_abs=0.000000e+00 recv_up_max_abs=0.000000e+00 recv_up_zero=0 recv_gate_sum_abs=0.000000e+00 recv_gate_max_abs=0.000000e+00 recv_gate_zero=0 recv_down_sum_abs=0.000000e+00 recv_down_max_abs=0.000000e+00 recv_down_zero=0 recv_other_sum_abs=0.000000e+00 recv_other_max_abs=0.000000e+00 recv_other_zero=0 recv_ffn_sum_abs=0.000000e+00 recv_ffn_max_abs=0.000000e+00 recv_ffn_zero=0
SUCCEED (one forward pass done)"
8c_high,0,8,"60,61,62,63,64,65,66,67","30,40,50,60,70,80,90,100",model_schedule,ok,major_only_no_svd,0,21.1254,47.3364,393.962,1.057868242263794,True,11,",","llama_context: graph splits = 1
attach_threadpool: call
threads: decode=7 batch=7
prompt tokens: 4
running one forward pass (llama_decode) ...
Top-5 next-token candidates:
  id=11 logit=20.2053 piece="",""
  id=304 logit=18.9277 piece="" in""
  id=3837 logit=18.7558 piece=""，""
  id=1052 logit=18.5616 piece="" there""
  id=358 logit=17.8374 piece="" I""
Autoregressive generation:
Generated text: ,
Decode-only throughput: 21.1254 tokens/s (1 tokens in 0.0473364 s of llama_decode)
End-to-end throughput: 20.9607 tokens/s (1 tokens in 0.0477083 s)
[decode-stage-profile] model_load=410.208 ms context_create=51.6531 ms tokenize=0.482528 ms prefill_decode=393.962 ms generation_decode=47.3364 ms generation_total=47.7083 ms program_total=914.217 ms
[svd-local-op-profile] up_ops=56 gate_ops=56 down_ops=56 up_total=36.099 ms gate_total=34.452 ms down_total=26.241 ms up_v=5.679 ms gate_v=5.732 ms down_v=20.253 ms up_u=30.412 ms gate_u=28.715 ms down_u=5.982 ms
[svd-local-stage-profile] attention_total=66.563 ms ffn_total=98.282 ms ffn_svd_total=96.792 ms ffn_svd_v=31.664 ms ffn_svd_u=65.109 ms
[svd-offload-zero-profile] up_finish=0 up_cache=0 up_no_request=27 gate_finish=0 gate_cache=0 gate_no_request=27 down_finish=0 down_cache=0 down_no_request=27 other_finish=0 other_cache=0 other_no_request=0
[svd-local-timeout-profile] up_keep=0 up_drop=0 up_wait=0.000 ms gate_keep=0 gate_drop=0 gate_wait=0.000 ms down_keep=0 down_drop=0 down_wait=0.000 ms other_keep=0 other_drop=0 other_wait=0.000 ms
[svd-offload-client] up_gate_req=0 down_req=0 other_mat_req=0 ffn_req=0 gate_cache_hits=0 gate_cache_checks=0 miss_invalid=0 miss_layer=0 miss_rank=0 miss_hash=0 miss_output=0 miss_data=0 send_up_gate=0.000 ms send_down=0.000 ms send_other=0.000 ms send_ffn=0.000 ms wait_up_gate=0.000 ms wait_down=0.000 ms wait_other=0.000 ms wait_ffn=0.000 ms
[svd-offload-client-stage-profile] rpc_send_total=0.000 ms rpc_wait_total=0.000 ms
[svd-offload-client-debug] finish_fail_up_gate=0 finish_fail_down=0 finish_fail_other=0 finish_fail_ffn=0 cache_take_fail_up=0 cache_take_fail_gate=0 recv_up_sum_abs=0.000000e+00 recv_up_max_abs=0.000000e+00 recv_up_zero=0 recv_gate_sum_abs=0.000000e+00 recv_gate_max_abs=0.000000e+00 recv_gate_zero=0 recv_down_sum_abs=0.000000e+00 recv_down_max_abs=0.000000e+00 recv_down_zero=0 recv_other_sum_abs=0.000000e+00 recv_other_max_abs=0.000000e+00 recv_other_zero=0 recv_ffn_sum_abs=0.000000e+00 recv_ffn_max_abs=0.000000e+00 recv_ffn_zero=0
SUCCEED (one forward pass done)"
8c_high,1,8,"60,61,62,63,64,65,66,67","30,40,50,60,70,80,90,100",baseline_no_svd,ok,,0,20.2877,49.291,7544.87,8.278871059417725,True,11,",","llama_context: graph splits = 1
attach_threadpool: call
threads: decode=8 batch=8
prompt tokens: 4
running one forward pass (llama_decode) ...
Top-5 next-token candidates:
  id=11 logit=20.2053 piece="",""
  id=304 logit=18.9277 piece="" in""
  id=3837 logit=18.7558 piece=""，""
  id=1052 logit=18.5616 piece="" there""
  id=358 logit=17.8374 piece="" I""
Autoregressive generation:
Generated text: ,
Decode-only throughput: 20.2877 tokens/s (1 tokens in 0.049291 s of llama_decode)
End-to-end throughput: 20.1472 tokens/s (1 tokens in 0.0496347 s)
[decode-stage-profile] model_load=436.284 ms context_create=67.7345 ms tokenize=0.530753 ms prefill_decode=7544.87 ms generation_decode=49.291 ms generation_total=49.6347 ms program_total=8116.44 ms
[svd-local-op-profile] up_ops=56 gate_ops=56 down_ops=56 up_total=425.173 ms gate_total=427.286 ms down_total=397.602 ms up_v=138.989 ms gate_v=144.146 ms down_v=143.027 ms up_u=286.181 ms gate_u=283.136 ms down_u=254.567 ms
[svd-local-stage-profile] attention_total=1002.749 ms ffn_total=1909.409 ms ffn_svd_total=1250.061 ms ffn_svd_v=426.162 ms ffn_svd_u=823.884 ms
[svd-offload-zero-profile] up_finish=0 up_cache=0 up_no_request=27 gate_finish=0 gate_cache=0 gate_no_request=27 down_finish=0 down_cache=0 down_no_request=27 other_finish=0 other_cache=0 other_no_request=0
[svd-local-timeout-profile] up_keep=0 up_drop=0 up_wait=0.000 ms gate_keep=0 gate_drop=0 gate_wait=0.000 ms down_keep=0 down_drop=0 down_wait=0.000 ms other_keep=0 other_drop=0 other_wait=0.000 ms
[svd-offload-client] up_gate_req=0 down_req=0 other_mat_req=0 ffn_req=0 gate_cache_hits=0 gate_cache_checks=0 miss_invalid=0 miss_layer=0 miss_rank=0 miss_hash=0 miss_output=0 miss_data=0 send_up_gate=0.000 ms send_down=0.000 ms send_other=0.000 ms send_ffn=0.000 ms wait_up_gate=0.000 ms wait_down=0.000 ms wait_other=0.000 ms wait_ffn=0.000 ms
[svd-offload-client-stage-profile] rpc_send_total=0.000 ms rpc_wait_total=0.000 ms
[svd-offload-client-debug] finish_fail_up_gate=0 finish_fail_down=0 finish_fail_other=0 finish_fail_ffn=0 cache_take_fail_up=0 cache_take_fail_gate=0 recv_up_sum_abs=0.000000e+00 recv_up_max_abs=0.000000e+00 recv_up_zero=0 recv_gate_sum_abs=0.000000e+00 recv_gate_max_abs=0.000000e+00 recv_gate_zero=0 recv_down_sum_abs=0.000000e+00 recv_down_max_abs=0.000000e+00 recv_down_zero=0 recv_other_sum_abs=0.000000e+00 recv_other_max_abs=0.000000e+00 recv_other_zero=0 recv_ffn_sum_abs=0.000000e+00 recv_ffn_max_abs=0.000000e+00 recv_ffn_zero=0
SUCCEED (one forward pass done)"
8c_high,1,8,"60,61,62,63,64,65,66,67","30,40,50,60,70,80,90,100",model_schedule,ok,major_only_no_svd,0,22.5151,44.4146,277.64,0.9471139907836914,True,11,",","llama_context: graph splits = 1
attach_threadpool: call
threads: decode=7 batch=7
prompt tokens: 4
running one forward pass (llama_decode) ...
Top-5 next-token candidates:
  id=11 logit=20.2053 piece="",""
  id=304 logit=18.9277 piece="" in""
  id=3837 logit=18.7558 piece=""，""
  id=1052 logit=18.5616 piece="" there""
  id=358 logit=17.8374 piece="" I""
Autoregressive generation:
Generated text: ,
Decode-only throughput: 22.5151 tokens/s (1 tokens in 0.0444146 s of llama_decode)
End-to-end throughput: 22.3304 tokens/s (1 tokens in 0.0447819 s)
[decode-stage-profile] model_load=399.61 ms context_create=65.0686 ms tokenize=0.480231 ms prefill_decode=277.64 ms generation_decode=44.4146 ms generation_total=44.7819 ms program_total=803.496 ms
[svd-local-op-profile] up_ops=56 gate_ops=56 down_ops=56 up_total=35.351 ms gate_total=36.334 ms down_total=30.380 ms up_v=5.651 ms gate_v=5.464 ms down_v=24.452 ms up_u=29.694 ms gate_u=30.864 ms down_u=5.922 ms
[svd-local-stage-profile] attention_total=55.090 ms ffn_total=103.506 ms ffn_svd_total=102.065 ms ffn_svd_v=35.567 ms ffn_svd_u=66.480 ms
[svd-offload-zero-profile] up_finish=0 up_cache=0 up_no_request=27 gate_finish=0 gate_cache=0 gate_no_request=27 down_finish=0 down_cache=0 down_no_request=27 other_finish=0 other_cache=0 other_no_request=0
[svd-local-timeout-profile] up_keep=0 up_drop=0 up_wait=0.000 ms gate_keep=0 gate_drop=0 gate_wait=0.000 ms down_keep=0 down_drop=0 down_wait=0.000 ms other_keep=0 other_drop=0 other_wait=0.000 ms
[svd-offload-client] up_gate_req=0 down_req=0 other_mat_req=0 ffn_req=0 gate_cache_hits=0 gate_cache_checks=0 miss_invalid=0 miss_layer=0 miss_rank=0 miss_hash=0 miss_output=0 miss_data=0 send_up_gate=0.000 ms send_down=0.000 ms send_other=0.000 ms send_ffn=0.000 ms wait_up_gate=0.000 ms wait_down=0.000 ms wait_other=0.000 ms wait_ffn=0.000 ms
[svd-offload-client-stage-profile] rpc_send_total=0.000 ms rpc_wait_total=0.000 ms
[svd-offload-client-debug] finish_fail_up_gate=0 finish_fail_down=0 finish_fail_other=0 finish_fail_ffn=0 cache_take_fail_up=0 cache_take_fail_gate=0 recv_up_sum_abs=0.000000e+00 recv_up_max_abs=0.000000e+00 recv_up_zero=0 recv_gate_sum_abs=0.000000e+00 recv_gate_max_abs=0.000000e+00 recv_gate_zero=0 recv_down_sum_abs=0.000000e+00 recv_down_max_abs=0.000000e+00 recv_down_zero=0 recv_other_sum_abs=0.000000e+00 recv_other_max_abs=0.000000e+00 recv_other_zero=0 recv_ffn_sum_abs=0.000000e+00 recv_ffn_max_abs=0.000000e+00 recv_ffn_zero=0
SUCCEED (one forward pass done)"
8c_high,2,8,"60,61,62,63,64,65,66,67","30,40,50,60,70,80,90,100",baseline_no_svd,ok,,0,20.6812,48.3532,2454.12,3.280491590499878,True,11,",","llama_context: graph splits = 1
attach_threadpool: call
threads: decode=8 batch=8
prompt tokens: 4
running one forward pass (llama_decode) ...
Top-5 next-token candidates:
  id=11 logit=20.2053 piece="",""
  id=304 logit=18.9277 piece="" in""
  id=3837 logit=18.7558 piece=""，""
  id=1052 logit=18.5616 piece="" there""
  id=358 logit=17.8374 piece="" I""
Autoregressive generation:
Generated text: ,
Decode-only throughput: 20.6812 tokens/s (1 tokens in 0.0483532 s of llama_decode)
End-to-end throughput: 20.5149 tokens/s (1 tokens in 0.0487452 s)
[decode-stage-profile] model_load=497.195 ms context_create=62.8951 ms tokenize=0.496833 ms prefill_decode=2454.12 ms generation_decode=48.3532 ms generation_total=48.7452 ms program_total=3081.17 ms
[svd-local-op-profile] up_ops=56 gate_ops=56 down_ops=56 up_total=138.880 ms gate_total=148.455 ms down_total=137.644 ms up_v=41.352 ms gate_v=43.357 ms down_v=59.911 ms up_u=97.524 ms gate_u=105.090 ms down_u=77.727 ms
[svd-local-stage-profile] attention_total=351.160 ms ffn_total=610.313 ms ffn_svd_total=424.979 ms ffn_svd_v=144.620 ms ffn_svd_u=280.341 ms
[svd-offload-zero-profile] up_finish=0 up_cache=0 up_no_request=27 gate_finish=0 gate_cache=0 gate_no_request=27 down_finish=0 down_cache=0 down_no_request=27 other_finish=0 other_cache=0 other_no_request=0
[svd-local-timeout-profile] up_keep=0 up_drop=0 up_wait=0.000 ms gate_keep=0 gate_drop=0 gate_wait=0.000 ms down_keep=0 down_drop=0 down_wait=0.000 ms other_keep=0 other_drop=0 other_wait=0.000 ms
[svd-offload-client] up_gate_req=0 down_req=0 other_mat_req=0 ffn_req=0 gate_cache_hits=0 gate_cache_checks=0 miss_invalid=0 miss_layer=0 miss_rank=0 miss_hash=0 miss_output=0 miss_data=0 send_up_gate=0.000 ms send_down=0.000 ms send_other=0.000 ms send_ffn=0.000 ms wait_up_gate=0.000 ms wait_down=0.000 ms wait_other=0.000 ms wait_ffn=0.000 ms
[svd-offload-client-stage-profile] rpc_send_total=0.000 ms rpc_wait_total=0.000 ms
[svd-offload-client-debug] finish_fail_up_gate=0 finish_fail_down=0 finish_fail_other=0 finish_fail_ffn=0 cache_take_fail_up=0 cache_take_fail_gate=0 recv_up_sum_abs=0.000000e+00 recv_up_max_abs=0.000000e+00 recv_up_zero=0 recv_gate_sum_abs=0.000000e+00 recv_gate_max_abs=0.000000e+00 recv_gate_zero=0 recv_down_sum_abs=0.000000e+00 recv_down_max_abs=0.000000e+00 recv_down_zero=0 recv_other_sum_abs=0.000000e+00 recv_other_max_abs=0.000000e+00 recv_other_zero=0 recv_ffn_sum_abs=0.000000e+00 recv_ffn_max_abs=0.000000e+00 recv_ffn_zero=0
SUCCEED (one forward pass done)"
8c_high,2,8,"60,61,62,63,64,65,66,67","30,40,50,60,70,80,90,100",model_schedule,ok,major_only_no_svd,0,24.9532,40.075,394.97,1.0830612182617188,True,11,",","llama_context: graph splits = 1
attach_threadpool: call
threads: decode=7 batch=7
prompt tokens: 4
running one forward pass (llama_decode) ...
Top-5 next-token candidates:
  id=11 logit=20.2053 piece="",""
  id=304 logit=18.9277 piece="" in""
  id=3837 logit=18.7558 piece=""，""
  id=1052 logit=18.5616 piece="" there""
  id=358 logit=17.8374 piece="" I""
Autoregressive generation:
Generated text: ,
Decode-only throughput: 24.9532 tokens/s (1 tokens in 0.040075 s of llama_decode)
End-to-end throughput: 24.7321 tokens/s (1 tokens in 0.0404333 s)
[decode-stage-profile] model_load=417.825 ms context_create=70.3278 ms tokenize=0.521367 ms prefill_decode=394.97 ms generation_decode=40.075 ms generation_total=40.4333 ms program_total=940.353 ms
[svd-local-op-profile] up_ops=56 gate_ops=56 down_ops=56 up_total=42.157 ms gate_total=33.363 ms down_total=26.133 ms up_v=5.765 ms gate_v=5.914 ms down_v=20.112 ms up_u=36.386 ms gate_u=27.444 ms down_u=6.014 ms
[svd-local-stage-profile] attention_total=51.510 ms ffn_total=103.168 ms ffn_svd_total=101.653 ms ffn_svd_v=31.791 ms ffn_svd_u=69.844 ms
[svd-offload-zero-profile] up_finish=0 up_cache=0 up_no_request=27 gate_finish=0 gate_cache=0 gate_no_request=27 down_finish=0 down_cache=0 down_no_request=27 other_finish=0 other_cache=0 other_no_request=0
[svd-local-timeout-profile] up_keep=0 up_drop=0 up_wait=0.000 ms gate_keep=0 gate_drop=0 gate_wait=0.000 ms down_keep=0 down_drop=0 down_wait=0.000 ms other_keep=0 other_drop=0 other_wait=0.000 ms
[svd-offload-client] up_gate_req=0 down_req=0 other_mat_req=0 ffn_req=0 gate_cache_hits=0 gate_cache_checks=0 miss_invalid=0 miss_layer=0 miss_rank=0 miss_hash=0 miss_output=0 miss_data=0 send_up_gate=0.000 ms send_down=0.000 ms send_other=0.000 ms send_ffn=0.000 ms wait_up_gate=0.000 ms wait_down=0.000 ms wait_other=0.000 ms wait_ffn=0.000 ms
[svd-offload-client-stage-profile] rpc_send_total=0.000 ms rpc_wait_total=0.000 ms
[svd-offload-client-debug] finish_fail_up_gate=0 finish_fail_down=0 finish_fail_other=0 finish_fail_ffn=0 cache_take_fail_up=0 cache_take_fail_gate=0 recv_up_sum_abs=0.000000e+00 recv_up_max_abs=0.000000e+00 recv_up_zero=0 recv_gate_sum_abs=0.000000e+00 recv_gate_max_abs=0.000000e+00 recv_gate_zero=0 recv_down_sum_abs=0.000000e+00 recv_down_max_abs=0.000000e+00 recv_down_zero=0 recv_other_sum_abs=0.000000e+00 recv_other_max_abs=0.000000e+00 recv_other_zero=0 recv_ffn_sum_abs=0.000000e+00 recv_ffn_max_abs=0.000000e+00 recv_ffn_zero=0
SUCCEED (one forward pass done)"
